kode_produk,minggu_mulai,tahun,kuartal,bulan,minggu_ke,status_periode,split,y,y_model,y_log1p,is_outlier,dicap,outlier_saat_bazaar,batas_atas_outlier,pendapatan,n_transaksi,n_hari_jual,ada_bazaar,ada_mini_bazaar,stok_masuk,n_batch_stok
BLB,2024-01-01,2024,1,1,1,sebelum_produk_dijual,train,,,,0,0,0,21.62741699796951,,,,1,0,,
BLB,2024-01-08,2024,1,1,2,sebelum_produk_dijual,train,,,,0,0,0,21.62741699796951,,,,1,0,,
BLB,2024-01-15,2024,1,1,3,sebelum_produk_dijual,train,,,,0,0,0,21.62741699796951,,,,0,0,,
BLB,2024-01-22,2024,1,1,4,operasional,train,6.0,6.0,1.9459101490553132,0,0,0,21.62741699796951,60000.0,1.0,1.0,0,0,58.0,1.0
BLB,2024-01-29,2024,1,1,5,operasional,train,0.0,0.0,0.0,0,0,0,21.62741699796951,0.0,0.0,0.0,0,0,0.0,0.0
BLB,2024-02-05,2024,1,2,6,operasional,train,0.0,0.0,0.0,0,0,0,21.62741699796951,0.0,0.0,0.0,1,0,0.0,0.0
BLB,2024-02-12,2024,1,2,7,operasional,train,0.0,0.0,0.0,0,0,0,21.62741699796951,0.0,0.0,0.0,1,0,0.0,0.0
BLB,2024-02-19,2024,1,2,8,operasional,train,0.0,0.0,0.0,0,0,0,21.62741699796951,0.0,0.0,0.0,0,0,0.0,0.0
BLB,2024-02-26,2024,1,2,9,operasional,train,11.0,11.0,2.4849066497880004,0,0,0,21.62741699796951,110000.0,1.0,1.0,1,0,0.0,0.0
BLB,2024-03-04,2024,1,3,10,operasional,train,0.0,0.0,0.0,0,0,0,21.62741699796951,0.0,0.0,0.0,0,0,0.0,0.0
BLB,2024-03-11,2024,1,3,11,operasional,train,0.0,0.0,0.0,0,0,0,21.62741699796951,0.0,0.0,0.0,1,0,0.0,0.0
BLB,2024-03-18,2024,1,3,12,operasional,train,0.0,0.0,0.0,0,0,0,21.62741699796951,0.0,0.0,0.0,1,0,0.0,0.0
BLB,2024-03-25,2024,1,3,13,operasional,train,0.0,0.0,0.0,0,0,0,21.62741699796951,0.0,0.0,0.0,0,1,0.0,0.0
BLB,2024-04-01,2024,2,4,14,operasional,train,7.0,7.0,2.0794415416798357,0,0,0,21.62741699796951,70000.0,1.0,1.0,1,0,0.0,0.0
BLB,2024-04-08,2024,2,4,15,operasional,train,0.0,0.0,0.0,0,0,0,21.62741699796951,0.0,0.0,0.0,0,0,0.0,0.0
BLB,2024-04-15,2024,2,4,16,operasional,train,0.0,0.0,0.0,0,0,0,21.62741699796951,0.0,0.0,0.0,1,0,0.0,0.0
BLB,2024-04-22,2024,2,4,17,operasional,train,0.0,0.0,0.0,0,0,0,21.62741699796951,0.0,0.0,0.0,1,0,0.0,0.0
BLB,2024-04-29,2024,2,4,18,operasional,train,0.0,0.0,0.0,0,0,0,21.62741699796951,0.0,0.0,0.0,0,1,0.0,0.0
BLB,2024-05-06,2024,2,5,19,operasional,train,3.0,3.0,1.3862943611198906,0,0,0,21.62741699796951,30000.0,1.0,1.0,1,0,0.0,0.0
BLB,2024-05-13,2024,2,5,20,operasional,train,0.0,0.0,0.0,0,0,0,21.62741699796951,0.0,0.0,0.0,0,0,0.0,0.0
BLB,2024-05-20,2024,2,5,21,operasional,train,0.0,0.0,0.0,0,0,0,21.62741699796951,0.0,0.0,0.0,0,1,0.0,0.0
BLB,2024-05-27,2024,2,5,22,operasional,train,0.0,0.0,0.0,0,0,0,21.62741699796951,0.0,0.0,0.0,0,0,0.0,0.0
BLB,2024-06-03,2024,2,6,23,operasional,train,0.0,0.0,0.0,0,0,0,21.62741699796951,0.0,0.0,0.0,0,1,0.0,0.0
BLB,2024-06-10,2024,2,6,24,operasional,train,0.0,0.0,0.0,0,0,0,21.62741699796951,0.0,0.0,0.0,0,1,0.0,0.0
BLB,2024-06-17,2024,2,6,25,operasional,train,0.0,0.0,0.0,0,0,0,21.62741699796951,0.0,0.0,0.0,1,1,0.0,0.0
BLB,2024-06-24,2024,2,6,26,operasional,train,0.0,0.0,0.0,0,0,0,21.62741699796951,0.0,0.0,0.0,1,1,0.0,0.0
BLB,2024-07-01,2024,3,7,27,operasional,train,0.0,0.0,0.0,0,0,0,21.62741699796951,0.0,0.0,0.0,0,1,0.0,0.0
BLB,2024-07-08,2024,3,7,28,operasional,train,0.0,0.0,0.0,0,0,0,21.62741699796951,0.0,0.0,0.0,0,0,0.0,0.0
BLB,2024-07-15,2024,3,7,29,operasional,train,0.0,0.0,0.0,0,0,0,21.62741699796951,0.0,0.0,0.0,0,1,0.0,0.0
BLB,2024-07-22,2024,3,7,30,operasional,train,0.0,0.0,0.0,0,0,0,21.62741699796951,0.0,0.0,0.0,0,0,0.0,0.0
BLB,2024-07-29,2024,3,7,31,operasional,train,11.0,11.0,2.4849066497880004,0,0,0,21.62741699796951,110000.0,1.0,1.0,1,0,27.0,1.0
BLB,2024-08-05,2024,3,8,32,operasional,train,0.0,0.0,0.0,0,0,0,21.62741699796951,0.0,0.0,0.0,0,0,0.0,0.0
BLB,2024-08-12,2024,3,8,33,operasional,train,0.0,0.0,0.0,0,0,0,21.62741699796951,0.0,0.0,0.0,1,0,0.0,0.0
BLB,2024-08-19,2024,3,8,34,operasional,train,0.0,0.0,0.0,0,0,0,21.62741699796951,0.0,0.0,0.0,1,0,0.0,0.0
BLB,2024-08-26,2024,3,8,35,operasional,train,0.0,0.0,0.0,0,0,0,21.62741699796951,0.0,0.0,0.0,0,1,0.0,0.0
BLB,2024-09-02,2024,3,9,36,operasional,train,7.0,7.0,2.0794415416798357,0,0,0,21.62741699796951,70000.0,1.0,1.0,1,0,0.0,0.0
BLB,2024-09-09,2024,3,9,37,operasional,train,0.0,0.0,0.0,0,0,0,21.62741699796951,0.0,0.0,0.0,0,0,0.0,0.0
BLB,2024-09-16,2024,3,9,38,operasional,train,0.0,0.0,0.0,0,0,0,21.62741699796951,0.0,0.0,0.0,1,0,0.0,0.0
BLB,2024-09-23,2024,3,9,39,operasional,train,0.0,0.0,0.0,0,0,0,21.62741699796951,0.0,0.0,0.0,1,0,0.0,0.0
BLB,2024-09-30,2024,3,9,40,operasional,train,0.0,0.0,0.0,0,0,0,21.62741699796951,0.0,0.0,0.0,0,1,0.0,0.0
BLB,2024-10-07,2024,4,10,41,operasional,train,3.0,3.0,1.3862943611198906,0,0,0,21.62741699796951,30000.0,1.0,1.0,1,0,0.0,0.0
BLB,2024-10-14,2024,4,10,42,operasional,train,0.0,0.0,0.0,0,0,0,21.62741699796951,0.0,0.0,0.0,0,0,0.0,0.0
BLB,2024-10-21,2024,4,10,43,tidak_tercatat,train,,,,0,0,0,21.62741699796951,,,,0,0,,
BLB,2024-10-28,2024,4,10,44,tidak_tercatat,train,,,,0,0,0,21.62741699796951,,,,0,0,,
BLB,2024-11-04,2024,4,11,45,tidak_tercatat,train,,,,0,0,0,21.62741699796951,,,,0,0,,
BLB,2024-11-11,2024,4,11,46,tidak_tercatat,train,,,,0,0,0,21.62741699796951,,,,0,0,,
BLB,2024-11-18,2024,4,11,47,tidak_tercatat,train,,,,0,0,0,21.62741699796951,,,,0,0,,
BLB,2024-11-25,2024,4,11,48,tidak_tercatat,train,,,,0,0,0,21.62741699796951,,,,0,0,,
BLB,2024-12-02,2024,4,12,49,tidak_tercatat,train,,,,0,0,0,21.62741699796951,,,,0,0,,
BLB,2024-12-09,2024,4,12,50,tidak_tercatat,train,,,,0,0,0,21.62741699796951,,,,0,0,,
BLB,2024-12-16,2024,4,12,51,tidak_tercatat,train,,,,0,0,0,21.62741699796951,,,,0,0,,
BLB,2024-12-23,2024,4,12,52,tidak_tercatat,train,,,,0,0,0,21.62741699796951,,,,0,0,,
BLB,2024-12-30,2024,4,12,1,tidak_tercatat,train,,,,0,0,0,21.62741699796951,,,,0,0,,
BLB,2025-01-06,2025,1,1,2,tidak_tercatat,train,,,,0,0,0,21.62741699796951,,,,0,0,,
BLB,2025-01-13,2025,1,1,3,tidak_tercatat,train,,,,0,0,0,21.62741699796951,,,,0,0,,
BLB,2025-01-20,2025,1,1,4,tidak_tercatat,train,,,,0,0,0,21.62741699796951,,,,0,0,,
BLB,2025-01-27,2025,1,1,5,operasional,train,0.0,0.0,0.0,0,0,0,21.62741699796951,0.0,0.0,0.0,0,0,0.0,0.0
BLB,2025-02-03,2025,1,2,6,operasional,train,0.0,0.0,0.0,0,0,0,21.62741699796951,0.0,0.0,0.0,0,0,0.0,0.0
BLB,2025-02-10,2025,1,2,7,operasional,train,0.0,0.0,0.0,0,0,0,21.62741699796951,0.0,0.0,0.0,0,0,0.0,0.0
BLB,2025-02-17,2025,1,2,8,operasional,train,0.0,0.0,0.0,0,0,0,21.62741699796951,0.0,0.0,0.0,0,0,0.0,0.0
BLB,2025-02-24,2025,1,2,9,operasional,train,0.0,0.0,0.0,0,0,0,21.62741699796951,0.0,0.0,0.0,0,0,0.0,0.0
BLB,2025-03-03,2025,1,3,10,tidak_tercatat,train,,,,0,0,0,21.62741699796951,,,,0,0,,
BLB,2025-03-10,2025,1,3,11,tidak_tercatat,train,,,,0,0,0,21.62741699796951,,,,0,0,,
BLB,2025-03-17,2025,1,3,12,tidak_tercatat,train,,,,0,0,0,21.62741699796951,,,,0,0,,
BLB,2025-03-24,2025,1,3,13,tidak_tercatat,train,,,,0,0,0,21.62741699796951,,,,0,0,,
BLB,2025-03-31,2025,1,3,14,tidak_tercatat,train,,,,0,0,0,21.62741699796951,,,,0,0,,
BLB,2025-04-07,2025,2,4,15,tidak_tercatat,train,,,,0,0,0,21.62741699796951,,,,0,0,,
BLB,2025-04-14,2025,2,4,16,operasional,train,0.0,0.0,0.0,0,0,0,21.62741699796951,0.0,0.0,0.0,0,0,0.0,0.0
BLB,2025-04-21,2025,2,4,17,operasional,train,0.0,0.0,0.0,0,0,0,21.62741699796951,0.0,0.0,0.0,0,0,0.0,0.0
BLB,2025-04-28,2025,2,4,18,operasional,train,0.0,0.0,0.0,0,0,0,21.62741699796951,0.0,0.0,0.0,0,0,0.0,0.0
BLB,2025-05-05,2025,2,5,19,operasional,train,0.0,0.0,0.0,0,0,0,21.62741699796951,0.0,0.0,0.0,0,0,0.0,0.0
BLB,2025-05-12,2025,2,5,20,operasional,train,0.0,0.0,0.0,0,0,0,21.62741699796951,0.0,0.0,0.0,0,0,0.0,0.0
BLB,2025-05-19,2025,2,5,21,operasional,train,0.0,0.0,0.0,0,0,0,21.62741699796951,0.0,0.0,0.0,0,0,0.0,0.0
BLB,2025-05-26,2025,2,5,22,operasional,train,0.0,0.0,0.0,0,0,0,21.62741699796951,0.0,0.0,0.0,0,0,0.0,0.0
BLB,2025-06-02,2025,2,6,23,operasional,train,0.0,0.0,0.0,0,0,0,21.62741699796951,0.0,0.0,0.0,0,0,0.0,0.0
BLB,2025-06-09,2025,2,6,24,operasional,train,0.0,0.0,0.0,0,0,0,21.62741699796951,0.0,0.0,0.0,1,1,0.0,0.0
BLB,2025-06-16,2025,2,6,25,operasional,train,0.0,0.0,0.0,0,0,0,21.62741699796951,0.0,0.0,0.0,0,0,0.0,0.0
BLB,2025-06-23,2025,2,6,26,operasional,train,0.0,0.0,0.0,0,0,0,21.62741699796951,0.0,0.0,0.0,1,1,0.0,0.0
BLB,2025-06-30,2025,2,6,27,operasional,train,0.0,0.0,0.0,0,0,0,21.62741699796951,0.0,0.0,0.0,0,0,0.0,0.0
BLB,2025-07-07,2025,3,7,28,operasional,train,0.0,0.0,0.0,0,0,0,21.62741699796951,0.0,0.0,0.0,0,0,0.0,0.0
BLB,2025-07-14,2025,3,7,29,operasional,train,0.0,0.0,0.0,0,0,0,21.62741699796951,0.0,0.0,0.0,0,0,0.0,0.0
BLB,2025-07-21,2025,3,7,30,operasional,train,0.0,0.0,0.0,0,0,0,21.62741699796951,0.0,0.0,0.0,0,0,0.0,0.0
BLB,2025-07-28,2025,3,7,31,operasional,train,0.0,0.0,0.0,0,0,0,21.62741699796951,0.0,0.0,0.0,0,0,0.0,0.0
BLB,2025-08-04,2025,3,8,32,operasional,train,0.0,0.0,0.0,0,0,0,21.62741699796951,0.0,0.0,0.0,0,0,0.0,0.0
BLB,2025-08-11,2025,3,8,33,operasional,train,0.0,0.0,0.0,0,0,0,21.62741699796951,0.0,0.0,0.0,1,0,0.0,0.0
BLB,2025-08-18,2025,3,8,34,operasional,train,0.0,0.0,0.0,0,0,0,21.62741699796951,0.0,0.0,0.0,0,0,0.0,0.0
BLB,2025-08-25,2025,3,8,35,operasional,train,0.0,0.0,0.0,0,0,0,21.62741699796951,0.0,0.0,0.0,0,0,0.0,0.0
BLB,2025-09-01,2025,3,9,36,operasional,train,0.0,0.0,0.0,0,0,0,21.62741699796951,0.0,0.0,0.0,0,0,0.0,0.0
BLB,2025-09-08,2025,3,9,37,operasional,train,0.0,0.0,0.0,0,0,0,21.62741699796951,0.0,0.0,0.0,0,0,0.0,0.0
BLB,2025-09-15,2025,3,9,38,operasional,train,0.0,0.0,0.0,0,0,0,21.62741699796951,0.0,0.0,0.0,0,0,0.0,0.0
BLB,2025-09-22,2025,3,9,39,operasional,train,1.0,1.0,0.6931471805599453,0,0,0,21.62741699796951,10000.0,1.0,1.0,0,1,24.0,1.0
BLB,2025-09-29,2025,3,9,40,operasional,train,0.0,0.0,0.0,0,0,0,21.62741699796951,0.0,0.0,0.0,0,0,0.0,0.0
BLB,2025-10-06,2025,4,10,41,operasional,train,0.0,0.0,0.0,0,0,0,21.62741699796951,0.0,0.0,0.0,0,0,0.0,0.0
BLB,2025-10-13,2025,4,10,42,operasional,train,0.0,0.0,0.0,0,0,0,21.62741699796951,0.0,0.0,0.0,0,0,0.0,0.0
BLB,2025-10-20,2025,4,10,43,operasional,train,0.0,0.0,0.0,0,0,0,21.62741699796951,0.0,0.0,0.0,0,0,0.0,0.0
BLB,2025-10-27,2025,4,10,44,operasional,train,0.0,0.0,0.0,0,0,0,21.62741699796951,0.0,0.0,0.0,0,0,0.0,0.0
BLB,2025-11-03,2025,4,11,45,operasional,train,0.0,0.0,0.0,0,0,0,21.62741699796951,0.0,0.0,0.0,0,0,0.0,0.0
BLB,2025-11-10,2025,4,11,46,operasional,train,0.0,0.0,0.0,0,0,0,21.62741699796951,0.0,0.0,0.0,0,0,0.0,0.0
BLB,2025-11-17,2025,4,11,47,operasional,train,0.0,0.0,0.0,0,0,0,21.62741699796951,0.0,0.0,0.0,0,0,0.0,0.0
BLB,2025-11-24,2025,4,11,48,operasional,train,0.0,0.0,0.0,0,0,0,21.62741699796951,0.0,0.0,0.0,0,0,0.0,0.0
BLB,2025-12-01,2025,4,12,49,operasional,train,1.0,1.0,0.6931471805599453,0,0,0,21.62741699796951,10000.0,1.0,1.0,1,0,16.3,1.0
BLB,2025-12-08,2025,4,12,50,operasional,train,0.0,0.0,0.0,0,0,0,21.62741699796951,0.0,0.0,0.0,0,0,0.0,0.0
BLB,2025-12-15,2025,4,12,51,operasional,train,0.0,0.0,0.0,0,0,0,21.62741699796951,0.0,0.0,0.0,0,0,0.0,0.0
BLB,2025-12-22,2025,4,12,52,operasional,train,0.0,0.0,0.0,0,0,0,21.62741699796951,0.0,0.0,0.0,0,0,0.0,0.0
BLB,2025-12-29,2025,4,12,1,operasional,train,0.0,0.0,0.0,0,0,0,21.62741699796951,0.0,0.0,0.0,0,0,0.0,0.0
BLB,2026-01-05,2026,1,1,2,operasional,train,0.0,0.0,0.0,0,0,0,21.62741699796951,0.0,0.0,0.0,0,0,0.0,0.0
BLB,2026-01-12,2026,1,1,3,operasional,train,0.0,0.0,0.0,0,0,0,21.62741699796951,0.0,0.0,0.0,0,0,0.0,0.0
BLB,2026-01-19,2026,1,1,4,operasional,train,0.0,0.0,0.0,0,0,0,21.62741699796951,0.0,0.0,0.0,0,0,0.0,0.0
BLB,2026-01-26,2026,1,1,5,operasional,train,0.0,0.0,0.0,0,0,0,21.62741699796951,0.0,0.0,0.0,0,0,0.0,0.0
BLB,2026-02-02,2026,1,2,6,operasional,train,0.0,0.0,0.0,0,0,0,21.62741699796951,0.0,0.0,0.0,1,0,0.0,0.0
BLB,2026-02-09,2026,1,2,7,operasional,train,0.0,0.0,0.0,0,0,0,21.62741699796951,0.0,0.0,0.0,0,0,0.0,0.0
BLB,2026-02-16,2026,1,2,8,operasional,train,0.0,0.0,0.0,0,0,0,21.62741699796951,0.0,0.0,0.0,0,0,0.0,0.0
BLB,2026-02-23,2026,1,2,9,operasional,train,0.0,0.0,0.0,0,0,0,21.62741699796951,0.0,0.0,0.0,0,0,0.0,0.0
BLB,2026-03-02,2026,1,3,10,operasional,train,0.0,0.0,0.0,0,0,0,21.62741699796951,0.0,0.0,0.0,0,0,0.0,0.0
BLB,2026-03-09,2026,1,3,11,operasional,train,0.0,0.0,0.0,0,0,0,21.62741699796951,0.0,0.0,0.0,0,0,0.0,0.0
BLB,2026-03-16,2026,1,3,12,operasional,train,0.0,0.0,0.0,0,0,0,21.62741699796951,0.0,0.0,0.0,1,0,0.0,0.0
BLB,2026-03-23,2026,1,3,13,operasional,train,0.0,0.0,0.0,0,0,0,21.62741699796951,0.0,0.0,0.0,0,0,0.0,0.0
BLB,2026-03-30,2026,1,3,14,operasional,train,0.0,0.0,0.0,0,0,0,21.62741699796951,0.0,0.0,0.0,1,0,0.0,0.0
BLB,2026-04-06,2026,2,4,15,operasional,test,0.0,0.0,0.0,0,0,0,21.62741699796951,0.0,0.0,0.0,0,0,0.0,0.0
BLB,2026-04-13,2026,2,4,16,operasional,test,0.0,0.0,0.0,0,0,0,21.62741699796951,0.0,0.0,0.0,0,1,0.0,0.0
BLB,2026-04-20,2026,2,4,17,operasional,test,0.0,0.0,0.0,0,0,0,21.62741699796951,0.0,0.0,0.0,0,0,0.0,0.0
BLB,2026-04-27,2026,2,4,18,operasional,test,0.0,0.0,0.0,0,0,0,21.62741699796951,0.0,0.0,0.0,0,0,0.0,0.0
BLB,2026-05-04,2026,2,5,19,operasional,test,0.0,0.0,0.0,0,0,0,21.62741699796951,0.0,0.0,0.0,1,0,0.0,0.0
BLB,2026-05-11,2026,2,5,20,operasional,test,0.0,0.0,0.0,0,0,0,21.62741699796951,0.0,0.0,0.0,0,1,0.0,0.0
BLB,2026-05-18,2026,2,5,21,operasional,test,0.0,0.0,0.0,0,0,0,21.62741699796951,0.0,0.0,0.0,0,0,0.0,0.0
BLB,2026-05-25,2026,2,5,22,operasional,test,0.0,0.0,0.0,0,0,0,21.62741699796951,0.0,0.0,0.0,0,0,0.0,0.0
BLB,2026-06-01,2026,2,6,23,operasional,test,0.0,0.0,0.0,0,0,0,21.62741699796951,0.0,0.0,0.0,0,0,0.0,0.0
BLB,2026-06-08,2026,2,6,24,operasional,test,0.0,0.0,0.0,0,0,0,21.62741699796951,0.0,0.0,0.0,0,0,0.0,0.0
BLB,2026-06-15,2026,2,6,25,operasional,test,0.0,0.0,0.0,0,0,0,21.62741699796951,0.0,0.0,0.0,0,0,0.0,0.0
BLB,2026-06-22,2026,2,6,26,operasional,test,0.0,0.0,0.0,0,0,0,21.62741699796951,0.0,0.0,0.0,1,0,0.0,0.0
BLB,2026-06-29,2026,2,6,27,operasional,test,0.0,0.0,0.0,0,0,0,21.62741699796951,0.0,0.0,0.0,0,1,0.0,0.0
BLB,2026-07-06,2026,3,7,28,operasional,test,0.0,0.0,0.0,0,0,0,21.62741699796951,0.0,0.0,0.0,0,0,0.0,0.0
BLB,2026-07-13,2026,3,7,29,operasional,test,0.0,0.0,0.0,0,0,0,21.62741699796951,0.0,0.0,0.0,0,0,0.0,0.0
BLB,2026-07-20,2026,3,7,30,operasional,test,0.0,0.0,0.0,0,0,0,21.62741699796951,0.0,0.0,0.0,1,1,0.0,0.0
BLB,2026-07-27,2026,3,7,31,operasional,test,0.0,0.0,0.0,0,0,0,21.62741699796951,0.0,0.0,0.0,0,0,0.0,0.0
BLB,2026-08-03,2026,3,8,32,operasional,test,0.0,0.0,0.0,0,0,0,21.62741699796951,0.0,0.0,0.0,0,0,0.0,0.0
BLB,2026-08-10,2026,3,8,33,operasional,test,0.0,0.0,0.0,0,0,0,21.62741699796951,0.0,0.0,0.0,0,1,0.0,0.0
BLB,2026-08-17,2026,3,8,34,operasional,test,0.0,0.0,0.0,0,0,0,21.62741699796951,0.0,0.0,0.0,0,1,0.0,0.0
BLB,2026-08-24,2026,3,8,35,operasional,test,0.0,0.0,0.0,0,0,0,21.62741699796951,0.0,0.0,0.0,1,0,0.0,0.0
BLB,2026-08-31,2026,3,8,36,operasional,test,0.0,0.0,0.0,0,0,0,21.62741699796951,0.0,0.0,0.0,0,1,0.0,0.0
BLB,2026-09-07,2026,3,9,37,operasional,test,0.0,0.0,0.0,0,0,0,21.62741699796951,0.0,0.0,0.0,0,0,0.0,0.0
BLB,2026-09-14,2026,3,9,38,operasional,test,0.0,0.0,0.0,0,0,0,21.62741699796951,0.0,0.0,0.0,1,1,0.0,0.0
BLB,2026-09-21,2026,3,9,39,operasional,test,0.0,0.0,0.0,0,0,0,21.62741699796951,0.0,0.0,0.0,0,0,0.0,0.0
BMG,2024-01-01,2024,1,1,1,sebelum_produk_dijual,train,,,,0,0,0,,,,,1,0,,
BMG,2024-01-08,2024,1,1,2,sebelum_produk_dijual,train,,,,0,0,0,,,,,1,0,,
BMG,2024-01-15,2024,1,1,3,sebelum_produk_dijual,train,,,,0,0,0,,,,,0,0,,
BMG,2024-01-22,2024,1,1,4,sebelum_produk_dijual,train,,,,0,0,0,,,,,0,0,,
BMG,2024-01-29,2024,1,1,5,sebelum_produk_dijual,train,,,,0,0,0,,,,,0,0,,
BMG,2024-02-05,2024,1,2,6,sebelum_produk_dijual,train,,,,0,0,0,,,,,1,0,,
BMG,2024-02-12,2024,1,2,7,sebelum_produk_dijual,train,,,,0,0,0,,,,,1,0,,
BMG,2024-02-19,2024,1,2,8,sebelum_produk_dijual,train,,,,0,0,0,,,,,0,0,,
BMG,2024-02-26,2024,1,2,9,sebelum_produk_dijual,train,,,,0,0,0,,,,,1,0,,
BMG,2024-03-04,2024,1,3,10,sebelum_produk_dijual,train,,,,0,0,0,,,,,0,0,,
BMG,2024-03-11,2024,1,3,11,sebelum_produk_dijual,train,,,,0,0,0,,,,,1,0,,
BMG,2024-03-18,2024,1,3,12,sebelum_produk_dijual,train,,,,0,0,0,,,,,1,0,,
BMG,2024-03-25,2024,1,3,13,sebelum_produk_dijual,train,,,,0,0,0,,,,,0,1,,
BMG,2024-04-01,2024,2,4,14,sebelum_produk_dijual,train,,,,0,0,0,,,,,1,0,,
BMG,2024-04-08,2024,2,4,15,sebelum_produk_dijual,train,,,,0,0,0,,,,,0,0,,
BMG,2024-04-15,2024,2,4,16,sebelum_produk_dijual,train,,,,0,0,0,,,,,1,0,,
BMG,2024-04-22,2024,2,4,17,sebelum_produk_dijual,train,,,,0,0,0,,,,,1,0,,
BMG,2024-04-29,2024,2,4,18,sebelum_produk_dijual,train,,,,0,0,0,,,,,0,1,,
BMG,2024-05-06,2024,2,5,19,sebelum_produk_dijual,train,,,,0,0,0,,,,,1,0,,
BMG,2024-05-13,2024,2,5,20,sebelum_produk_dijual,train,,,,0,0,0,,,,,0,0,,
BMG,2024-05-20,2024,2,5,21,sebelum_produk_dijual,train,,,,0,0,0,,,,,0,1,,
BMG,2024-05-27,2024,2,5,22,sebelum_produk_dijual,train,,,,0,0,0,,,,,0,0,,
BMG,2024-06-03,2024,2,6,23,sebelum_produk_dijual,train,,,,0,0,0,,,,,0,1,,
BMG,2024-06-10,2024,2,6,24,operasional,train,7.0,7.0,2.0794415416798357,0,0,0,,105000.0,1.0,1.0,0,1,9.0,1.0
BMG,2024-06-17,2024,2,6,25,operasional,train,0.0,0.0,0.0,0,0,0,,0.0,0.0,0.0,1,1,0.0,0.0
BMG,2024-06-24,2024,2,6,26,operasional,train,0.0,0.0,0.0,0,0,0,,0.0,0.0,0.0,1,1,0.0,0.0
BMG,2024-07-01,2024,3,7,27,operasional,train,0.0,0.0,0.0,0,0,0,,0.0,0.0,0.0,0,1,0.0,0.0
BMG,2024-07-08,2024,3,7,28,operasional,train,0.0,0.0,0.0,0,0,0,,0.0,0.0,0.0,0,0,0.0,0.0
BMG,2024-07-15,2024,3,7,29,operasional,train,0.0,0.0,0.0,0,0,0,,0.0,0.0,0.0,0,1,0.0,0.0
BMG,2024-07-22,2024,3,7,30,operasional,train,0.0,0.0,0.0,0,0,0,,0.0,0.0,0.0,0,0,0.0,0.0
BMG,2024-07-29,2024,3,7,31,operasional,train,0.0,0.0,0.0,0,0,0,,0.0,0.0,0.0,1,0,0.0,0.0
BMG,2024-08-05,2024,3,8,32,operasional,train,0.0,0.0,0.0,0,0,0,,0.0,0.0,0.0,0,0,0.0,0.0
BMG,2024-08-12,2024,3,8,33,operasional,train,0.0,0.0,0.0,0,0,0,,0.0,0.0,0.0,1,0,0.0,0.0
BMG,2024-08-19,2024,3,8,34,operasional,train,0.0,0.0,0.0,0,0,0,,0.0,0.0,0.0,1,0,0.0,0.0
BMG,2024-08-26,2024,3,8,35,operasional,train,0.0,0.0,0.0,0,0,0,,0.0,0.0,0.0,0,1,0.0,0.0
BMG,2024-09-02,2024,3,9,36,operasional,train,0.0,0.0,0.0,0,0,0,,0.0,0.0,0.0,1,0,0.0,0.0
BMG,2024-09-09,2024,3,9,37,operasional,train,0.0,0.0,0.0,0,0,0,,0.0,0.0,0.0,0,0,0.0,0.0
BMG,2024-09-16,2024,3,9,38,operasional,train,0.0,0.0,0.0,0,0,0,,0.0,0.0,0.0,1,0,0.0,0.0
BMG,2024-09-23,2024,3,9,39,operasional,train,0.0,0.0,0.0,0,0,0,,0.0,0.0,0.0,1,0,0.0,0.0
BMG,2024-09-30,2024,3,9,40,operasional,train,0.0,0.0,0.0,0,0,0,,0.0,0.0,0.0,0,1,0.0,0.0
BMG,2024-10-07,2024,4,10,41,operasional,train,0.0,0.0,0.0,0,0,0,,0.0,0.0,0.0,1,0,0.0,0.0
BMG,2024-10-14,2024,4,10,42,operasional,train,0.0,0.0,0.0,0,0,0,,0.0,0.0,0.0,0,0,0.0,0.0
BMG,2024-10-21,2024,4,10,43,tidak_tercatat,train,,,,0,0,0,,,,,0,0,,
BMG,2024-10-28,2024,4,10,44,tidak_tercatat,train,,,,0,0,0,,,,,0,0,,
BMG,2024-11-04,2024,4,11,45,tidak_tercatat,train,,,,0,0,0,,,,,0,0,,
BMG,2024-11-11,2024,4,11,46,tidak_tercatat,train,,,,0,0,0,,,,,0,0,,
BMG,2024-11-18,2024,4,11,47,tidak_tercatat,train,,,,0,0,0,,,,,0,0,,
BMG,2024-11-25,2024,4,11,48,tidak_tercatat,train,,,,0,0,0,,,,,0,0,,
BMG,2024-12-02,2024,4,12,49,tidak_tercatat,train,,,,0,0,0,,,,,0,0,,
BMG,2024-12-09,2024,4,12,50,tidak_tercatat,train,,,,0,0,0,,,,,0,0,,
BMG,2024-12-16,2024,4,12,51,tidak_tercatat,train,,,,0,0,0,,,,,0,0,,
BMG,2024-12-23,2024,4,12,52,tidak_tercatat,train,,,,0,0,0,,,,,0,0,,
BMG,2024-12-30,2024,4,12,1,tidak_tercatat,train,,,,0,0,0,,,,,0,0,,
BMG,2025-01-06,2025,1,1,2,tidak_tercatat,train,,,,0,0,0,,,,,0,0,,
BMG,2025-01-13,2025,1,1,3,tidak_tercatat,train,,,,0,0,0,,,,,0,0,,
BMG,2025-01-20,2025,1,1,4,tidak_tercatat,train,,,,0,0,0,,,,,0,0,,
BMG,2025-01-27,2025,1,1,5,operasional,train,0.0,0.0,0.0,0,0,0,,0.0,0.0,0.0,0,0,0.0,0.0
BMG,2025-02-03,2025,1,2,6,operasional,train,0.0,0.0,0.0,0,0,0,,0.0,0.0,0.0,0,0,0.0,0.0
BMG,2025-02-10,2025,1,2,7,operasional,train,0.0,0.0,0.0,0,0,0,,0.0,0.0,0.0,0,0,0.0,0.0
BMG,2025-02-17,2025,1,2,8,operasional,train,0.0,0.0,0.0,0,0,0,,0.0,0.0,0.0,0,0,0.0,0.0
BMG,2025-02-24,2025,1,2,9,operasional,train,0.0,0.0,0.0,0,0,0,,0.0,0.0,0.0,0,0,0.0,0.0
BMG,2025-03-03,2025,1,3,10,tidak_tercatat,train,,,,0,0,0,,,,,0,0,,
BMG,2025-03-10,2025,1,3,11,tidak_tercatat,train,,,,0,0,0,,,,,0,0,,
BMG,2025-03-17,2025,1,3,12,tidak_tercatat,train,,,,0,0,0,,,,,0,0,,
BMG,2025-03-24,2025,1,3,13,tidak_tercatat,train,,,,0,0,0,,,,,0,0,,
BMG,2025-03-31,2025,1,3,14,tidak_tercatat,train,,,,0,0,0,,,,,0,0,,
BMG,2025-04-07,2025,2,4,15,tidak_tercatat,train,,,,0,0,0,,,,,0,0,,
BMG,2025-04-14,2025,2,4,16,operasional,train,0.0,0.0,0.0,0,0,0,,0.0,0.0,0.0,0,0,0.0,0.0
BMG,2025-04-21,2025,2,4,17,operasional,train,0.0,0.0,0.0,0,0,0,,0.0,0.0,0.0,0,0,0.0,0.0
BMG,2025-04-28,2025,2,4,18,operasional,train,0.0,0.0,0.0,0,0,0,,0.0,0.0,0.0,0,0,0.0,0.0
BMG,2025-05-05,2025,2,5,19,operasional,train,0.0,0.0,0.0,0,0,0,,0.0,0.0,0.0,0,0,0.0,0.0
BMG,2025-05-12,2025,2,5,20,operasional,train,0.0,0.0,0.0,0,0,0,,0.0,0.0,0.0,0,0,0.0,0.0
BMG,2025-05-19,2025,2,5,21,operasional,train,0.0,0.0,0.0,0,0,0,,0.0,0.0,0.0,0,0,0.0,0.0
BMG,2025-05-26,2025,2,5,22,operasional,train,0.0,0.0,0.0,0,0,0,,0.0,0.0,0.0,0,0,0.0,0.0
BMG,2025-06-02,2025,2,6,23,operasional,train,0.0,0.0,0.0,0,0,0,,0.0,0.0,0.0,0,0,0.0,0.0
BMG,2025-06-09,2025,2,6,24,operasional,train,0.0,0.0,0.0,0,0,0,,0.0,0.0,0.0,1,1,0.0,0.0
BMG,2025-06-16,2025,2,6,25,operasional,train,0.0,0.0,0.0,0,0,0,,0.0,0.0,0.0,0,0,0.0,0.0
BMG,2025-06-23,2025,2,6,26,operasional,train,0.0,0.0,0.0,0,0,0,,0.0,0.0,0.0,1,1,0.0,0.0
BMG,2025-06-30,2025,2,6,27,operasional,train,0.0,0.0,0.0,0,0,0,,0.0,0.0,0.0,0,0,0.0,0.0
BMG,2025-07-07,2025,3,7,28,operasional,train,0.0,0.0,0.0,0,0,0,,0.0,0.0,0.0,0,0,0.0,0.0
BMG,2025-07-14,2025,3,7,29,operasional,train,0.0,0.0,0.0,0,0,0,,0.0,0.0,0.0,0,0,0.0,0.0
BMG,2025-07-21,2025,3,7,30,operasional,train,0.0,0.0,0.0,0,0,0,,0.0,0.0,0.0,0,0,0.0,0.0
BMG,2025-07-28,2025,3,7,31,operasional,train,0.0,0.0,0.0,0,0,0,,0.0,0.0,0.0,0,0,0.0,0.0
BMG,2025-08-04,2025,3,8,32,operasional,train,0.0,0.0,0.0,0,0,0,,0.0,0.0,0.0,0,0,0.0,0.0
BMG,2025-08-11,2025,3,8,33,operasional,train,0.0,0.0,0.0,0,0,0,,0.0,0.0,0.0,1,0,0.0,0.0
BMG,2025-08-18,2025,3,8,34,operasional,train,0.0,0.0,0.0,0,0,0,,0.0,0.0,0.0,0,0,0.0,0.0
BMG,2025-08-25,2025,3,8,35,operasional,train,0.0,0.0,0.0,0,0,0,,0.0,0.0,0.0,0,0,0.0,0.0
BMG,2025-09-01,2025,3,9,36,operasional,train,0.0,0.0,0.0,0,0,0,,0.0,0.0,0.0,0,0,0.0,0.0
BMG,2025-09-08,2025,3,9,37,operasional,train,0.0,0.0,0.0,0,0,0,,0.0,0.0,0.0,0,0,0.0,0.0
BMG,2025-09-15,2025,3,9,38,operasional,train,0.0,0.0,0.0,0,0,0,,0.0,0.0,0.0,0,0,0.0,0.0
BMG,2025-09-22,2025,3,9,39,operasional,train,0.0,0.0,0.0,0,0,0,,0.0,0.0,0.0,0,1,0.0,0.0
BMG,2025-09-29,2025,3,9,40,operasional,train,0.0,0.0,0.0,0,0,0,,0.0,0.0,0.0,0,0,0.0,0.0
BMG,2025-10-06,2025,4,10,41,operasional,train,0.0,0.0,0.0,0,0,0,,0.0,0.0,0.0,0,0,0.0,0.0
BMG,2025-10-13,2025,4,10,42,operasional,train,0.0,0.0,0.0,0,0,0,,0.0,0.0,0.0,0,0,0.0,0.0
BMG,2025-10-20,2025,4,10,43,operasional,train,0.0,0.0,0.0,0,0,0,,0.0,0.0,0.0,0,0,0.0,0.0
BMG,2025-10-27,2025,4,10,44,operasional,train,0.0,0.0,0.0,0,0,0,,0.0,0.0,0.0,0,0,0.0,0.0
BMG,2025-11-03,2025,4,11,45,operasional,train,0.0,0.0,0.0,0,0,0,,0.0,0.0,0.0,0,0,0.0,0.0
BMG,2025-11-10,2025,4,11,46,operasional,train,0.0,0.0,0.0,0,0,0,,0.0,0.0,0.0,0,0,0.0,0.0
BMG,2025-11-17,2025,4,11,47,operasional,train,0.0,0.0,0.0,0,0,0,,0.0,0.0,0.0,0,0,0.0,0.0
BMG,2025-11-24,2025,4,11,48,operasional,train,0.0,0.0,0.0,0,0,0,,0.0,0.0,0.0,0,0,0.0,0.0
BMG,2025-12-01,2025,4,12,49,operasional,train,0.0,0.0,0.0,0,0,0,,0.0,0.0,0.0,1,0,0.0,0.0
BMG,2025-12-08,2025,4,12,50,operasional,train,0.0,0.0,0.0,0,0,0,,0.0,0.0,0.0,0,0,0.0,0.0
BMG,2025-12-15,2025,4,12,51,operasional,train,0.0,0.0,0.0,0,0,0,,0.0,0.0,0.0,0,0,0.0,0.0
BMG,2025-12-22,2025,4,12,52,operasional,train,0.0,0.0,0.0,0,0,0,,0.0,0.0,0.0,0,0,0.0,0.0
BMG,2025-12-29,2025,4,12,1,operasional,train,0.0,0.0,0.0,0,0,0,,0.0,0.0,0.0,0,0,0.0,0.0
BMG,2026-01-05,2026,1,1,2,operasional,train,0.0,0.0,0.0,0,0,0,,0.0,0.0,0.0,0,0,0.0,0.0
BMG,2026-01-12,2026,1,1,3,operasional,train,0.0,0.0,0.0,0,0,0,,0.0,0.0,0.0,0,0,0.0,0.0
BMG,2026-01-19,2026,1,1,4,operasional,train,0.0,0.0,0.0,0,0,0,,0.0,0.0,0.0,0,0,0.0,0.0
BMG,2026-01-26,2026,1,1,5,operasional,train,0.0,0.0,0.0,0,0,0,,0.0,0.0,0.0,0,0,0.0,0.0
BMG,2026-02-02,2026,1,2,6,operasional,train,0.0,0.0,0.0,0,0,0,,0.0,0.0,0.0,1,0,0.0,0.0
BMG,2026-02-09,2026,1,2,7,operasional,train,0.0,0.0,0.0,0,0,0,,0.0,0.0,0.0,0,0,0.0,0.0
BMG,2026-02-16,2026,1,2,8,operasional,train,0.0,0.0,0.0,0,0,0,,0.0,0.0,0.0,0,0,0.0,0.0
BMG,2026-02-23,2026,1,2,9,operasional,train,0.0,0.0,0.0,0,0,0,,0.0,0.0,0.0,0,0,0.0,0.0
BMG,2026-03-02,2026,1,3,10,operasional,train,0.0,0.0,0.0,0,0,0,,0.0,0.0,0.0,0,0,0.0,0.0
BMG,2026-03-09,2026,1,3,11,operasional,train,0.0,0.0,0.0,0,0,0,,0.0,0.0,0.0,0,0,0.0,0.0
BMG,2026-03-16,2026,1,3,12,operasional,train,0.0,0.0,0.0,0,0,0,,0.0,0.0,0.0,1,0,0.0,0.0
BMG,2026-03-23,2026,1,3,13,operasional,train,0.0,0.0,0.0,0,0,0,,0.0,0.0,0.0,0,0,0.0,0.0
BMG,2026-03-30,2026,1,3,14,operasional,train,0.0,0.0,0.0,0,0,0,,0.0,0.0,0.0,1,0,0.0,0.0
BMG,2026-04-06,2026,2,4,15,operasional,test,0.0,0.0,0.0,0,0,0,,0.0,0.0,0.0,0,0,0.0,0.0
BMG,2026-04-13,2026,2,4,16,operasional,test,0.0,0.0,0.0,0,0,0,,0.0,0.0,0.0,0,1,0.0,0.0
BMG,2026-04-20,2026,2,4,17,operasional,test,0.0,0.0,0.0,0,0,0,,0.0,0.0,0.0,0,0,0.0,0.0
BMG,2026-04-27,2026,2,4,18,operasional,test,0.0,0.0,0.0,0,0,0,,0.0,0.0,0.0,0,0,0.0,0.0
BMG,2026-05-04,2026,2,5,19,operasional,test,0.0,0.0,0.0,0,0,0,,0.0,0.0,0.0,1,0,0.0,0.0
BMG,2026-05-11,2026,2,5,20,operasional,test,8.0,8.0,2.1972245773362196,0,0,0,,120000.0,1.0,1.0,0,1,7.0,1.0
BMG,2026-05-18,2026,2,5,21,operasional,test,0.0,0.0,0.0,0,0,0,,0.0,0.0,0.0,0,0,0.0,0.0
BMG,2026-05-25,2026,2,5,22,operasional,test,0.0,0.0,0.0,0,0,0,,0.0,0.0,0.0,0,0,0.0,0.0
BMG,2026-06-01,2026,2,6,23,operasional,test,0.0,0.0,0.0,0,0,0,,0.0,0.0,0.0,0,0,0.0,0.0
BMG,2026-06-08,2026,2,6,24,operasional,test,0.0,0.0,0.0,0,0,0,,0.0,0.0,0.0,0,0,0.0,0.0
BMG,2026-06-15,2026,2,6,25,operasional,test,0.0,0.0,0.0,0,0,0,,0.0,0.0,0.0,0,0,0.0,0.0
BMG,2026-06-22,2026,2,6,26,operasional,test,10.0,10.0,2.3978952727983707,0,0,0,,150000.0,1.0,1.0,1,0,0.0,0.0
BMG,2026-06-29,2026,2,6,27,operasional,test,6.0,6.0,1.9459101490553132,0,0,0,,90000.0,1.0,1.0,0,1,0.0,0.0
BMG,2026-07-06,2026,3,7,28,operasional,test,0.0,0.0,0.0,0,0,0,,0.0,0.0,0.0,0,0,0.0,0.0
BMG,2026-07-13,2026,3,7,29,operasional,test,0.0,0.0,0.0,0,0,0,,0.0,0.0,0.0,0,0,0.0,0.0
BMG,2026-07-20,2026,3,7,30,operasional,test,0.0,0.0,0.0,0,0,0,,0.0,0.0,0.0,1,1,0.0,0.0
BMG,2026-07-27,2026,3,7,31,operasional,test,0.0,0.0,0.0,0,0,0,,0.0,0.0,0.0,0,0,0.0,0.0
BMG,2026-08-03,2026,3,8,32,operasional,test,0.0,0.0,0.0,0,0,0,,0.0,0.0,0.0,0,0,0.0,0.0
BMG,2026-08-10,2026,3,8,33,operasional,test,0.0,0.0,0.0,0,0,0,,0.0,0.0,0.0,0,1,0.0,0.0
BMG,2026-08-17,2026,3,8,34,operasional,test,3.0,3.0,1.3862943611198906,0,0,0,,45000.0,1.0,1.0,0,1,0.0,0.0
BMG,2026-08-24,2026,3,8,35,operasional,test,0.0,0.0,0.0,0,0,0,,0.0,0.0,0.0,1,0,0.0,0.0
BMG,2026-08-31,2026,3,8,36,operasional,test,0.0,0.0,0.0,0,0,0,,0.0,0.0,0.0,0,1,0.0,0.0
BMG,2026-09-07,2026,3,9,37,operasional,test,0.0,0.0,0.0,0,0,0,,0.0,0.0,0.0,0,0,0.0,0.0
BMG,2026-09-14,2026,3,9,38,operasional,test,0.0,0.0,0.0,0,0,0,,0.0,0.0,0.0,1,1,0.0,0.0
BMG,2026-09-21,2026,3,9,39,operasional,test,0.0,0.0,0.0,0,0,0,,0.0,0.0,0.0,0,0,0.0,0.0
BSY,2024-01-01,2024,1,1,1,sebelum_produk_dijual,train,,,,0,0,0,27.284271247461923,,,,1,0,,
BSY,2024-01-08,2024,1,1,2,sebelum_produk_dijual,train,,,,0,0,0,27.284271247461923,,,,1,0,,
BSY,2024-01-15,2024,1,1,3,sebelum_produk_dijual,train,,,,0,0,0,27.284271247461923,,,,0,0,,
BSY,2024-01-22,2024,1,1,4,operasional,train,11.0,11.0,2.4849066497880004,0,0,0,27.284271247461923,100000.0,1.0,1.0,0,0,62.0,1.0
BSY,2024-01-29,2024,1,1,5,operasional,train,0.0,0.0,0.0,0,0,0,27.284271247461923,0.0,0.0,0.0,0,0,0.0,0.0
BSY,2024-02-05,2024,1,2,6,operasional,train,0.0,0.0,0.0,0,0,0,27.284271247461923,0.0,0.0,0.0,1,0,0.0,0.0
BSY,2024-02-12,2024,1,2,7,operasional,train,0.0,0.0,0.0,0,0,0,27.284271247461923,0.0,0.0,0.0,1,0,0.0,0.0
BSY,2024-02-19,2024,1,2,8,operasional,train,7.0,7.0,2.0794415416798357,0,0,0,27.284271247461923,70000.0,1.0,1.0,0,0,0.0,0.0
BSY,2024-02-26,2024,1,2,9,operasional,train,0.0,0.0,0.0,0,0,0,27.284271247461923,0.0,0.0,0.0,1,0,0.0,0.0
BSY,2024-03-04,2024,1,3,10,operasional,train,0.0,0.0,0.0,0,0,0,27.284271247461923,0.0,0.0,0.0,0,0,0.0,0.0
BSY,2024-03-11,2024,1,3,11,operasional,train,0.0,0.0,0.0,0,0,0,27.284271247461923,0.0,0.0,0.0,1,0,0.0,0.0
BSY,2024-03-18,2024,1,3,12,operasional,train,0.0,0.0,0.0,0,0,0,27.284271247461923,0.0,0.0,0.0,1,0,0.0,0.0
BSY,2024-03-25,2024,1,3,13,operasional,train,4.0,4.0,1.6094379124341003,0,0,0,27.284271247461923,40000.0,1.0,1.0,0,1,0.0,0.0
BSY,2024-04-01,2024,2,4,14,operasional,train,0.0,0.0,0.0,0,0,0,27.284271247461923,0.0,0.0,0.0,1,0,0.0,0.0
BSY,2024-04-08,2024,2,4,15,operasional,train,0.0,0.0,0.0,0,0,0,27.284271247461923,0.0,0.0,0.0,0,0,0.0,0.0
BSY,2024-04-15,2024,2,4,16,operasional,train,0.0,0.0,0.0,0,0,0,27.284271247461923,0.0,0.0,0.0,1,0,0.0,0.0
BSY,2024-04-22,2024,2,4,17,operasional,train,0.0,0.0,0.0,0,0,0,27.284271247461923,0.0,0.0,0.0,1,0,0.0,0.0
BSY,2024-04-29,2024,2,4,18,operasional,train,9.0,9.0,2.302585092994046,0,0,0,27.284271247461923,90000.0,1.0,1.0,0,1,0.0,0.0
BSY,2024-05-06,2024,2,5,19,operasional,train,0.0,0.0,0.0,0,0,0,27.284271247461923,0.0,0.0,0.0,1,0,0.0,0.0
BSY,2024-05-13,2024,2,5,20,operasional,train,0.0,0.0,0.0,0,0,0,27.284271247461923,0.0,0.0,0.0,0,0,0.0,0.0
BSY,2024-05-20,2024,2,5,21,operasional,train,0.0,0.0,0.0,0,0,0,27.284271247461923,0.0,0.0,0.0,0,1,0.0,0.0
BSY,2024-05-27,2024,2,5,22,operasional,train,0.0,0.0,0.0,0,0,0,27.284271247461923,0.0,0.0,0.0,0,0,0.0,0.0
BSY,2024-06-03,2024,2,6,23,operasional,train,0.0,0.0,0.0,0,0,0,27.284271247461923,0.0,0.0,0.0,0,1,0.0,0.0
BSY,2024-06-10,2024,2,6,24,operasional,train,0.0,0.0,0.0,0,0,0,27.284271247461923,0.0,0.0,0.0,0,1,0.0,0.0
BSY,2024-06-17,2024,2,6,25,operasional,train,0.0,0.0,0.0,0,0,0,27.284271247461923,0.0,0.0,0.0,1,1,0.0,0.0
BSY,2024-06-24,2024,2,6,26,operasional,train,0.0,0.0,0.0,0,0,0,27.284271247461923,0.0,0.0,0.0,1,1,0.0,0.0
BSY,2024-07-01,2024,3,7,27,operasional,train,0.0,0.0,0.0,0,0,0,27.284271247461923,0.0,0.0,0.0,0,1,0.0,0.0
BSY,2024-07-08,2024,3,7,28,operasional,train,0.0,0.0,0.0,0,0,0,27.284271247461923,0.0,0.0,0.0,0,0,0.0,0.0
BSY,2024-07-15,2024,3,7,29,operasional,train,0.0,0.0,0.0,0,0,0,27.284271247461923,0.0,0.0,0.0,0,1,0.0,0.0
BSY,2024-07-22,2024,3,7,30,operasional,train,0.0,0.0,0.0,0,0,0,27.284271247461923,0.0,0.0,0.0,0,0,0.0,0.0
BSY,2024-07-29,2024,3,7,31,operasional,train,7.0,7.0,2.0794415416798357,0,0,0,27.284271247461923,70000.0,1.0,1.0,1,0,31.0,1.0
BSY,2024-08-05,2024,3,8,32,operasional,train,0.0,0.0,0.0,0,0,0,27.284271247461923,0.0,0.0,0.0,0,0,0.0,0.0
BSY,2024-08-12,2024,3,8,33,operasional,train,0.0,0.0,0.0,0,0,0,27.284271247461923,0.0,0.0,0.0,1,0,0.0,0.0
BSY,2024-08-19,2024,3,8,34,operasional,train,0.0,0.0,0.0,0,0,0,27.284271247461923,0.0,0.0,0.0,1,0,0.0,0.0
BSY,2024-08-26,2024,3,8,35,operasional,train,4.0,4.0,1.6094379124341003,0,0,0,27.284271247461923,40000.0,1.0,1.0,0,1,0.0,0.0
BSY,2024-09-02,2024,3,9,36,operasional,train,0.0,0.0,0.0,0,0,0,27.284271247461923,0.0,0.0,0.0,1,0,0.0,0.0
BSY,2024-09-09,2024,3,9,37,operasional,train,0.0,0.0,0.0,0,0,0,27.284271247461923,0.0,0.0,0.0,0,0,0.0,0.0
BSY,2024-09-16,2024,3,9,38,operasional,train,0.0,0.0,0.0,0,0,0,27.284271247461923,0.0,0.0,0.0,1,0,0.0,0.0
BSY,2024-09-23,2024,3,9,39,operasional,train,0.0,0.0,0.0,0,0,0,27.284271247461923,0.0,0.0,0.0,1,0,0.0,0.0
BSY,2024-09-30,2024,3,9,40,operasional,train,9.0,9.0,2.302585092994046,0,0,0,27.284271247461923,90000.0,1.0,1.0,0,1,0.0,0.0
BSY,2024-10-07,2024,4,10,41,operasional,train,0.0,0.0,0.0,0,0,0,27.284271247461923,0.0,0.0,0.0,1,0,0.0,0.0
BSY,2024-10-14,2024,4,10,42,operasional,train,0.0,0.0,0.0,0,0,0,27.284271247461923,0.0,0.0,0.0,0,0,0.0,0.0
BSY,2024-10-21,2024,4,10,43,tidak_tercatat,train,,,,0,0,0,27.284271247461923,,,,0,0,,
BSY,2024-10-28,2024,4,10,44,tidak_tercatat,train,,,,0,0,0,27.284271247461923,,,,0,0,,
BSY,2024-11-04,2024,4,11,45,tidak_tercatat,train,,,,0,0,0,27.284271247461923,,,,0,0,,
BSY,2024-11-11,2024,4,11,46,tidak_tercatat,train,,,,0,0,0,27.284271247461923,,,,0,0,,
BSY,2024-11-18,2024,4,11,47,tidak_tercatat,train,,,,0,0,0,27.284271247461923,,,,0,0,,
BSY,2024-11-25,2024,4,11,48,tidak_tercatat,train,,,,0,0,0,27.284271247461923,,,,0,0,,
BSY,2024-12-02,2024,4,12,49,tidak_tercatat,train,,,,0,0,0,27.284271247461923,,,,0,0,,
BSY,2024-12-09,2024,4,12,50,tidak_tercatat,train,,,,0,0,0,27.284271247461923,,,,0,0,,
BSY,2024-12-16,2024,4,12,51,tidak_tercatat,train,,,,0,0,0,27.284271247461923,,,,0,0,,
BSY,2024-12-23,2024,4,12,52,tidak_tercatat,train,,,,0,0,0,27.284271247461923,,,,0,0,,
BSY,2024-12-30,2024,4,12,1,tidak_tercatat,train,,,,0,0,0,27.284271247461923,,,,0,0,,
BSY,2025-01-06,2025,1,1,2,tidak_tercatat,train,,,,0,0,0,27.284271247461923,,,,0,0,,
BSY,2025-01-13,2025,1,1,3,tidak_tercatat,train,,,,0,0,0,27.284271247461923,,,,0,0,,
BSY,2025-01-20,2025,1,1,4,tidak_tercatat,train,,,,0,0,0,27.284271247461923,,,,0,0,,
BSY,2025-01-27,2025,1,1,5,operasional,train,0.0,0.0,0.0,0,0,0,27.284271247461923,0.0,0.0,0.0,0,0,0.0,0.0
BSY,2025-02-03,2025,1,2,6,operasional,train,0.0,0.0,0.0,0,0,0,27.284271247461923,0.0,0.0,0.0,0,0,0.0,0.0
BSY,2025-02-10,2025,1,2,7,operasional,train,0.0,0.0,0.0,0,0,0,27.284271247461923,0.0,0.0,0.0,0,0,0.0,0.0
BSY,2025-02-17,2025,1,2,8,operasional,train,0.0,0.0,0.0,0,0,0,27.284271247461923,0.0,0.0,0.0,0,0,0.0,0.0
BSY,2025-02-24,2025,1,2,9,operasional,train,0.0,0.0,0.0,0,0,0,27.284271247461923,0.0,0.0,0.0,0,0,0.0,0.0
BSY,2025-03-03,2025,1,3,10,tidak_tercatat,train,,,,0,0,0,27.284271247461923,,,,0,0,,
BSY,2025-03-10,2025,1,3,11,tidak_tercatat,train,,,,0,0,0,27.284271247461923,,,,0,0,,
BSY,2025-03-17,2025,1,3,12,tidak_tercatat,train,,,,0,0,0,27.284271247461923,,,,0,0,,
BSY,2025-03-24,2025,1,3,13,tidak_tercatat,train,,,,0,0,0,27.284271247461923,,,,0,0,,
BSY,2025-03-31,2025,1,3,14,tidak_tercatat,train,,,,0,0,0,27.284271247461923,,,,0,0,,
BSY,2025-04-07,2025,2,4,15,tidak_tercatat,train,,,,0,0,0,27.284271247461923,,,,0,0,,
BSY,2025-04-14,2025,2,4,16,operasional,train,0.0,0.0,0.0,0,0,0,27.284271247461923,0.0,0.0,0.0,0,0,0.0,0.0
BSY,2025-04-21,2025,2,4,17,operasional,train,0.0,0.0,0.0,0,0,0,27.284271247461923,0.0,0.0,0.0,0,0,0.0,0.0
BSY,2025-04-28,2025,2,4,18,operasional,train,0.0,0.0,0.0,0,0,0,27.284271247461923,0.0,0.0,0.0,0,0,0.0,0.0
BSY,2025-05-05,2025,2,5,19,operasional,train,0.0,0.0,0.0,0,0,0,27.284271247461923,0.0,0.0,0.0,0,0,0.0,0.0
BSY,2025-05-12,2025,2,5,20,operasional,train,0.0,0.0,0.0,0,0,0,27.284271247461923,0.0,0.0,0.0,0,0,0.0,0.0
BSY,2025-05-19,2025,2,5,21,operasional,train,0.0,0.0,0.0,0,0,0,27.284271247461923,0.0,0.0,0.0,0,0,0.0,0.0
BSY,2025-05-26,2025,2,5,22,operasional,train,0.0,0.0,0.0,0,0,0,27.284271247461923,0.0,0.0,0.0,0,0,0.0,0.0
BSY,2025-06-02,2025,2,6,23,operasional,train,0.0,0.0,0.0,0,0,0,27.284271247461923,0.0,0.0,0.0,0,0,0.0,0.0
BSY,2025-06-09,2025,2,6,24,operasional,train,0.0,0.0,0.0,0,0,0,27.284271247461923,0.0,0.0,0.0,1,1,0.0,0.0
BSY,2025-06-16,2025,2,6,25,operasional,train,0.0,0.0,0.0,0,0,0,27.284271247461923,0.0,0.0,0.0,0,0,0.0,0.0
BSY,2025-06-23,2025,2,6,26,operasional,train,0.0,0.0,0.0,0,0,0,27.284271247461923,0.0,0.0,0.0,1,1,0.0,0.0
BSY,2025-06-30,2025,2,6,27,operasional,train,0.0,0.0,0.0,0,0,0,27.284271247461923,0.0,0.0,0.0,0,0,0.0,0.0
BSY,2025-07-07,2025,3,7,28,operasional,train,0.0,0.0,0.0,0,0,0,27.284271247461923,0.0,0.0,0.0,0,0,0.0,0.0
BSY,2025-07-14,2025,3,7,29,operasional,train,0.0,0.0,0.0,0,0,0,27.284271247461923,0.0,0.0,0.0,0,0,0.0,0.0
BSY,2025-07-21,2025,3,7,30,operasional,train,0.0,0.0,0.0,0,0,0,27.284271247461923,0.0,0.0,0.0,0,0,0.0,0.0
BSY,2025-07-28,2025,3,7,31,operasional,train,0.0,0.0,0.0,0,0,0,27.284271247461923,0.0,0.0,0.0,0,0,0.0,0.0
BSY,2025-08-04,2025,3,8,32,operasional,train,0.0,0.0,0.0,0,0,0,27.284271247461923,0.0,0.0,0.0,0,0,0.0,0.0
BSY,2025-08-11,2025,3,8,33,operasional,train,3.0,3.0,1.3862943611198906,0,0,0,27.284271247461923,30000.0,1.0,1.0,1,0,25.5,1.0
BSY,2025-08-18,2025,3,8,34,operasional,train,0.0,0.0,0.0,0,0,0,27.284271247461923,0.0,0.0,0.0,0,0,0.0,0.0
BSY,2025-08-25,2025,3,8,35,operasional,train,0.0,0.0,0.0,0,0,0,27.284271247461923,0.0,0.0,0.0,0,0,0.0,0.0
BSY,2025-09-01,2025,3,9,36,operasional,train,0.0,0.0,0.0,0,0,0,27.284271247461923,0.0,0.0,0.0,0,0,0.0,0.0
BSY,2025-09-08,2025,3,9,37,operasional,train,0.0,0.0,0.0,0,0,0,27.284271247461923,0.0,0.0,0.0,0,0,0.0,0.0
BSY,2025-09-15,2025,3,9,38,operasional,train,0.0,0.0,0.0,0,0,0,27.284271247461923,0.0,0.0,0.0,0,0,0.0,0.0
BSY,2025-09-22,2025,3,9,39,operasional,train,1.0,1.0,0.6931471805599453,0,0,0,27.284271247461923,10000.0,1.0,1.0,0,1,0.0,0.0
BSY,2025-09-29,2025,3,9,40,operasional,train,0.0,0.0,0.0,0,0,0,27.284271247461923,0.0,0.0,0.0,0,0,0.0,0.0
BSY,2025-10-06,2025,4,10,41,operasional,train,0.0,0.0,0.0,0,0,0,27.284271247461923,0.0,0.0,0.0,0,0,0.0,0.0
BSY,2025-10-13,2025,4,10,42,operasional,train,0.0,0.0,0.0,0,0,0,27.284271247461923,0.0,0.0,0.0,0,0,0.0,0.0
BSY,2025-10-20,2025,4,10,43,operasional,train,0.0,0.0,0.0,0,0,0,27.284271247461923,0.0,0.0,0.0,0,0,0.0,0.0
BSY,2025-10-27,2025,4,10,44,operasional,train,0.0,0.0,0.0,0,0,0,27.284271247461923,0.0,0.0,0.0,0,0,0.0,0.0
BSY,2025-11-03,2025,4,11,45,operasional,train,0.0,0.0,0.0,0,0,0,27.284271247461923,0.0,0.0,0.0,0,0,0.0,0.0
BSY,2025-11-10,2025,4,11,46,operasional,train,0.0,0.0,0.0,0,0,0,27.284271247461923,0.0,0.0,0.0,0,0,0.0,0.0
BSY,2025-11-17,2025,4,11,47,operasional,train,0.0,0.0,0.0,0,0,0,27.284271247461923,0.0,0.0,0.0,0,0,0.0,0.0
BSY,2025-11-24,2025,4,11,48,operasional,train,0.0,0.0,0.0,0,0,0,27.284271247461923,0.0,0.0,0.0,0,0,0.0,0.0
BSY,2025-12-01,2025,4,12,49,operasional,train,0.0,0.0,0.0,0,0,0,27.284271247461923,0.0,0.0,0.0,1,0,0.0,0.0
BSY,2025-12-08,2025,4,12,50,operasional,train,0.0,0.0,0.0,0,0,0,27.284271247461923,0.0,0.0,0.0,0,0,0.0,0.0
BSY,2025-12-15,2025,4,12,51,operasional,train,0.0,0.0,0.0,0,0,0,27.284271247461923,0.0,0.0,0.0,0,0,0.0,0.0
BSY,2025-12-22,2025,4,12,52,operasional,train,0.0,0.0,0.0,0,0,0,27.284271247461923,0.0,0.0,0.0,0,0,0.0,0.0
BSY,2025-12-29,2025,4,12,1,operasional,train,0.0,0.0,0.0,0,0,0,27.284271247461923,0.0,0.0,0.0,0,0,0.0,0.0
BSY,2026-01-05,2026,1,1,2,operasional,train,0.0,0.0,0.0,0,0,0,27.284271247461923,0.0,0.0,0.0,0,0,0.0,0.0
BSY,2026-01-12,2026,1,1,3,operasional,train,0.0,0.0,0.0,0,0,0,27.284271247461923,0.0,0.0,0.0,0,0,0.0,0.0
BSY,2026-01-19,2026,1,1,4,operasional,train,0.0,0.0,0.0,0,0,0,27.284271247461923,0.0,0.0,0.0,0,0,0.0,0.0
BSY,2026-01-26,2026,1,1,5,operasional,train,0.0,0.0,0.0,0,0,0,27.284271247461923,0.0,0.0,0.0,0,0,0.0,0.0
BSY,2026-02-02,2026,1,2,6,operasional,train,0.0,0.0,0.0,0,0,0,27.284271247461923,0.0,0.0,0.0,1,0,0.0,0.0
BSY,2026-02-09,2026,1,2,7,operasional,train,0.0,0.0,0.0,0,0,0,27.284271247461923,0.0,0.0,0.0,0,0,0.0,0.0
BSY,2026-02-16,2026,1,2,8,operasional,train,0.0,0.0,0.0,0,0,0,27.284271247461923,0.0,0.0,0.0,0,0,0.0,0.0
BSY,2026-02-23,2026,1,2,9,operasional,train,0.0,0.0,0.0,0,0,0,27.284271247461923,0.0,0.0,0.0,0,0,0.0,0.0
BSY,2026-03-02,2026,1,3,10,operasional,train,0.0,0.0,0.0,0,0,0,27.284271247461923,0.0,0.0,0.0,0,0,0.0,0.0
BSY,2026-03-09,2026,1,3,11,operasional,train,0.0,0.0,0.0,0,0,0,27.284271247461923,0.0,0.0,0.0,0,0,0.0,0.0
BSY,2026-03-16,2026,1,3,12,operasional,train,0.0,0.0,0.0,0,0,0,27.284271247461923,0.0,0.0,0.0,1,0,0.0,0.0
BSY,2026-03-23,2026,1,3,13,operasional,train,0.0,0.0,0.0,0,0,0,27.284271247461923,0.0,0.0,0.0,0,0,0.0,0.0
BSY,2026-03-30,2026,1,3,14,operasional,train,0.0,0.0,0.0,0,0,0,27.284271247461923,0.0,0.0,0.0,1,0,0.0,0.0
BSY,2026-04-06,2026,2,4,15,operasional,test,0.0,0.0,0.0,0,0,0,27.284271247461923,0.0,0.0,0.0,0,0,0.0,0.0
BSY,2026-04-13,2026,2,4,16,operasional,test,0.0,0.0,0.0,0,0,0,27.284271247461923,0.0,0.0,0.0,0,1,0.0,0.0
BSY,2026-04-20,2026,2,4,17,operasional,test,0.0,0.0,0.0,0,0,0,27.284271247461923,0.0,0.0,0.0,0,0,0.0,0.0
BSY,2026-04-27,2026,2,4,18,operasional,test,0.0,0.0,0.0,0,0,0,27.284271247461923,0.0,0.0,0.0,0,0,0.0,0.0
BSY,2026-05-04,2026,2,5,19,operasional,test,0.0,0.0,0.0,0,0,0,27.284271247461923,0.0,0.0,0.0,1,0,0.0,0.0
BSY,2026-05-11,2026,2,5,20,operasional,test,0.0,0.0,0.0,0,0,0,27.284271247461923,0.0,0.0,0.0,0,1,0.0,0.0
BSY,2026-05-18,2026,2,5,21,operasional,test,0.0,0.0,0.0,0,0,0,27.284271247461923,0.0,0.0,0.0,0,0,0.0,0.0
BSY,2026-05-25,2026,2,5,22,operasional,test,0.0,0.0,0.0,0,0,0,27.284271247461923,0.0,0.0,0.0,0,0,0.0,0.0
BSY,2026-06-01,2026,2,6,23,operasional,test,0.0,0.0,0.0,0,0,0,27.284271247461923,0.0,0.0,0.0,0,0,0.0,0.0
BSY,2026-06-08,2026,2,6,24,operasional,test,0.0,0.0,0.0,0,0,0,27.284271247461923,0.0,0.0,0.0,0,0,0.0,0.0
BSY,2026-06-15,2026,2,6,25,operasional,test,0.0,0.0,0.0,0,0,0,27.284271247461923,0.0,0.0,0.0,0,0,0.0,0.0
BSY,2026-06-22,2026,2,6,26,operasional,test,0.0,0.0,0.0,0,0,0,27.284271247461923,0.0,0.0,0.0,1,0,0.0,0.0
BSY,2026-06-29,2026,2,6,27,operasional,test,0.0,0.0,0.0,0,0,0,27.284271247461923,0.0,0.0,0.0,0,1,0.0,0.0
BSY,2026-07-06,2026,3,7,28,operasional,test,0.0,0.0,0.0,0,0,0,27.284271247461923,0.0,0.0,0.0,0,0,0.0,0.0
BSY,2026-07-13,2026,3,7,29,operasional,test,0.0,0.0,0.0,0,0,0,27.284271247461923,0.0,0.0,0.0,0,0,0.0,0.0
BSY,2026-07-20,2026,3,7,30,operasional,test,0.0,0.0,0.0,0,0,0,27.284271247461923,0.0,0.0,0.0,1,1,0.0,0.0
BSY,2026-07-27,2026,3,7,31,operasional,test,0.0,0.0,0.0,0,0,0,27.284271247461923,0.0,0.0,0.0,0,0,0.0,0.0
BSY,2026-08-03,2026,3,8,32,operasional,test,0.0,0.0,0.0,0,0,0,27.284271247461923,0.0,0.0,0.0,0,0,0.0,0.0
BSY,2026-08-10,2026,3,8,33,operasional,test,0.0,0.0,0.0,0,0,0,27.284271247461923,0.0,0.0,0.0,0,1,0.0,0.0
BSY,2026-08-17,2026,3,8,34,operasional,test,0.0,0.0,0.0,0,0,0,27.284271247461923,0.0,0.0,0.0,0,1,0.0,0.0
BSY,2026-08-24,2026,3,8,35,operasional,test,0.0,0.0,0.0,0,0,0,27.284271247461923,0.0,0.0,0.0,1,0,0.0,0.0
BSY,2026-08-31,2026,3,8,36,operasional,test,0.0,0.0,0.0,0,0,0,27.284271247461923,0.0,0.0,0.0,0,1,0.0,0.0
BSY,2026-09-07,2026,3,9,37,operasional,test,0.0,0.0,0.0,0,0,0,27.284271247461923,0.0,0.0,0.0,0,0,0.0,0.0
BSY,2026-09-14,2026,3,9,38,operasional,test,0.0,0.0,0.0,0,0,0,27.284271247461923,0.0,0.0,0.0,1,1,0.0,0.0
BSY,2026-09-21,2026,3,9,39,operasional,test,0.0,0.0,0.0,0,0,0,27.284271247461923,0.0,0.0,0.0,0,0,0.0,0.0
BYM,2024-01-01,2024,1,1,1,operasional,train,6.0,6.0,1.9459101490553132,0,0,0,23.324546104875456,24000.0,1.0,1.0,1,0,140.0,1.0
BYM,2024-01-08,2024,1,1,2,operasional,train,8.0,8.0,2.1972245773362196,0,0,0,23.324546104875456,30000.0,1.0,1.0,1,0,0.0,0.0
BYM,2024-01-15,2024,1,1,3,operasional,train,4.0,4.0,1.6094379124341003,0,0,0,23.324546104875456,16000.0,1.0,1.0,0,0,0.0,0.0
BYM,2024-01-22,2024,1,1,4,operasional,train,0.0,0.0,0.0,0,0,0,23.324546104875456,0.0,0.0,0.0,0,0,0.0,0.0
BYM,2024-01-29,2024,1,1,5,operasional,train,2.0,2.0,1.0986122886681096,0,0,0,23.324546104875456,8000.0,1.0,1.0,0,0,0.0,0.0
BYM,2024-02-05,2024,1,2,6,operasional,train,4.0,4.0,1.6094379124341003,0,0,0,23.324546104875456,16000.0,1.0,1.0,1,0,0.0,0.0
BYM,2024-02-12,2024,1,2,7,operasional,train,4.0,4.0,1.6094379124341003,0,0,0,23.324546104875456,16000.0,1.0,1.0,1,0,0.0,0.0
BYM,2024-02-19,2024,1,2,8,operasional,train,9.0,9.0,2.302585092994046,0,0,0,23.324546104875456,36000.0,1.0,1.0,0,0,0.0,0.0
BYM,2024-02-26,2024,1,2,9,operasional,train,9.0,9.0,2.302585092994046,0,0,0,23.324546104875456,36000.0,1.0,1.0,1,0,0.0,0.0
BYM,2024-03-04,2024,1,3,10,operasional,train,0.0,0.0,0.0,0,0,0,23.324546104875456,0.0,0.0,0.0,0,0,0.0,0.0
BYM,2024-03-11,2024,1,3,11,operasional,train,17.0,17.0,2.8903717578961645,0,0,0,23.324546104875456,68000.0,2.0,1.0,1,0,0.0,0.0
BYM,2024-03-18,2024,1,3,12,operasional,train,11.0,11.0,2.4849066497880004,0,0,0,23.324546104875456,44000.0,1.0,1.0,1,0,0.0,0.0
BYM,2024-03-25,2024,1,3,13,operasional,train,4.0,4.0,1.6094379124341003,0,0,0,23.324546104875456,16000.0,1.0,1.0,0,1,0.0,0.0
BYM,2024-04-01,2024,2,4,14,operasional,train,0.0,0.0,0.0,0,0,0,23.324546104875456,0.0,0.0,0.0,1,0,0.0,0.0
BYM,2024-04-08,2024,2,4,15,operasional,train,5.0,5.0,1.791759469228055,0,0,0,23.324546104875456,20000.0,1.0,1.0,0,0,0.0,0.0
BYM,2024-04-15,2024,2,4,16,operasional,train,6.0,6.0,1.9459101490553132,0,0,0,23.324546104875456,24000.0,1.0,1.0,1,0,0.0,0.0
BYM,2024-04-22,2024,2,4,17,operasional,train,7.0,7.0,2.0794415416798357,0,0,0,23.324546104875456,28000.0,1.0,1.0,1,0,0.0,0.0
BYM,2024-04-29,2024,2,4,18,operasional,train,10.0,10.0,2.3978952727983707,0,0,0,23.324546104875456,40000.0,1.0,1.0,0,1,0.0,0.0
BYM,2024-05-06,2024,2,5,19,operasional,train,0.0,0.0,0.0,0,0,0,23.324546104875456,0.0,0.0,0.0,1,0,0.0,0.0
BYM,2024-05-13,2024,2,5,20,operasional,train,10.0,10.0,2.3978952727983707,0,0,0,23.324546104875456,40000.0,1.0,1.0,0,0,0.0,0.0
BYM,2024-05-20,2024,2,5,21,operasional,train,0.0,0.0,0.0,0,0,0,23.324546104875456,0.0,0.0,0.0,0,1,0.0,0.0
BYM,2024-05-27,2024,2,5,22,operasional,train,0.0,0.0,0.0,0,0,0,23.324546104875456,0.0,0.0,0.0,0,0,0.0,0.0
BYM,2024-06-03,2024,2,6,23,operasional,train,0.0,0.0,0.0,0,0,0,23.324546104875456,0.0,0.0,0.0,0,1,0.0,0.0
BYM,2024-06-10,2024,2,6,24,operasional,train,0.0,0.0,0.0,0,0,0,23.324546104875456,0.0,0.0,0.0,0,1,0.0,0.0
BYM,2024-06-17,2024,2,6,25,operasional,train,0.0,0.0,0.0,0,0,0,23.324546104875456,0.0,0.0,0.0,1,1,0.0,0.0
BYM,2024-06-24,2024,2,6,26,operasional,train,0.0,0.0,0.0,0,0,0,23.324546104875456,0.0,0.0,0.0,1,1,0.0,0.0
BYM,2024-07-01,2024,3,7,27,operasional,train,0.0,0.0,0.0,0,0,0,23.324546104875456,0.0,0.0,0.0,0,1,0.0,0.0
BYM,2024-07-08,2024,3,7,28,operasional,train,0.0,0.0,0.0,0,0,0,23.324546104875456,0.0,0.0,0.0,0,0,0.0,0.0
BYM,2024-07-15,2024,3,7,29,operasional,train,0.0,0.0,0.0,0,0,0,23.324546104875456,0.0,0.0,0.0,0,1,0.0,0.0
BYM,2024-07-22,2024,3,7,30,operasional,train,9.0,9.0,2.302585092994046,0,0,0,23.324546104875456,36000.0,1.0,1.0,0,0,116.0,1.0
BYM,2024-07-29,2024,3,7,31,operasional,train,9.0,9.0,2.302585092994046,0,0,0,23.324546104875456,36000.0,1.0,1.0,1,0,0.0,0.0
BYM,2024-08-05,2024,3,8,32,operasional,train,0.0,0.0,0.0,0,0,0,23.324546104875456,0.0,0.0,0.0,0,0,0.0,0.0
BYM,2024-08-12,2024,3,8,33,operasional,train,6.0,6.0,1.9459101490553132,0,0,0,23.324546104875456,24000.0,1.0,1.0,1,0,0.0,0.0
BYM,2024-08-19,2024,3,8,34,operasional,train,11.0,11.0,2.4849066497880004,0,0,0,23.324546104875456,44000.0,1.0,1.0,1,0,0.0,0.0
BYM,2024-08-26,2024,3,8,35,operasional,train,4.0,4.0,1.6094379124341003,0,0,0,23.324546104875456,16000.0,1.0,1.0,0,1,0.0,0.0
BYM,2024-09-02,2024,3,9,36,operasional,train,0.0,0.0,0.0,0,0,0,23.324546104875456,0.0,0.0,0.0,1,0,0.0,0.0
BYM,2024-09-09,2024,3,9,37,operasional,train,5.0,5.0,1.791759469228055,0,0,0,23.324546104875456,20000.0,1.0,1.0,0,0,0.0,0.0
BYM,2024-09-16,2024,3,9,38,operasional,train,6.0,6.0,1.9459101490553132,0,0,0,23.324546104875456,24000.0,1.0,1.0,1,0,0.0,0.0
BYM,2024-09-23,2024,3,9,39,operasional,train,7.0,7.0,2.0794415416798357,0,0,0,23.324546104875456,28000.0,1.0,1.0,1,0,0.0,0.0
BYM,2024-09-30,2024,3,9,40,operasional,train,10.0,10.0,2.3978952727983707,0,0,0,23.324546104875456,40000.0,1.0,1.0,0,1,0.0,0.0
BYM,2024-10-07,2024,4,10,41,operasional,train,0.0,0.0,0.0,0,0,0,23.324546104875456,0.0,0.0,0.0,1,0,0.0,0.0
BYM,2024-10-14,2024,4,10,42,operasional,train,10.0,10.0,2.3978952727983707,0,0,0,23.324546104875456,40000.0,1.0,1.0,0,0,0.0,0.0
BYM,2024-10-21,2024,4,10,43,tidak_tercatat,train,,,,0,0,0,23.324546104875456,,,,0,0,,
BYM,2024-10-28,2024,4,10,44,tidak_tercatat,train,,,,0,0,0,23.324546104875456,,,,0,0,,
BYM,2024-11-04,2024,4,11,45,tidak_tercatat,train,,,,0,0,0,23.324546104875456,,,,0,0,,
BYM,2024-11-11,2024,4,11,46,tidak_tercatat,train,,,,0,0,0,23.324546104875456,,,,0,0,,
BYM,2024-11-18,2024,4,11,47,tidak_tercatat,train,,,,0,0,0,23.324546104875456,,,,0,0,,
BYM,2024-11-25,2024,4,11,48,tidak_tercatat,train,,,,0,0,0,23.324546104875456,,,,0,0,,
BYM,2024-12-02,2024,4,12,49,tidak_tercatat,train,,,,0,0,0,23.324546104875456,,,,0,0,,
BYM,2024-12-09,2024,4,12,50,tidak_tercatat,train,,,,0,0,0,23.324546104875456,,,,0,0,,
BYM,2024-12-16,2024,4,12,51,tidak_tercatat,train,,,,0,0,0,23.324546104875456,,,,0,0,,
BYM,2024-12-23,2024,4,12,52,tidak_tercatat,train,,,,0,0,0,23.324546104875456,,,,0,0,,
BYM,2024-12-30,2024,4,12,1,tidak_tercatat,train,,,,0,0,0,23.324546104875456,,,,0,0,,
BYM,2025-01-06,2025,1,1,2,tidak_tercatat,train,,,,0,0,0,23.324546104875456,,,,0,0,,
BYM,2025-01-13,2025,1,1,3,tidak_tercatat,train,,,,0,0,0,23.324546104875456,,,,0,0,,
BYM,2025-01-20,2025,1,1,4,tidak_tercatat,train,,,,0,0,0,23.324546104875456,,,,0,0,,
BYM,2025-01-27,2025,1,1,5,operasional,train,0.0,0.0,0.0,0,0,0,23.324546104875456,0.0,0.0,0.0,0,0,0.0,0.0
BYM,2025-02-03,2025,1,2,6,operasional,train,0.0,0.0,0.0,0,0,0,23.324546104875456,0.0,0.0,0.0,0,0,0.0,0.0
BYM,2025-02-10,2025,1,2,7,operasional,train,0.0,0.0,0.0,0,0,0,23.324546104875456,0.0,0.0,0.0,0,0,0.0,0.0
BYM,2025-02-17,2025,1,2,8,operasional,train,0.0,0.0,0.0,0,0,0,23.324546104875456,0.0,0.0,0.0,0,0,0.0,0.0
BYM,2025-02-24,2025,1,2,9,operasional,train,0.0,0.0,0.0,0,0,0,23.324546104875456,0.0,0.0,0.0,0,0,0.0,0.0
BYM,2025-03-03,2025,1,3,10,tidak_tercatat,train,,,,0,0,0,23.324546104875456,,,,0,0,,
BYM,2025-03-10,2025,1,3,11,tidak_tercatat,train,,,,0,0,0,23.324546104875456,,,,0,0,,
BYM,2025-03-17,2025,1,3,12,tidak_tercatat,train,,,,0,0,0,23.324546104875456,,,,0,0,,
BYM,2025-03-24,2025,1,3,13,tidak_tercatat,train,,,,0,0,0,23.324546104875456,,,,0,0,,
BYM,2025-03-31,2025,1,3,14,tidak_tercatat,train,,,,0,0,0,23.324546104875456,,,,0,0,,
BYM,2025-04-07,2025,2,4,15,tidak_tercatat,train,,,,0,0,0,23.324546104875456,,,,0,0,,
BYM,2025-04-14,2025,2,4,16,operasional,train,0.0,0.0,0.0,0,0,0,23.324546104875456,0.0,0.0,0.0,0,0,0.0,0.0
BYM,2025-04-21,2025,2,4,17,operasional,train,0.0,0.0,0.0,0,0,0,23.324546104875456,0.0,0.0,0.0,0,0,0.0,0.0
BYM,2025-04-28,2025,2,4,18,operasional,train,0.0,0.0,0.0,0,0,0,23.324546104875456,0.0,0.0,0.0,0,0,0.0,0.0
BYM,2025-05-05,2025,2,5,19,operasional,train,0.0,0.0,0.0,0,0,0,23.324546104875456,0.0,0.0,0.0,0,0,0.0,0.0
BYM,2025-05-12,2025,2,5,20,operasional,train,0.0,0.0,0.0,0,0,0,23.324546104875456,0.0,0.0,0.0,0,0,0.0,0.0
BYM,2025-05-19,2025,2,5,21,operasional,train,0.0,0.0,0.0,0,0,0,23.324546104875456,0.0,0.0,0.0,0,0,0.0,0.0
BYM,2025-05-26,2025,2,5,22,operasional,train,0.0,0.0,0.0,0,0,0,23.324546104875456,0.0,0.0,0.0,0,0,0.0,0.0
BYM,2025-06-02,2025,2,6,23,operasional,train,0.0,0.0,0.0,0,0,0,23.324546104875456,0.0,0.0,0.0,0,0,0.0,0.0
BYM,2025-06-09,2025,2,6,24,operasional,train,0.0,0.0,0.0,0,0,0,23.324546104875456,0.0,0.0,0.0,1,1,0.0,0.0
BYM,2025-06-16,2025,2,6,25,operasional,train,0.0,0.0,0.0,0,0,0,23.324546104875456,0.0,0.0,0.0,0,0,0.0,0.0
BYM,2025-06-23,2025,2,6,26,operasional,train,0.0,0.0,0.0,0,0,0,23.324546104875456,0.0,0.0,0.0,1,1,0.0,0.0
BYM,2025-06-30,2025,2,6,27,operasional,train,0.0,0.0,0.0,0,0,0,23.324546104875456,0.0,0.0,0.0,0,0,0.0,0.0
BYM,2025-07-07,2025,3,7,28,operasional,train,0.0,0.0,0.0,0,0,0,23.324546104875456,0.0,0.0,0.0,0,0,0.0,0.0
BYM,2025-07-14,2025,3,7,29,operasional,train,6.0,6.0,1.9459101490553132,0,0,0,23.324546104875456,24000.0,1.0,1.0,0,0,96.5,1.0
BYM,2025-07-21,2025,3,7,30,operasional,train,0.0,0.0,0.0,0,0,0,23.324546104875456,0.0,0.0,0.0,0,0,0.0,0.0
BYM,2025-07-28,2025,3,7,31,operasional,train,0.0,0.0,0.0,0,0,0,23.324546104875456,0.0,0.0,0.0,0,0,0.0,0.0
BYM,2025-08-04,2025,3,8,32,operasional,train,15.0,15.0,2.772588722239781,0,0,0,23.324546104875456,60000.0,2.0,1.0,0,0,0.0,0.0
BYM,2025-08-11,2025,3,8,33,operasional,train,6.0,6.0,1.9459101490553132,0,0,0,23.324546104875456,24000.0,1.0,1.0,1,0,0.0,0.0
BYM,2025-08-18,2025,3,8,34,operasional,train,11.0,11.0,2.4849066497880004,0,0,0,23.324546104875456,44000.0,2.0,2.0,0,0,0.0,0.0
BYM,2025-08-25,2025,3,8,35,operasional,train,0.0,0.0,0.0,0,0,0,23.324546104875456,0.0,0.0,0.0,0,0,0.0,0.0
BYM,2025-09-01,2025,3,9,36,operasional,train,0.0,0.0,0.0,0,0,0,23.324546104875456,0.0,0.0,0.0,0,0,0.0,0.0
BYM,2025-09-08,2025,3,9,37,operasional,train,0.0,0.0,0.0,0,0,0,23.324546104875456,0.0,0.0,0.0,0,0,0.0,0.0
BYM,2025-09-15,2025,3,9,38,operasional,train,0.0,0.0,0.0,0,0,0,23.324546104875456,0.0,0.0,0.0,0,0,0.0,0.0
BYM,2025-09-22,2025,3,9,39,operasional,train,0.0,0.0,0.0,0,0,0,23.324546104875456,0.0,0.0,0.0,0,1,0.0,0.0
BYM,2025-09-29,2025,3,9,40,operasional,train,0.0,0.0,0.0,0,0,0,23.324546104875456,0.0,0.0,0.0,0,0,0.0,0.0
BYM,2025-10-06,2025,4,10,41,operasional,train,0.0,0.0,0.0,0,0,0,23.324546104875456,0.0,0.0,0.0,0,0,0.0,0.0
BYM,2025-10-13,2025,4,10,42,operasional,train,0.0,0.0,0.0,0,0,0,23.324546104875456,0.0,0.0,0.0,0,0,0.0,0.0
BYM,2025-10-20,2025,4,10,43,operasional,train,0.0,0.0,0.0,0,0,0,23.324546104875456,0.0,0.0,0.0,0,0,0.0,0.0
BYM,2025-10-27,2025,4,10,44,operasional,train,0.0,0.0,0.0,0,0,0,23.324546104875456,0.0,0.0,0.0,0,0,0.0,0.0
BYM,2025-11-03,2025,4,11,45,operasional,train,0.0,0.0,0.0,0,0,0,23.324546104875456,0.0,0.0,0.0,0,0,0.0,0.0
BYM,2025-11-10,2025,4,11,46,operasional,train,0.0,0.0,0.0,0,0,0,23.324546104875456,0.0,0.0,0.0,0,0,0.0,0.0
BYM,2025-11-17,2025,4,11,47,operasional,train,0.0,0.0,0.0,0,0,0,23.324546104875456,0.0,0.0,0.0,0,0,0.0,0.0
BYM,2025-11-24,2025,4,11,48,operasional,train,0.0,0.0,0.0,0,0,0,23.324546104875456,0.0,0.0,0.0,0,0,0.0,0.0
BYM,2025-12-01,2025,4,12,49,operasional,train,0.0,0.0,0.0,0,0,0,23.324546104875456,0.0,0.0,0.0,1,0,0.0,0.0
BYM,2025-12-08,2025,4,12,50,operasional,train,0.0,0.0,0.0,0,0,0,23.324546104875456,0.0,0.0,0.0,0,0,0.0,0.0
BYM,2025-12-15,2025,4,12,51,operasional,train,6.0,6.0,1.9459101490553132,0,0,0,23.324546104875456,24000.0,1.0,1.0,0,0,77.0,1.0
BYM,2025-12-22,2025,4,12,52,operasional,train,0.0,0.0,0.0,0,0,0,23.324546104875456,0.0,0.0,0.0,0,0,0.0,0.0
BYM,2025-12-29,2025,4,12,1,operasional,train,0.0,0.0,0.0,0,0,0,23.324546104875456,0.0,0.0,0.0,0,0,0.0,0.0
BYM,2026-01-05,2026,1,1,2,operasional,train,0.0,0.0,0.0,0,0,0,23.324546104875456,0.0,0.0,0.0,0,0,0.0,0.0
BYM,2026-01-12,2026,1,1,3,operasional,train,0.0,0.0,0.0,0,0,0,23.324546104875456,0.0,0.0,0.0,0,0,0.0,0.0
BYM,2026-01-19,2026,1,1,4,operasional,train,0.0,0.0,0.0,0,0,0,23.324546104875456,0.0,0.0,0.0,0,0,0.0,0.0
BYM,2026-01-26,2026,1,1,5,operasional,train,0.0,0.0,0.0,0,0,0,23.324546104875456,0.0,0.0,0.0,0,0,0.0,0.0
BYM,2026-02-02,2026,1,2,6,operasional,train,0.0,0.0,0.0,0,0,0,23.324546104875456,0.0,0.0,0.0,1,0,0.0,0.0
BYM,2026-02-09,2026,1,2,7,operasional,train,0.0,0.0,0.0,0,0,0,23.324546104875456,0.0,0.0,0.0,0,0,0.0,0.0
BYM,2026-02-16,2026,1,2,8,operasional,train,0.0,0.0,0.0,0,0,0,23.324546104875456,0.0,0.0,0.0,0,0,0.0,0.0
BYM,2026-02-23,2026,1,2,9,operasional,train,0.0,0.0,0.0,0,0,0,23.324546104875456,0.0,0.0,0.0,0,0,0.0,0.0
BYM,2026-03-02,2026,1,3,10,operasional,train,0.0,0.0,0.0,0,0,0,23.324546104875456,0.0,0.0,0.0,0,0,0.0,0.0
BYM,2026-03-09,2026,1,3,11,operasional,train,0.0,0.0,0.0,0,0,0,23.324546104875456,0.0,0.0,0.0,0,0,0.0,0.0
BYM,2026-03-16,2026,1,3,12,operasional,train,0.0,0.0,0.0,0,0,0,23.324546104875456,0.0,0.0,0.0,1,0,0.0,0.0
BYM,2026-03-23,2026,1,3,13,operasional,train,0.0,0.0,0.0,0,0,0,23.324546104875456,0.0,0.0,0.0,0,0,0.0,0.0
BYM,2026-03-30,2026,1,3,14,operasional,train,0.0,0.0,0.0,0,0,0,23.324546104875456,0.0,0.0,0.0,1,0,0.0,0.0
BYM,2026-04-06,2026,2,4,15,operasional,test,0.0,0.0,0.0,0,0,0,23.324546104875456,0.0,0.0,0.0,0,0,0.0,0.0
BYM,2026-04-13,2026,2,4,16,operasional,test,0.0,0.0,0.0,0,0,0,23.324546104875456,0.0,0.0,0.0,0,1,0.0,0.0
BYM,2026-04-20,2026,2,4,17,operasional,test,0.0,0.0,0.0,0,0,0,23.324546104875456,0.0,0.0,0.0,0,0,0.0,0.0
BYM,2026-04-27,2026,2,4,18,operasional,test,0.0,0.0,0.0,0,0,0,23.324546104875456,0.0,0.0,0.0,0,0,0.0,0.0
BYM,2026-05-04,2026,2,5,19,operasional,test,0.0,0.0,0.0,0,0,0,23.324546104875456,0.0,0.0,0.0,1,0,0.0,0.0
BYM,2026-05-11,2026,2,5,20,operasional,test,0.0,0.0,0.0,0,0,0,23.324546104875456,0.0,0.0,0.0,0,1,0.0,0.0
BYM,2026-05-18,2026,2,5,21,operasional,test,0.0,0.0,0.0,0,0,0,23.324546104875456,0.0,0.0,0.0,0,0,0.0,0.0
BYM,2026-05-25,2026,2,5,22,operasional,test,0.0,0.0,0.0,0,0,0,23.324546104875456,0.0,0.0,0.0,0,0,0.0,0.0
BYM,2026-06-01,2026,2,6,23,operasional,test,0.0,0.0,0.0,0,0,0,23.324546104875456,0.0,0.0,0.0,0,0,0.0,0.0
BYM,2026-06-08,2026,2,6,24,operasional,test,0.0,0.0,0.0,0,0,0,23.324546104875456,0.0,0.0,0.0,0,0,0.0,0.0
BYM,2026-06-15,2026,2,6,25,operasional,test,0.0,0.0,0.0,0,0,0,23.324546104875456,0.0,0.0,0.0,0,0,0.0,0.0
BYM,2026-06-22,2026,2,6,26,operasional,test,0.0,0.0,0.0,0,0,0,23.324546104875456,0.0,0.0,0.0,1,0,0.0,0.0
BYM,2026-06-29,2026,2,6,27,operasional,test,0.0,0.0,0.0,0,0,0,23.324546104875456,0.0,0.0,0.0,0,1,0.0,0.0
BYM,2026-07-06,2026,3,7,28,operasional,test,0.0,0.0,0.0,0,0,0,23.324546104875456,0.0,0.0,0.0,0,0,0.0,0.0
BYM,2026-07-13,2026,3,7,29,operasional,test,0.0,0.0,0.0,0,0,0,23.324546104875456,0.0,0.0,0.0,0,0,0.0,0.0
BYM,2026-07-20,2026,3,7,30,operasional,test,0.0,0.0,0.0,0,0,0,23.324546104875456,0.0,0.0,0.0,1,1,0.0,0.0
BYM,2026-07-27,2026,3,7,31,operasional,test,0.0,0.0,0.0,0,0,0,23.324546104875456,0.0,0.0,0.0,0,0,0.0,0.0
BYM,2026-08-03,2026,3,8,32,operasional,test,0.0,0.0,0.0,0,0,0,23.324546104875456,0.0,0.0,0.0,0,0,0.0,0.0
BYM,2026-08-10,2026,3,8,33,operasional,test,0.0,0.0,0.0,0,0,0,23.324546104875456,0.0,0.0,0.0,0,1,0.0,0.0
BYM,2026-08-17,2026,3,8,34,operasional,test,0.0,0.0,0.0,0,0,0,23.324546104875456,0.0,0.0,0.0,0,1,0.0,0.0
BYM,2026-08-24,2026,3,8,35,operasional,test,0.0,0.0,0.0,0,0,0,23.324546104875456,0.0,0.0,0.0,1,0,0.0,0.0
BYM,2026-08-31,2026,3,8,36,operasional,test,0.0,0.0,0.0,0,0,0,23.324546104875456,0.0,0.0,0.0,0,1,0.0,0.0
BYM,2026-09-07,2026,3,9,37,operasional,test,0.0,0.0,0.0,0,0,0,23.324546104875456,0.0,0.0,0.0,0,0,0.0,0.0
BYM,2026-09-14,2026,3,9,38,operasional,test,0.0,0.0,0.0,0,0,0,23.324546104875456,0.0,0.0,0.0,1,1,0.0,0.0
BYM,2026-09-21,2026,3,9,39,operasional,test,0.0,0.0,0.0,0,0,0,23.324546104875456,0.0,0.0,0.0,0,0,0.0,0.0
CKP,2024-01-01,2024,1,1,1,sebelum_produk_dijual,train,,,,0,0,0,50.99443052992551,,,,1,0,,
CKP,2024-01-08,2024,1,1,2,sebelum_produk_dijual,train,,,,0,0,0,50.99443052992551,,,,1,0,,
CKP,2024-01-15,2024,1,1,3,sebelum_produk_dijual,train,,,,0,0,0,50.99443052992551,,,,0,0,,
CKP,2024-01-22,2024,1,1,4,sebelum_produk_dijual,train,,,,0,0,0,50.99443052992551,,,,0,0,,
CKP,2024-01-29,2024,1,1,5,sebelum_produk_dijual,train,,,,0,0,0,50.99443052992551,,,,0,0,,
CKP,2024-02-05,2024,1,2,6,sebelum_produk_dijual,train,,,,0,0,0,50.99443052992551,,,,1,0,,
CKP,2024-02-12,2024,1,2,7,sebelum_produk_dijual,train,,,,0,0,0,50.99443052992551,,,,1,0,,
CKP,2024-02-19,2024,1,2,8,sebelum_produk_dijual,train,,,,0,0,0,50.99443052992551,,,,0,0,,
CKP,2024-02-26,2024,1,2,9,sebelum_produk_dijual,train,,,,0,0,0,50.99443052992551,,,,1,0,,
CKP,2024-03-04,2024,1,3,10,sebelum_produk_dijual,train,,,,0,0,0,50.99443052992551,,,,0,0,,
CKP,2024-03-11,2024,1,3,11,sebelum_produk_dijual,train,,,,0,0,0,50.99443052992551,,,,1,0,,
CKP,2024-03-18,2024,1,3,12,sebelum_produk_dijual,train,,,,0,0,0,50.99443052992551,,,,1,0,,
CKP,2024-03-25,2024,1,3,13,sebelum_produk_dijual,train,,,,0,0,0,50.99443052992551,,,,0,1,,
CKP,2024-04-01,2024,2,4,14,sebelum_produk_dijual,train,,,,0,0,0,50.99443052992551,,,,1,0,,
CKP,2024-04-08,2024,2,4,15,sebelum_produk_dijual,train,,,,0,0,0,50.99443052992551,,,,0,0,,
CKP,2024-04-15,2024,2,4,16,sebelum_produk_dijual,train,,,,0,0,0,50.99443052992551,,,,1,0,,
CKP,2024-04-22,2024,2,4,17,sebelum_produk_dijual,train,,,,0,0,0,50.99443052992551,,,,1,0,,
CKP,2024-04-29,2024,2,4,18,sebelum_produk_dijual,train,,,,0,0,0,50.99443052992551,,,,0,1,,
CKP,2024-05-06,2024,2,5,19,sebelum_produk_dijual,train,,,,0,0,0,50.99443052992551,,,,1,0,,
CKP,2024-05-13,2024,2,5,20,sebelum_produk_dijual,train,,,,0,0,0,50.99443052992551,,,,0,0,,
CKP,2024-05-20,2024,2,5,21,sebelum_produk_dijual,train,,,,0,0,0,50.99443052992551,,,,0,1,,
CKP,2024-05-27,2024,2,5,22,sebelum_produk_dijual,train,,,,0,0,0,50.99443052992551,,,,0,0,,
CKP,2024-06-03,2024,2,6,23,sebelum_produk_dijual,train,,,,0,0,0,50.99443052992551,,,,0,1,,
CKP,2024-06-10,2024,2,6,24,sebelum_produk_dijual,train,,,,0,0,0,50.99443052992551,,,,0,1,,
CKP,2024-06-17,2024,2,6,25,sebelum_produk_dijual,train,,,,0,0,0,50.99443052992551,,,,1,1,,
CKP,2024-06-24,2024,2,6,26,operasional,train,9.0,9.0,2.302585092994046,0,0,0,50.99443052992551,90000.0,1.0,1.0,1,1,11.0,1.0
CKP,2024-07-01,2024,3,7,27,operasional,train,0.0,0.0,0.0,0,0,0,50.99443052992551,0.0,0.0,0.0,0,1,0.0,0.0
CKP,2024-07-08,2024,3,7,28,operasional,train,0.0,0.0,0.0,0,0,0,50.99443052992551,0.0,0.0,0.0,0,0,0.0,0.0
CKP,2024-07-15,2024,3,7,29,operasional,train,0.0,0.0,0.0,0,0,0,50.99443052992551,0.0,0.0,0.0,0,1,0.0,0.0
CKP,2024-07-22,2024,3,7,30,operasional,train,0.0,0.0,0.0,0,0,0,50.99443052992551,0.0,0.0,0.0,0,0,0.0,0.0
CKP,2024-07-29,2024,3,7,31,operasional,train,0.0,0.0,0.0,0,0,0,50.99443052992551,0.0,0.0,0.0,1,0,0.0,0.0
CKP,2024-08-05,2024,3,8,32,operasional,train,0.0,0.0,0.0,0,0,0,50.99443052992551,0.0,0.0,0.0,0,0,0.0,0.0
CKP,2024-08-12,2024,3,8,33,operasional,train,0.0,0.0,0.0,0,0,0,50.99443052992551,0.0,0.0,0.0,1,0,0.0,0.0
CKP,2024-08-19,2024,3,8,34,operasional,train,0.0,0.0,0.0,0,0,0,50.99443052992551,0.0,0.0,0.0,1,0,0.0,0.0
CKP,2024-08-26,2024,3,8,35,operasional,train,0.0,0.0,0.0,0,0,0,50.99443052992551,0.0,0.0,0.0,0,1,0.0,0.0
CKP,2024-09-02,2024,3,9,36,operasional,train,0.0,0.0,0.0,0,0,0,50.99443052992551,0.0,0.0,0.0,1,0,0.0,0.0
CKP,2024-09-09,2024,3,9,37,operasional,train,0.0,0.0,0.0,0,0,0,50.99443052992551,0.0,0.0,0.0,0,0,0.0,0.0
CKP,2024-09-16,2024,3,9,38,operasional,train,0.0,0.0,0.0,0,0,0,50.99443052992551,0.0,0.0,0.0,1,0,0.0,0.0
CKP,2024-09-23,2024,3,9,39,operasional,train,0.0,0.0,0.0,0,0,0,50.99443052992551,0.0,0.0,0.0,1,0,0.0,0.0
CKP,2024-09-30,2024,3,9,40,operasional,train,0.0,0.0,0.0,0,0,0,50.99443052992551,0.0,0.0,0.0,0,1,0.0,0.0
CKP,2024-10-07,2024,4,10,41,operasional,train,0.0,0.0,0.0,0,0,0,50.99443052992551,0.0,0.0,0.0,1,0,0.0,0.0
CKP,2024-10-14,2024,4,10,42,operasional,train,0.0,0.0,0.0,0,0,0,50.99443052992551,0.0,0.0,0.0,0,0,0.0,0.0
CKP,2024-10-21,2024,4,10,43,tidak_tercatat,train,,,,0,0,0,50.99443052992551,,,,0,0,,
CKP,2024-10-28,2024,4,10,44,tidak_tercatat,train,,,,0,0,0,50.99443052992551,,,,0,0,,
CKP,2024-11-04,2024,4,11,45,tidak_tercatat,train,,,,0,0,0,50.99443052992551,,,,0,0,,
CKP,2024-11-11,2024,4,11,46,tidak_tercatat,train,,,,0,0,0,50.99443052992551,,,,0,0,,
CKP,2024-11-18,2024,4,11,47,tidak_tercatat,train,,,,0,0,0,50.99443052992551,,,,0,0,,
CKP,2024-11-25,2024,4,11,48,tidak_tercatat,train,,,,0,0,0,50.99443052992551,,,,0,0,,
CKP,2024-12-02,2024,4,12,49,tidak_tercatat,train,,,,0,0,0,50.99443052992551,,,,0,0,,
CKP,2024-12-09,2024,4,12,50,tidak_tercatat,train,,,,0,0,0,50.99443052992551,,,,0,0,,
CKP,2024-12-16,2024,4,12,51,tidak_tercatat,train,,,,0,0,0,50.99443052992551,,,,0,0,,
CKP,2024-12-23,2024,4,12,52,tidak_tercatat,train,,,,0,0,0,50.99443052992551,,,,0,0,,
CKP,2024-12-30,2024,4,12,1,tidak_tercatat,train,,,,0,0,0,50.99443052992551,,,,0,0,,
CKP,2025-01-06,2025,1,1,2,tidak_tercatat,train,,,,0,0,0,50.99443052992551,,,,0,0,,
CKP,2025-01-13,2025,1,1,3,tidak_tercatat,train,,,,0,0,0,50.99443052992551,,,,0,0,,
CKP,2025-01-20,2025,1,1,4,tidak_tercatat,train,,,,0,0,0,50.99443052992551,,,,0,0,,
CKP,2025-01-27,2025,1,1,5,operasional,train,0.0,0.0,0.0,0,0,0,50.99443052992551,0.0,0.0,0.0,0,0,0.0,0.0
CKP,2025-02-03,2025,1,2,6,operasional,train,0.0,0.0,0.0,0,0,0,50.99443052992551,0.0,0.0,0.0,0,0,0.0,0.0
CKP,2025-02-10,2025,1,2,7,operasional,train,0.0,0.0,0.0,0,0,0,50.99443052992551,0.0,0.0,0.0,0,0,0.0,0.0
CKP,2025-02-17,2025,1,2,8,operasional,train,0.0,0.0,0.0,0,0,0,50.99443052992551,0.0,0.0,0.0,0,0,0.0,0.0
CKP,2025-02-24,2025,1,2,9,operasional,train,0.0,0.0,0.0,0,0,0,50.99443052992551,0.0,0.0,0.0,0,0,0.0,0.0
CKP,2025-03-03,2025,1,3,10,tidak_tercatat,train,,,,0,0,0,50.99443052992551,,,,0,0,,
CKP,2025-03-10,2025,1,3,11,tidak_tercatat,train,,,,0,0,0,50.99443052992551,,,,0,0,,
CKP,2025-03-17,2025,1,3,12,tidak_tercatat,train,,,,0,0,0,50.99443052992551,,,,0,0,,
CKP,2025-03-24,2025,1,3,13,tidak_tercatat,train,,,,0,0,0,50.99443052992551,,,,0,0,,
CKP,2025-03-31,2025,1,3,14,tidak_tercatat,train,,,,0,0,0,50.99443052992551,,,,0,0,,
CKP,2025-04-07,2025,2,4,15,tidak_tercatat,train,,,,0,0,0,50.99443052992551,,,,0,0,,
CKP,2025-04-14,2025,2,4,16,operasional,train,0.0,0.0,0.0,0,0,0,50.99443052992551,0.0,0.0,0.0,0,0,0.0,0.0
CKP,2025-04-21,2025,2,4,17,operasional,train,0.0,0.0,0.0,0,0,0,50.99443052992551,0.0,0.0,0.0,0,0,0.0,0.0
CKP,2025-04-28,2025,2,4,18,operasional,train,0.0,0.0,0.0,0,0,0,50.99443052992551,0.0,0.0,0.0,0,0,0.0,0.0
CKP,2025-05-05,2025,2,5,19,operasional,train,0.0,0.0,0.0,0,0,0,50.99443052992551,0.0,0.0,0.0,0,0,0.0,0.0
CKP,2025-05-12,2025,2,5,20,operasional,train,0.0,0.0,0.0,0,0,0,50.99443052992551,0.0,0.0,0.0,0,0,0.0,0.0
CKP,2025-05-19,2025,2,5,21,operasional,train,0.0,0.0,0.0,0,0,0,50.99443052992551,0.0,0.0,0.0,0,0,0.0,0.0
CKP,2025-05-26,2025,2,5,22,operasional,train,0.0,0.0,0.0,0,0,0,50.99443052992551,0.0,0.0,0.0,0,0,0.0,0.0
CKP,2025-06-02,2025,2,6,23,operasional,train,0.0,0.0,0.0,0,0,0,50.99443052992551,0.0,0.0,0.0,0,0,0.0,0.0
CKP,2025-06-09,2025,2,6,24,operasional,train,4.0,4.0,1.6094379124341003,0,0,0,50.99443052992551,40000.0,1.0,1.0,1,1,10.0,1.0
CKP,2025-06-16,2025,2,6,25,operasional,train,0.0,0.0,0.0,0,0,0,50.99443052992551,0.0,0.0,0.0,0,0,0.0,0.0
CKP,2025-06-23,2025,2,6,26,operasional,train,0.0,0.0,0.0,0,0,0,50.99443052992551,0.0,0.0,0.0,1,1,0.0,0.0
CKP,2025-06-30,2025,2,6,27,operasional,train,0.0,0.0,0.0,0,0,0,50.99443052992551,0.0,0.0,0.0,0,0,0.0,0.0
CKP,2025-07-07,2025,3,7,28,operasional,train,0.0,0.0,0.0,0,0,0,50.99443052992551,0.0,0.0,0.0,0,0,0.0,0.0
CKP,2025-07-14,2025,3,7,29,operasional,train,0.0,0.0,0.0,0,0,0,50.99443052992551,0.0,0.0,0.0,0,0,0.0,0.0
CKP,2025-07-21,2025,3,7,30,operasional,train,0.0,0.0,0.0,0,0,0,50.99443052992551,0.0,0.0,0.0,0,0,0.0,0.0
CKP,2025-07-28,2025,3,7,31,operasional,train,0.0,0.0,0.0,0,0,0,50.99443052992551,0.0,0.0,0.0,0,0,0.0,0.0
CKP,2025-08-04,2025,3,8,32,operasional,train,0.0,0.0,0.0,0,0,0,50.99443052992551,0.0,0.0,0.0,0,0,0.0,0.0
CKP,2025-08-11,2025,3,8,33,operasional,train,0.0,0.0,0.0,0,0,0,50.99443052992551,0.0,0.0,0.0,1,0,0.0,0.0
CKP,2025-08-18,2025,3,8,34,operasional,train,0.0,0.0,0.0,0,0,0,50.99443052992551,0.0,0.0,0.0,0,0,0.0,0.0
CKP,2025-08-25,2025,3,8,35,operasional,train,0.0,0.0,0.0,0,0,0,50.99443052992551,0.0,0.0,0.0,0,0,0.0,0.0
CKP,2025-09-01,2025,3,9,36,operasional,train,0.0,0.0,0.0,0,0,0,50.99443052992551,0.0,0.0,0.0,0,0,0.0,0.0
CKP,2025-09-08,2025,3,9,37,operasional,train,0.0,0.0,0.0,0,0,0,50.99443052992551,0.0,0.0,0.0,0,0,0.0,0.0
CKP,2025-09-15,2025,3,9,38,operasional,train,0.0,0.0,0.0,0,0,0,50.99443052992551,0.0,0.0,0.0,0,0,0.0,0.0
CKP,2025-09-22,2025,3,9,39,operasional,train,0.0,0.0,0.0,0,0,0,50.99443052992551,0.0,0.0,0.0,0,1,0.0,0.0
CKP,2025-09-29,2025,3,9,40,operasional,train,0.0,0.0,0.0,0,0,0,50.99443052992551,0.0,0.0,0.0,0,0,0.0,0.0
CKP,2025-10-06,2025,4,10,41,operasional,train,0.0,0.0,0.0,0,0,0,50.99443052992551,0.0,0.0,0.0,0,0,0.0,0.0
CKP,2025-10-13,2025,4,10,42,operasional,train,0.0,0.0,0.0,0,0,0,50.99443052992551,0.0,0.0,0.0,0,0,0.0,0.0
CKP,2025-10-20,2025,4,10,43,operasional,train,0.0,0.0,0.0,0,0,0,50.99443052992551,0.0,0.0,0.0,0,0,0.0,0.0
CKP,2025-10-27,2025,4,10,44,operasional,train,0.0,0.0,0.0,0,0,0,50.99443052992551,0.0,0.0,0.0,0,0,0.0,0.0
CKP,2025-11-03,2025,4,11,45,operasional,train,0.0,0.0,0.0,0,0,0,50.99443052992551,0.0,0.0,0.0,0,0,0.0,0.0
CKP,2025-11-10,2025,4,11,46,operasional,train,0.0,0.0,0.0,0,0,0,50.99443052992551,0.0,0.0,0.0,0,0,0.0,0.0
CKP,2025-11-17,2025,4,11,47,operasional,train,0.0,0.0,0.0,0,0,0,50.99443052992551,0.0,0.0,0.0,0,0,0.0,0.0
CKP,2025-11-24,2025,4,11,48,operasional,train,0.0,0.0,0.0,0,0,0,50.99443052992551,0.0,0.0,0.0,0,0,0.0,0.0
CKP,2025-12-01,2025,4,12,49,operasional,train,0.0,0.0,0.0,0,0,0,50.99443052992551,0.0,0.0,0.0,1,0,0.0,0.0
CKP,2025-12-08,2025,4,12,50,operasional,train,0.0,0.0,0.0,0,0,0,50.99443052992551,0.0,0.0,0.0,0,0,0.0,0.0
CKP,2025-12-15,2025,4,12,51,operasional,train,0.0,0.0,0.0,0,0,0,50.99443052992551,0.0,0.0,0.0,0,0,0.0,0.0
CKP,2025-12-22,2025,4,12,52,operasional,train,0.0,0.0,0.0,0,0,0,50.99443052992551,0.0,0.0,0.0,0,0,0.0,0.0
CKP,2025-12-29,2025,4,12,1,operasional,train,0.0,0.0,0.0,0,0,0,50.99443052992551,0.0,0.0,0.0,0,0,0.0,0.0
CKP,2026-01-05,2026,1,1,2,operasional,train,0.0,0.0,0.0,0,0,0,50.99443052992551,0.0,0.0,0.0,0,0,0.0,0.0
CKP,2026-01-12,2026,1,1,3,operasional,train,0.0,0.0,0.0,0,0,0,50.99443052992551,0.0,0.0,0.0,0,0,0.0,0.0
CKP,2026-01-19,2026,1,1,4,operasional,train,0.0,0.0,0.0,0,0,0,50.99443052992551,0.0,0.0,0.0,0,0,0.0,0.0
CKP,2026-01-26,2026,1,1,5,operasional,train,0.0,0.0,0.0,0,0,0,50.99443052992551,0.0,0.0,0.0,0,0,0.0,0.0
CKP,2026-02-02,2026,1,2,6,operasional,train,17.0,17.0,2.8903717578961645,0,0,0,50.99443052992551,170000.0,2.0,2.0,1,0,238.0,1.0
CKP,2026-02-09,2026,1,2,7,operasional,train,180.0,50.99443052992551,3.951136607651516,1,1,0,50.99443052992551,1800000.0,1.0,1.0,0,0,0.0,0.0
CKP,2026-02-16,2026,1,2,8,operasional,train,0.0,0.0,0.0,0,0,0,50.99443052992551,0.0,0.0,0.0,0,0,0.0,0.0
CKP,2026-02-23,2026,1,2,9,operasional,train,0.0,0.0,0.0,0,0,0,50.99443052992551,0.0,0.0,0.0,0,0,0.0,0.0
CKP,2026-03-02,2026,1,3,10,operasional,train,0.0,0.0,0.0,0,0,0,50.99443052992551,0.0,0.0,0.0,0,0,0.0,0.0
CKP,2026-03-09,2026,1,3,11,operasional,train,4.0,4.0,1.6094379124341003,0,0,0,50.99443052992551,40000.0,2.0,1.0,0,0,0.0,0.0
CKP,2026-03-16,2026,1,3,12,operasional,train,0.0,0.0,0.0,0,0,0,50.99443052992551,0.0,0.0,0.0,1,0,0.0,0.0
CKP,2026-03-23,2026,1,3,13,operasional,train,4.0,4.0,1.6094379124341003,0,0,0,50.99443052992551,40000.0,1.0,1.0,0,0,0.0,0.0
CKP,2026-03-30,2026,1,3,14,operasional,train,10.0,10.0,2.3978952727983707,0,0,0,50.99443052992551,100000.0,1.0,1.0,1,0,0.0,0.0
CKP,2026-04-06,2026,2,4,15,operasional,test,0.0,0.0,0.0,0,0,0,50.99443052992551,0.0,0.0,0.0,0,0,0.0,0.0
CKP,2026-04-13,2026,2,4,16,operasional,test,0.0,0.0,0.0,0,0,0,50.99443052992551,0.0,0.0,0.0,0,1,0.0,0.0
CKP,2026-04-20,2026,2,4,17,operasional,test,0.0,0.0,0.0,0,0,0,50.99443052992551,0.0,0.0,0.0,0,0,0.0,0.0
CKP,2026-04-27,2026,2,4,18,operasional,test,0.0,0.0,0.0,0,0,0,50.99443052992551,0.0,0.0,0.0,0,0,0.0,0.0
CKP,2026-05-04,2026,2,5,19,operasional,test,0.0,0.0,0.0,0,0,0,50.99443052992551,0.0,0.0,0.0,1,0,0.0,0.0
CKP,2026-05-11,2026,2,5,20,operasional,test,12.0,12.0,2.5649493574615367,0,0,0,50.99443052992551,120000.0,1.0,1.0,0,1,0.0,0.0
CKP,2026-05-18,2026,2,5,21,operasional,test,0.0,0.0,0.0,0,0,0,50.99443052992551,0.0,0.0,0.0,0,0,0.0,0.0
CKP,2026-05-25,2026,2,5,22,operasional,test,0.0,0.0,0.0,0,0,0,50.99443052992551,0.0,0.0,0.0,0,0,0.0,0.0
CKP,2026-06-01,2026,2,6,23,operasional,test,0.0,0.0,0.0,0,0,0,50.99443052992551,0.0,0.0,0.0,0,0,0.0,0.0
CKP,2026-06-08,2026,2,6,24,operasional,test,0.0,0.0,0.0,0,0,0,50.99443052992551,0.0,0.0,0.0,0,0,0.0,0.0
CKP,2026-06-15,2026,2,6,25,operasional,test,0.0,0.0,0.0,0,0,0,50.99443052992551,0.0,0.0,0.0,0,0,0.0,0.0
CKP,2026-06-22,2026,2,6,26,operasional,test,0.0,0.0,0.0,0,0,0,50.99443052992551,0.0,0.0,0.0,1,0,0.0,0.0
CKP,2026-06-29,2026,2,6,27,operasional,test,0.0,0.0,0.0,0,0,0,50.99443052992551,0.0,0.0,0.0,0,1,0.0,0.0
CKP,2026-07-06,2026,3,7,28,operasional,test,0.0,0.0,0.0,0,0,0,50.99443052992551,0.0,0.0,0.0,0,0,0.0,0.0
CKP,2026-07-13,2026,3,7,29,operasional,test,6.0,6.0,1.9459101490553132,0,0,0,50.99443052992551,60000.0,1.0,1.0,0,0,0.0,0.0
CKP,2026-07-20,2026,3,7,30,operasional,test,0.0,0.0,0.0,0,0,0,50.99443052992551,0.0,0.0,0.0,1,1,0.0,0.0
CKP,2026-07-27,2026,3,7,31,operasional,test,0.0,0.0,0.0,0,0,0,50.99443052992551,0.0,0.0,0.0,0,0,0.0,0.0
CKP,2026-08-03,2026,3,8,32,operasional,test,0.0,0.0,0.0,0,0,0,50.99443052992551,0.0,0.0,0.0,0,0,0.0,0.0
CKP,2026-08-10,2026,3,8,33,operasional,test,0.0,0.0,0.0,0,0,0,50.99443052992551,0.0,0.0,0.0,0,1,0.0,0.0
CKP,2026-08-17,2026,3,8,34,operasional,test,0.0,0.0,0.0,0,0,0,50.99443052992551,0.0,0.0,0.0,0,1,0.0,0.0
CKP,2026-08-24,2026,3,8,35,operasional,test,0.0,0.0,0.0,0,0,0,50.99443052992551,0.0,0.0,0.0,1,0,0.0,0.0
CKP,2026-08-31,2026,3,8,36,operasional,test,0.0,0.0,0.0,0,0,0,50.99443052992551,0.0,0.0,0.0,0,1,0.0,0.0
CKP,2026-09-07,2026,3,9,37,operasional,test,0.0,0.0,0.0,0,0,0,50.99443052992551,0.0,0.0,0.0,0,0,0.0,0.0
CKP,2026-09-14,2026,3,9,38,operasional,test,5.0,5.0,1.791759469228055,0,0,0,50.99443052992551,50000.0,1.0,1.0,1,1,0.0,0.0
CKP,2026-09-21,2026,3,9,39,operasional,test,0.0,0.0,0.0,0,0,0,50.99443052992551,0.0,0.0,0.0,0,0,0.0,0.0
CRG,2024-01-01,2024,1,1,1,sebelum_produk_dijual,train,,,,0,0,0,,,,,1,0,,
CRG,2024-01-08,2024,1,1,2,sebelum_produk_dijual,train,,,,0,0,0,,,,,1,0,,
CRG,2024-01-15,2024,1,1,3,sebelum_produk_dijual,train,,,,0,0,0,,,,,0,0,,
CRG,2024-01-22,2024,1,1,4,sebelum_produk_dijual,train,,,,0,0,0,,,,,0,0,,
CRG,2024-01-29,2024,1,1,5,sebelum_produk_dijual,train,,,,0,0,0,,,,,0,0,,
CRG,2024-02-05,2024,1,2,6,sebelum_produk_dijual,train,,,,0,0,0,,,,,1,0,,
CRG,2024-02-12,2024,1,2,7,sebelum_produk_dijual,train,,,,0,0,0,,,,,1,0,,
CRG,2024-02-19,2024,1,2,8,sebelum_produk_dijual,train,,,,0,0,0,,,,,0,0,,
CRG,2024-02-26,2024,1,2,9,sebelum_produk_dijual,train,,,,0,0,0,,,,,1,0,,
CRG,2024-03-04,2024,1,3,10,sebelum_produk_dijual,train,,,,0,0,0,,,,,0,0,,
CRG,2024-03-11,2024,1,3,11,sebelum_produk_dijual,train,,,,0,0,0,,,,,1,0,,
CRG,2024-03-18,2024,1,3,12,sebelum_produk_dijual,train,,,,0,0,0,,,,,1,0,,
CRG,2024-03-25,2024,1,3,13,sebelum_produk_dijual,train,,,,0,0,0,,,,,0,1,,
CRG,2024-04-01,2024,2,4,14,sebelum_produk_dijual,train,,,,0,0,0,,,,,1,0,,
CRG,2024-04-08,2024,2,4,15,sebelum_produk_dijual,train,,,,0,0,0,,,,,0,0,,
CRG,2024-04-15,2024,2,4,16,sebelum_produk_dijual,train,,,,0,0,0,,,,,1,0,,
CRG,2024-04-22,2024,2,4,17,sebelum_produk_dijual,train,,,,0,0,0,,,,,1,0,,
CRG,2024-04-29,2024,2,4,18,sebelum_produk_dijual,train,,,,0,0,0,,,,,0,1,,
CRG,2024-05-06,2024,2,5,19,sebelum_produk_dijual,train,,,,0,0,0,,,,,1,0,,
CRG,2024-05-13,2024,2,5,20,sebelum_produk_dijual,train,,,,0,0,0,,,,,0,0,,
CRG,2024-05-20,2024,2,5,21,sebelum_produk_dijual,train,,,,0,0,0,,,,,0,1,,
CRG,2024-05-27,2024,2,5,22,sebelum_produk_dijual,train,,,,0,0,0,,,,,0,0,,
CRG,2024-06-03,2024,2,6,23,sebelum_produk_dijual,train,,,,0,0,0,,,,,0,1,,
CRG,2024-06-10,2024,2,6,24,sebelum_produk_dijual,train,,,,0,0,0,,,,,0,1,,
CRG,2024-06-17,2024,2,6,25,operasional,train,7.0,7.0,2.0794415416798357,0,0,0,,35000.0,1.0,1.0,1,1,9.0,1.0
CRG,2024-06-24,2024,2,6,26,operasional,train,0.0,0.0,0.0,0,0,0,,0.0,0.0,0.0,1,1,0.0,0.0
CRG,2024-07-01,2024,3,7,27,operasional,train,0.0,0.0,0.0,0,0,0,,0.0,0.0,0.0,0,1,0.0,0.0
CRG,2024-07-08,2024,3,7,28,operasional,train,0.0,0.0,0.0,0,0,0,,0.0,0.0,0.0,0,0,0.0,0.0
CRG,2024-07-15,2024,3,7,29,operasional,train,0.0,0.0,0.0,0,0,0,,0.0,0.0,0.0,0,1,0.0,0.0
CRG,2024-07-22,2024,3,7,30,operasional,train,0.0,0.0,0.0,0,0,0,,0.0,0.0,0.0,0,0,0.0,0.0
CRG,2024-07-29,2024,3,7,31,operasional,train,0.0,0.0,0.0,0,0,0,,0.0,0.0,0.0,1,0,0.0,0.0
CRG,2024-08-05,2024,3,8,32,operasional,train,0.0,0.0,0.0,0,0,0,,0.0,0.0,0.0,0,0,0.0,0.0
CRG,2024-08-12,2024,3,8,33,operasional,train,0.0,0.0,0.0,0,0,0,,0.0,0.0,0.0,1,0,0.0,0.0
CRG,2024-08-19,2024,3,8,34,operasional,train,0.0,0.0,0.0,0,0,0,,0.0,0.0,0.0,1,0,0.0,0.0
CRG,2024-08-26,2024,3,8,35,operasional,train,0.0,0.0,0.0,0,0,0,,0.0,0.0,0.0,0,1,0.0,0.0
CRG,2024-09-02,2024,3,9,36,operasional,train,0.0,0.0,0.0,0,0,0,,0.0,0.0,0.0,1,0,0.0,0.0
CRG,2024-09-09,2024,3,9,37,operasional,train,0.0,0.0,0.0,0,0,0,,0.0,0.0,0.0,0,0,0.0,0.0
CRG,2024-09-16,2024,3,9,38,operasional,train,0.0,0.0,0.0,0,0,0,,0.0,0.0,0.0,1,0,0.0,0.0
CRG,2024-09-23,2024,3,9,39,operasional,train,0.0,0.0,0.0,0,0,0,,0.0,0.0,0.0,1,0,0.0,0.0
CRG,2024-09-30,2024,3,9,40,operasional,train,0.0,0.0,0.0,0,0,0,,0.0,0.0,0.0,0,1,0.0,0.0
CRG,2024-10-07,2024,4,10,41,operasional,train,0.0,0.0,0.0,0,0,0,,0.0,0.0,0.0,1,0,0.0,0.0
CRG,2024-10-14,2024,4,10,42,operasional,train,0.0,0.0,0.0,0,0,0,,0.0,0.0,0.0,0,0,0.0,0.0
CRG,2024-10-21,2024,4,10,43,tidak_tercatat,train,,,,0,0,0,,,,,0,0,,
CRG,2024-10-28,2024,4,10,44,tidak_tercatat,train,,,,0,0,0,,,,,0,0,,
CRG,2024-11-04,2024,4,11,45,tidak_tercatat,train,,,,0,0,0,,,,,0,0,,
CRG,2024-11-11,2024,4,11,46,tidak_tercatat,train,,,,0,0,0,,,,,0,0,,
CRG,2024-11-18,2024,4,11,47,tidak_tercatat,train,,,,0,0,0,,,,,0,0,,
CRG,2024-11-25,2024,4,11,48,tidak_tercatat,train,,,,0,0,0,,,,,0,0,,
CRG,2024-12-02,2024,4,12,49,tidak_tercatat,train,,,,0,0,0,,,,,0,0,,
CRG,2024-12-09,2024,4,12,50,tidak_tercatat,train,,,,0,0,0,,,,,0,0,,
CRG,2024-12-16,2024,4,12,51,tidak_tercatat,train,,,,0,0,0,,,,,0,0,,
CRG,2024-12-23,2024,4,12,52,tidak_tercatat,train,,,,0,0,0,,,,,0,0,,
CRG,2024-12-30,2024,4,12,1,tidak_tercatat,train,,,,0,0,0,,,,,0,0,,
CRG,2025-01-06,2025,1,1,2,tidak_tercatat,train,,,,0,0,0,,,,,0,0,,
CRG,2025-01-13,2025,1,1,3,tidak_tercatat,train,,,,0,0,0,,,,,0,0,,
CRG,2025-01-20,2025,1,1,4,tidak_tercatat,train,,,,0,0,0,,,,,0,0,,
CRG,2025-01-27,2025,1,1,5,operasional,train,0.0,0.0,0.0,0,0,0,,0.0,0.0,0.0,0,0,0.0,0.0
CRG,2025-02-03,2025,1,2,6,operasional,train,0.0,0.0,0.0,0,0,0,,0.0,0.0,0.0,0,0,0.0,0.0
CRG,2025-02-10,2025,1,2,7,operasional,train,0.0,0.0,0.0,0,0,0,,0.0,0.0,0.0,0,0,0.0,0.0
CRG,2025-02-17,2025,1,2,8,operasional,train,0.0,0.0,0.0,0,0,0,,0.0,0.0,0.0,0,0,0.0,0.0
CRG,2025-02-24,2025,1,2,9,operasional,train,0.0,0.0,0.0,0,0,0,,0.0,0.0,0.0,0,0,0.0,0.0
CRG,2025-03-03,2025,1,3,10,tidak_tercatat,train,,,,0,0,0,,,,,0,0,,
CRG,2025-03-10,2025,1,3,11,tidak_tercatat,train,,,,0,0,0,,,,,0,0,,
CRG,2025-03-17,2025,1,3,12,tidak_tercatat,train,,,,0,0,0,,,,,0,0,,
CRG,2025-03-24,2025,1,3,13,tidak_tercatat,train,,,,0,0,0,,,,,0,0,,
CRG,2025-03-31,2025,1,3,14,tidak_tercatat,train,,,,0,0,0,,,,,0,0,,
CRG,2025-04-07,2025,2,4,15,tidak_tercatat,train,,,,0,0,0,,,,,0,0,,
CRG,2025-04-14,2025,2,4,16,operasional,train,0.0,0.0,0.0,0,0,0,,0.0,0.0,0.0,0,0,0.0,0.0
CRG,2025-04-21,2025,2,4,17,operasional,train,0.0,0.0,0.0,0,0,0,,0.0,0.0,0.0,0,0,0.0,0.0
CRG,2025-04-28,2025,2,4,18,operasional,train,0.0,0.0,0.0,0,0,0,,0.0,0.0,0.0,0,0,0.0,0.0
CRG,2025-05-05,2025,2,5,19,operasional,train,0.0,0.0,0.0,0,0,0,,0.0,0.0,0.0,0,0,0.0,0.0
CRG,2025-05-12,2025,2,5,20,operasional,train,0.0,0.0,0.0,0,0,0,,0.0,0.0,0.0,0,0,0.0,0.0
CRG,2025-05-19,2025,2,5,21,operasional,train,0.0,0.0,0.0,0,0,0,,0.0,0.0,0.0,0,0,0.0,0.0
CRG,2025-05-26,2025,2,5,22,operasional,train,0.0,0.0,0.0,0,0,0,,0.0,0.0,0.0,0,0,0.0,0.0
CRG,2025-06-02,2025,2,6,23,operasional,train,0.0,0.0,0.0,0,0,0,,0.0,0.0,0.0,0,0,0.0,0.0
CRG,2025-06-09,2025,2,6,24,operasional,train,0.0,0.0,0.0,0,0,0,,0.0,0.0,0.0,1,1,0.0,0.0
CRG,2025-06-16,2025,2,6,25,operasional,train,0.0,0.0,0.0,0,0,0,,0.0,0.0,0.0,0,0,0.0,0.0
CRG,2025-06-23,2025,2,6,26,operasional,train,0.0,0.0,0.0,0,0,0,,0.0,0.0,0.0,1,1,0.0,0.0
CRG,2025-06-30,2025,2,6,27,operasional,train,0.0,0.0,0.0,0,0,0,,0.0,0.0,0.0,0,0,0.0,0.0
CRG,2025-07-07,2025,3,7,28,operasional,train,0.0,0.0,0.0,0,0,0,,0.0,0.0,0.0,0,0,0.0,0.0
CRG,2025-07-14,2025,3,7,29,operasional,train,0.0,0.0,0.0,0,0,0,,0.0,0.0,0.0,0,0,0.0,0.0
CRG,2025-07-21,2025,3,7,30,operasional,train,0.0,0.0,0.0,0,0,0,,0.0,0.0,0.0,0,0,0.0,0.0
CRG,2025-07-28,2025,3,7,31,operasional,train,0.0,0.0,0.0,0,0,0,,0.0,0.0,0.0,0,0,0.0,0.0
CRG,2025-08-04,2025,3,8,32,operasional,train,0.0,0.0,0.0,0,0,0,,0.0,0.0,0.0,0,0,0.0,0.0
CRG,2025-08-11,2025,3,8,33,operasional,train,0.0,0.0,0.0,0,0,0,,0.0,0.0,0.0,1,0,0.0,0.0
CRG,2025-08-18,2025,3,8,34,operasional,train,0.0,0.0,0.0,0,0,0,,0.0,0.0,0.0,0,0,0.0,0.0
CRG,2025-08-25,2025,3,8,35,operasional,train,0.0,0.0,0.0,0,0,0,,0.0,0.0,0.0,0,0,0.0,0.0
CRG,2025-09-01,2025,3,9,36,operasional,train,0.0,0.0,0.0,0,0,0,,0.0,0.0,0.0,0,0,0.0,0.0
CRG,2025-09-08,2025,3,9,37,operasional,train,0.0,0.0,0.0,0,0,0,,0.0,0.0,0.0,0,0,0.0,0.0
CRG,2025-09-15,2025,3,9,38,operasional,train,0.0,0.0,0.0,0,0,0,,0.0,0.0,0.0,0,0,0.0,0.0
CRG,2025-09-22,2025,3,9,39,operasional,train,0.0,0.0,0.0,0,0,0,,0.0,0.0,0.0,0,1,0.0,0.0
CRG,2025-09-29,2025,3,9,40,operasional,train,0.0,0.0,0.0,0,0,0,,0.0,0.0,0.0,0,0,0.0,0.0
CRG,2025-10-06,2025,4,10,41,operasional,train,0.0,0.0,0.0,0,0,0,,0.0,0.0,0.0,0,0,0.0,0.0
CRG,2025-10-13,2025,4,10,42,operasional,train,0.0,0.0,0.0,0,0,0,,0.0,0.0,0.0,0,0,0.0,0.0
CRG,2025-10-20,2025,4,10,43,operasional,train,0.0,0.0,0.0,0,0,0,,0.0,0.0,0.0,0,0,0.0,0.0
CRG,2025-10-27,2025,4,10,44,operasional,train,0.0,0.0,0.0,0,0,0,,0.0,0.0,0.0,0,0,0.0,0.0
CRG,2025-11-03,2025,4,11,45,operasional,train,0.0,0.0,0.0,0,0,0,,0.0,0.0,0.0,0,0,0.0,0.0
CRG,2025-11-10,2025,4,11,46,operasional,train,0.0,0.0,0.0,0,0,0,,0.0,0.0,0.0,0,0,0.0,0.0
CRG,2025-11-17,2025,4,11,47,operasional,train,0.0,0.0,0.0,0,0,0,,0.0,0.0,0.0,0,0,0.0,0.0
CRG,2025-11-24,2025,4,11,48,operasional,train,0.0,0.0,0.0,0,0,0,,0.0,0.0,0.0,0,0,0.0,0.0
CRG,2025-12-01,2025,4,12,49,operasional,train,0.0,0.0,0.0,0,0,0,,0.0,0.0,0.0,1,0,0.0,0.0
CRG,2025-12-08,2025,4,12,50,operasional,train,0.0,0.0,0.0,0,0,0,,0.0,0.0,0.0,0,0,0.0,0.0
CRG,2025-12-15,2025,4,12,51,operasional,train,0.0,0.0,0.0,0,0,0,,0.0,0.0,0.0,0,0,0.0,0.0
CRG,2025-12-22,2025,4,12,52,operasional,train,0.0,0.0,0.0,0,0,0,,0.0,0.0,0.0,0,0,0.0,0.0
CRG,2025-12-29,2025,4,12,1,operasional,train,0.0,0.0,0.0,0,0,0,,0.0,0.0,0.0,0,0,0.0,0.0
CRG,2026-01-05,2026,1,1,2,operasional,train,0.0,0.0,0.0,0,0,0,,0.0,0.0,0.0,0,0,0.0,0.0
CRG,2026-01-12,2026,1,1,3,operasional,train,0.0,0.0,0.0,0,0,0,,0.0,0.0,0.0,0,0,0.0,0.0
CRG,2026-01-19,2026,1,1,4,operasional,train,0.0,0.0,0.0,0,0,0,,0.0,0.0,0.0,0,0,0.0,0.0
CRG,2026-01-26,2026,1,1,5,operasional,train,0.0,0.0,0.0,0,0,0,,0.0,0.0,0.0,0,0,0.0,0.0
CRG,2026-02-02,2026,1,2,6,operasional,train,0.0,0.0,0.0,0,0,0,,0.0,0.0,0.0,1,0,0.0,0.0
CRG,2026-02-09,2026,1,2,7,operasional,train,0.0,0.0,0.0,0,0,0,,0.0,0.0,0.0,0,0,0.0,0.0
CRG,2026-02-16,2026,1,2,8,operasional,train,0.0,0.0,0.0,0,0,0,,0.0,0.0,0.0,0,0,0.0,0.0
CRG,2026-02-23,2026,1,2,9,operasional,train,0.0,0.0,0.0,0,0,0,,0.0,0.0,0.0,0,0,0.0,0.0
CRG,2026-03-02,2026,1,3,10,operasional,train,0.0,0.0,0.0,0,0,0,,0.0,0.0,0.0,0,0,0.0,0.0
CRG,2026-03-09,2026,1,3,11,operasional,train,0.0,0.0,0.0,0,0,0,,0.0,0.0,0.0,0,0,0.0,0.0
CRG,2026-03-16,2026,1,3,12,operasional,train,0.0,0.0,0.0,0,0,0,,0.0,0.0,0.0,1,0,0.0,0.0
CRG,2026-03-23,2026,1,3,13,operasional,train,0.0,0.0,0.0,0,0,0,,0.0,0.0,0.0,0,0,0.0,0.0
CRG,2026-03-30,2026,1,3,14,operasional,train,0.0,0.0,0.0,0,0,0,,0.0,0.0,0.0,1,0,0.0,0.0
CRG,2026-04-06,2026,2,4,15,operasional,test,0.0,0.0,0.0,0,0,0,,0.0,0.0,0.0,0,0,0.0,0.0
CRG,2026-04-13,2026,2,4,16,operasional,test,0.0,0.0,0.0,0,0,0,,0.0,0.0,0.0,0,1,0.0,0.0
CRG,2026-04-20,2026,2,4,17,operasional,test,0.0,0.0,0.0,0,0,0,,0.0,0.0,0.0,0,0,0.0,0.0
CRG,2026-04-27,2026,2,4,18,operasional,test,0.0,0.0,0.0,0,0,0,,0.0,0.0,0.0,0,0,0.0,0.0
CRG,2026-05-04,2026,2,5,19,operasional,test,0.0,0.0,0.0,0,0,0,,0.0,0.0,0.0,1,0,0.0,0.0
CRG,2026-05-11,2026,2,5,20,operasional,test,10.0,10.0,2.3978952727983707,0,0,0,,50000.0,1.0,1.0,0,1,7.0,1.0
CRG,2026-05-18,2026,2,5,21,operasional,test,0.0,0.0,0.0,0,0,0,,0.0,0.0,0.0,0,0,0.0,0.0
CRG,2026-05-25,2026,2,5,22,operasional,test,0.0,0.0,0.0,0,0,0,,0.0,0.0,0.0,0,0,0.0,0.0
CRG,2026-06-01,2026,2,6,23,operasional,test,0.0,0.0,0.0,0,0,0,,0.0,0.0,0.0,0,0,0.0,0.0
CRG,2026-06-08,2026,2,6,24,operasional,test,0.0,0.0,0.0,0,0,0,,0.0,0.0,0.0,0,0,0.0,0.0
CRG,2026-06-15,2026,2,6,25,operasional,test,0.0,0.0,0.0,0,0,0,,0.0,0.0,0.0,0,0,0.0,0.0
CRG,2026-06-22,2026,2,6,26,operasional,test,0.0,0.0,0.0,0,0,0,,0.0,0.0,0.0,1,0,0.0,0.0
CRG,2026-06-29,2026,2,6,27,operasional,test,17.0,17.0,2.8903717578961645,0,0,0,,85000.0,1.0,1.0,0,1,0.0,0.0
CRG,2026-07-06,2026,3,7,28,operasional,test,0.0,0.0,0.0,0,0,0,,0.0,0.0,0.0,0,0,0.0,0.0
CRG,2026-07-13,2026,3,7,29,operasional,test,0.0,0.0,0.0,0,0,0,,0.0,0.0,0.0,0,0,0.0,0.0
CRG,2026-07-20,2026,3,7,30,operasional,test,0.0,0.0,0.0,0,0,0,,0.0,0.0,0.0,1,1,0.0,0.0
CRG,2026-07-27,2026,3,7,31,operasional,test,0.0,0.0,0.0,0,0,0,,0.0,0.0,0.0,0,0,0.0,0.0
CRG,2026-08-03,2026,3,8,32,operasional,test,0.0,0.0,0.0,0,0,0,,0.0,0.0,0.0,0,0,0.0,0.0
CRG,2026-08-10,2026,3,8,33,operasional,test,0.0,0.0,0.0,0,0,0,,0.0,0.0,0.0,0,1,0.0,0.0
CRG,2026-08-17,2026,3,8,34,operasional,test,0.0,0.0,0.0,0,0,0,,0.0,0.0,0.0,0,1,0.0,0.0
CRG,2026-08-24,2026,3,8,35,operasional,test,0.0,0.0,0.0,0,0,0,,0.0,0.0,0.0,1,0,0.0,0.0
CRG,2026-08-31,2026,3,8,36,operasional,test,4.0,4.0,1.6094379124341003,0,0,0,,20000.0,1.0,1.0,0,1,0.0,0.0
CRG,2026-09-07,2026,3,9,37,operasional,test,0.0,0.0,0.0,0,0,0,,0.0,0.0,0.0,0,0,0.0,0.0
CRG,2026-09-14,2026,3,9,38,operasional,test,0.0,0.0,0.0,0,0,0,,0.0,0.0,0.0,1,1,0.0,0.0
CRG,2026-09-21,2026,3,9,39,operasional,test,0.0,0.0,0.0,0,0,0,,0.0,0.0,0.0,0,0,0.0,0.0
GRG,2024-01-01,2024,1,1,1,sebelum_produk_dijual,train,,,,0,0,0,,,,,1,0,,
GRG,2024-01-08,2024,1,1,2,sebelum_produk_dijual,train,,,,0,0,0,,,,,1,0,,
GRG,2024-01-15,2024,1,1,3,sebelum_produk_dijual,train,,,,0,0,0,,,,,0,0,,
GRG,2024-01-22,2024,1,1,4,sebelum_produk_dijual,train,,,,0,0,0,,,,,0,0,,
GRG,2024-01-29,2024,1,1,5,sebelum_produk_dijual,train,,,,0,0,0,,,,,0,0,,
GRG,2024-02-05,2024,1,2,6,sebelum_produk_dijual,train,,,,0,0,0,,,,,1,0,,
GRG,2024-02-12,2024,1,2,7,sebelum_produk_dijual,train,,,,0,0,0,,,,,1,0,,
GRG,2024-02-19,2024,1,2,8,sebelum_produk_dijual,train,,,,0,0,0,,,,,0,0,,
GRG,2024-02-26,2024,1,2,9,sebelum_produk_dijual,train,,,,0,0,0,,,,,1,0,,
GRG,2024-03-04,2024,1,3,10,sebelum_produk_dijual,train,,,,0,0,0,,,,,0,0,,
GRG,2024-03-11,2024,1,3,11,sebelum_produk_dijual,train,,,,0,0,0,,,,,1,0,,
GRG,2024-03-18,2024,1,3,12,sebelum_produk_dijual,train,,,,0,0,0,,,,,1,0,,
GRG,2024-03-25,2024,1,3,13,sebelum_produk_dijual,train,,,,0,0,0,,,,,0,1,,
GRG,2024-04-01,2024,2,4,14,sebelum_produk_dijual,train,,,,0,0,0,,,,,1,0,,
GRG,2024-04-08,2024,2,4,15,sebelum_produk_dijual,train,,,,0,0,0,,,,,0,0,,
GRG,2024-04-15,2024,2,4,16,sebelum_produk_dijual,train,,,,0,0,0,,,,,1,0,,
GRG,2024-04-22,2024,2,4,17,sebelum_produk_dijual,train,,,,0,0,0,,,,,1,0,,
GRG,2024-04-29,2024,2,4,18,sebelum_produk_dijual,train,,,,0,0,0,,,,,0,1,,
GRG,2024-05-06,2024,2,5,19,sebelum_produk_dijual,train,,,,0,0,0,,,,,1,0,,
GRG,2024-05-13,2024,2,5,20,sebelum_produk_dijual,train,,,,0,0,0,,,,,0,0,,
GRG,2024-05-20,2024,2,5,21,sebelum_produk_dijual,train,,,,0,0,0,,,,,0,1,,
GRG,2024-05-27,2024,2,5,22,sebelum_produk_dijual,train,,,,0,0,0,,,,,0,0,,
GRG,2024-06-03,2024,2,6,23,sebelum_produk_dijual,train,,,,0,0,0,,,,,0,1,,
GRG,2024-06-10,2024,2,6,24,sebelum_produk_dijual,train,,,,0,0,0,,,,,0,1,,
GRG,2024-06-17,2024,2,6,25,operasional,train,3.0,3.0,1.3862943611198906,0,0,0,,6000.0,1.0,1.0,1,1,4.0,1.0
GRG,2024-06-24,2024,2,6,26,operasional,train,0.0,0.0,0.0,0,0,0,,0.0,0.0,0.0,1,1,0.0,0.0
GRG,2024-07-01,2024,3,7,27,operasional,train,0.0,0.0,0.0,0,0,0,,0.0,0.0,0.0,0,1,0.0,0.0
GRG,2024-07-08,2024,3,7,28,operasional,train,0.0,0.0,0.0,0,0,0,,0.0,0.0,0.0,0,0,0.0,0.0
GRG,2024-07-15,2024,3,7,29,operasional,train,0.0,0.0,0.0,0,0,0,,0.0,0.0,0.0,0,1,0.0,0.0
GRG,2024-07-22,2024,3,7,30,operasional,train,0.0,0.0,0.0,0,0,0,,0.0,0.0,0.0,0,0,0.0,0.0
GRG,2024-07-29,2024,3,7,31,operasional,train,0.0,0.0,0.0,0,0,0,,0.0,0.0,0.0,1,0,0.0,0.0
GRG,2024-08-05,2024,3,8,32,operasional,train,0.0,0.0,0.0,0,0,0,,0.0,0.0,0.0,0,0,0.0,0.0
GRG,2024-08-12,2024,3,8,33,operasional,train,0.0,0.0,0.0,0,0,0,,0.0,0.0,0.0,1,0,0.0,0.0
GRG,2024-08-19,2024,3,8,34,operasional,train,0.0,0.0,0.0,0,0,0,,0.0,0.0,0.0,1,0,0.0,0.0
GRG,2024-08-26,2024,3,8,35,operasional,train,0.0,0.0,0.0,0,0,0,,0.0,0.0,0.0,0,1,0.0,0.0
GRG,2024-09-02,2024,3,9,36,operasional,train,0.0,0.0,0.0,0,0,0,,0.0,0.0,0.0,1,0,0.0,0.0
GRG,2024-09-09,2024,3,9,37,operasional,train,0.0,0.0,0.0,0,0,0,,0.0,0.0,0.0,0,0,0.0,0.0
GRG,2024-09-16,2024,3,9,38,operasional,train,0.0,0.0,0.0,0,0,0,,0.0,0.0,0.0,1,0,0.0,0.0
GRG,2024-09-23,2024,3,9,39,operasional,train,0.0,0.0,0.0,0,0,0,,0.0,0.0,0.0,1,0,0.0,0.0
GRG,2024-09-30,2024,3,9,40,operasional,train,0.0,0.0,0.0,0,0,0,,0.0,0.0,0.0,0,1,0.0,0.0
GRG,2024-10-07,2024,4,10,41,operasional,train,0.0,0.0,0.0,0,0,0,,0.0,0.0,0.0,1,0,0.0,0.0
GRG,2024-10-14,2024,4,10,42,operasional,train,0.0,0.0,0.0,0,0,0,,0.0,0.0,0.0,0,0,0.0,0.0
GRG,2024-10-21,2024,4,10,43,tidak_tercatat,train,,,,0,0,0,,,,,0,0,,
GRG,2024-10-28,2024,4,10,44,tidak_tercatat,train,,,,0,0,0,,,,,0,0,,
GRG,2024-11-04,2024,4,11,45,tidak_tercatat,train,,,,0,0,0,,,,,0,0,,
GRG,2024-11-11,2024,4,11,46,tidak_tercatat,train,,,,0,0,0,,,,,0,0,,
GRG,2024-11-18,2024,4,11,47,tidak_tercatat,train,,,,0,0,0,,,,,0,0,,
GRG,2024-11-25,2024,4,11,48,tidak_tercatat,train,,,,0,0,0,,,,,0,0,,
GRG,2024-12-02,2024,4,12,49,tidak_tercatat,train,,,,0,0,0,,,,,0,0,,
GRG,2024-12-09,2024,4,12,50,tidak_tercatat,train,,,,0,0,0,,,,,0,0,,
GRG,2024-12-16,2024,4,12,51,tidak_tercatat,train,,,,0,0,0,,,,,0,0,,
GRG,2024-12-23,2024,4,12,52,tidak_tercatat,train,,,,0,0,0,,,,,0,0,,
GRG,2024-12-30,2024,4,12,1,tidak_tercatat,train,,,,0,0,0,,,,,0,0,,
GRG,2025-01-06,2025,1,1,2,tidak_tercatat,train,,,,0,0,0,,,,,0,0,,
GRG,2025-01-13,2025,1,1,3,tidak_tercatat,train,,,,0,0,0,,,,,0,0,,
GRG,2025-01-20,2025,1,1,4,tidak_tercatat,train,,,,0,0,0,,,,,0,0,,
GRG,2025-01-27,2025,1,1,5,operasional,train,0.0,0.0,0.0,0,0,0,,0.0,0.0,0.0,0,0,0.0,0.0
GRG,2025-02-03,2025,1,2,6,operasional,train,0.0,0.0,0.0,0,0,0,,0.0,0.0,0.0,0,0,0.0,0.0
GRG,2025-02-10,2025,1,2,7,operasional,train,0.0,0.0,0.0,0,0,0,,0.0,0.0,0.0,0,0,0.0,0.0
GRG,2025-02-17,2025,1,2,8,operasional,train,0.0,0.0,0.0,0,0,0,,0.0,0.0,0.0,0,0,0.0,0.0
GRG,2025-02-24,2025,1,2,9,operasional,train,0.0,0.0,0.0,0,0,0,,0.0,0.0,0.0,0,0,0.0,0.0
GRG,2025-03-03,2025,1,3,10,tidak_tercatat,train,,,,0,0,0,,,,,0,0,,
GRG,2025-03-10,2025,1,3,11,tidak_tercatat,train,,,,0,0,0,,,,,0,0,,
GRG,2025-03-17,2025,1,3,12,tidak_tercatat,train,,,,0,0,0,,,,,0,0,,
GRG,2025-03-24,2025,1,3,13,tidak_tercatat,train,,,,0,0,0,,,,,0,0,,
GRG,2025-03-31,2025,1,3,14,tidak_tercatat,train,,,,0,0,0,,,,,0,0,,
GRG,2025-04-07,2025,2,4,15,tidak_tercatat,train,,,,0,0,0,,,,,0,0,,
GRG,2025-04-14,2025,2,4,16,operasional,train,0.0,0.0,0.0,0,0,0,,0.0,0.0,0.0,0,0,0.0,0.0
GRG,2025-04-21,2025,2,4,17,operasional,train,0.0,0.0,0.0,0,0,0,,0.0,0.0,0.0,0,0,0.0,0.0
GRG,2025-04-28,2025,2,4,18,operasional,train,0.0,0.0,0.0,0,0,0,,0.0,0.0,0.0,0,0,0.0,0.0
GRG,2025-05-05,2025,2,5,19,operasional,train,0.0,0.0,0.0,0,0,0,,0.0,0.0,0.0,0,0,0.0,0.0
GRG,2025-05-12,2025,2,5,20,operasional,train,0.0,0.0,0.0,0,0,0,,0.0,0.0,0.0,0,0,0.0,0.0
GRG,2025-05-19,2025,2,5,21,operasional,train,0.0,0.0,0.0,0,0,0,,0.0,0.0,0.0,0,0,0.0,0.0
GRG,2025-05-26,2025,2,5,22,operasional,train,0.0,0.0,0.0,0,0,0,,0.0,0.0,0.0,0,0,0.0,0.0
GRG,2025-06-02,2025,2,6,23,operasional,train,0.0,0.0,0.0,0,0,0,,0.0,0.0,0.0,0,0,0.0,0.0
GRG,2025-06-09,2025,2,6,24,operasional,train,0.0,0.0,0.0,0,0,0,,0.0,0.0,0.0,1,1,0.0,0.0
GRG,2025-06-16,2025,2,6,25,operasional,train,0.0,0.0,0.0,0,0,0,,0.0,0.0,0.0,0,0,0.0,0.0
GRG,2025-06-23,2025,2,6,26,operasional,train,0.0,0.0,0.0,0,0,0,,0.0,0.0,0.0,1,1,0.0,0.0
GRG,2025-06-30,2025,2,6,27,operasional,train,0.0,0.0,0.0,0,0,0,,0.0,0.0,0.0,0,0,0.0,0.0
GRG,2025-07-07,2025,3,7,28,operasional,train,0.0,0.0,0.0,0,0,0,,0.0,0.0,0.0,0,0,0.0,0.0
GRG,2025-07-14,2025,3,7,29,operasional,train,0.0,0.0,0.0,0,0,0,,0.0,0.0,0.0,0,0,0.0,0.0
GRG,2025-07-21,2025,3,7,30,operasional,train,0.0,0.0,0.0,0,0,0,,0.0,0.0,0.0,0,0,0.0,0.0
GRG,2025-07-28,2025,3,7,31,operasional,train,0.0,0.0,0.0,0,0,0,,0.0,0.0,0.0,0,0,0.0,0.0
GRG,2025-08-04,2025,3,8,32,operasional,train,0.0,0.0,0.0,0,0,0,,0.0,0.0,0.0,0,0,0.0,0.0
GRG,2025-08-11,2025,3,8,33,operasional,train,0.0,0.0,0.0,0,0,0,,0.0,0.0,0.0,1,0,0.0,0.0
GRG,2025-08-18,2025,3,8,34,operasional,train,0.0,0.0,0.0,0,0,0,,0.0,0.0,0.0,0,0,0.0,0.0
GRG,2025-08-25,2025,3,8,35,operasional,train,0.0,0.0,0.0,0,0,0,,0.0,0.0,0.0,0,0,0.0,0.0
GRG,2025-09-01,2025,3,9,36,operasional,train,0.0,0.0,0.0,0,0,0,,0.0,0.0,0.0,0,0,0.0,0.0
GRG,2025-09-08,2025,3,9,37,operasional,train,0.0,0.0,0.0,0,0,0,,0.0,0.0,0.0,0,0,0.0,0.0
GRG,2025-09-15,2025,3,9,38,operasional,train,0.0,0.0,0.0,0,0,0,,0.0,0.0,0.0,0,0,0.0,0.0
GRG,2025-09-22,2025,3,9,39,operasional,train,0.0,0.0,0.0,0,0,0,,0.0,0.0,0.0,0,1,0.0,0.0
GRG,2025-09-29,2025,3,9,40,operasional,train,0.0,0.0,0.0,0,0,0,,0.0,0.0,0.0,0,0,0.0,0.0
GRG,2025-10-06,2025,4,10,41,operasional,train,0.0,0.0,0.0,0,0,0,,0.0,0.0,0.0,0,0,0.0,0.0
GRG,2025-10-13,2025,4,10,42,operasional,train,0.0,0.0,0.0,0,0,0,,0.0,0.0,0.0,0,0,0.0,0.0
GRG,2025-10-20,2025,4,10,43,operasional,train,0.0,0.0,0.0,0,0,0,,0.0,0.0,0.0,0,0,0.0,0.0
GRG,2025-10-27,2025,4,10,44,operasional,train,0.0,0.0,0.0,0,0,0,,0.0,0.0,0.0,0,0,0.0,0.0
GRG,2025-11-03,2025,4,11,45,operasional,train,0.0,0.0,0.0,0,0,0,,0.0,0.0,0.0,0,0,0.0,0.0
GRG,2025-11-10,2025,4,11,46,operasional,train,0.0,0.0,0.0,0,0,0,,0.0,0.0,0.0,0,0,0.0,0.0
GRG,2025-11-17,2025,4,11,47,operasional,train,0.0,0.0,0.0,0,0,0,,0.0,0.0,0.0,0,0,0.0,0.0
GRG,2025-11-24,2025,4,11,48,operasional,train,0.0,0.0,0.0,0,0,0,,0.0,0.0,0.0,0,0,0.0,0.0
GRG,2025-12-01,2025,4,12,49,operasional,train,0.0,0.0,0.0,0,0,0,,0.0,0.0,0.0,1,0,0.0,0.0
GRG,2025-12-08,2025,4,12,50,operasional,train,0.0,0.0,0.0,0,0,0,,0.0,0.0,0.0,0,0,0.0,0.0
GRG,2025-12-15,2025,4,12,51,operasional,train,0.0,0.0,0.0,0,0,0,,0.0,0.0,0.0,0,0,0.0,0.0
GRG,2025-12-22,2025,4,12,52,operasional,train,0.0,0.0,0.0,0,0,0,,0.0,0.0,0.0,0,0,0.0,0.0
GRG,2025-12-29,2025,4,12,1,operasional,train,0.0,0.0,0.0,0,0,0,,0.0,0.0,0.0,0,0,0.0,0.0
GRG,2026-01-05,2026,1,1,2,operasional,train,0.0,0.0,0.0,0,0,0,,0.0,0.0,0.0,0,0,0.0,0.0
GRG,2026-01-12,2026,1,1,3,operasional,train,0.0,0.0,0.0,0,0,0,,0.0,0.0,0.0,0,0,0.0,0.0
GRG,2026-01-19,2026,1,1,4,operasional,train,0.0,0.0,0.0,0,0,0,,0.0,0.0,0.0,0,0,0.0,0.0
GRG,2026-01-26,2026,1,1,5,operasional,train,0.0,0.0,0.0,0,0,0,,0.0,0.0,0.0,0,0,0.0,0.0
GRG,2026-02-02,2026,1,2,6,operasional,train,0.0,0.0,0.0,0,0,0,,0.0,0.0,0.0,1,0,0.0,0.0
GRG,2026-02-09,2026,1,2,7,operasional,train,0.0,0.0,0.0,0,0,0,,0.0,0.0,0.0,0,0,0.0,0.0
GRG,2026-02-16,2026,1,2,8,operasional,train,0.0,0.0,0.0,0,0,0,,0.0,0.0,0.0,0,0,0.0,0.0
GRG,2026-02-23,2026,1,2,9,operasional,train,0.0,0.0,0.0,0,0,0,,0.0,0.0,0.0,0,0,0.0,0.0
GRG,2026-03-02,2026,1,3,10,operasional,train,0.0,0.0,0.0,0,0,0,,0.0,0.0,0.0,0,0,0.0,0.0
GRG,2026-03-09,2026,1,3,11,operasional,train,0.0,0.0,0.0,0,0,0,,0.0,0.0,0.0,0,0,0.0,0.0
GRG,2026-03-16,2026,1,3,12,operasional,train,0.0,0.0,0.0,0,0,0,,0.0,0.0,0.0,1,0,0.0,0.0
GRG,2026-03-23,2026,1,3,13,operasional,train,0.0,0.0,0.0,0,0,0,,0.0,0.0,0.0,0,0,0.0,0.0
GRG,2026-03-30,2026,1,3,14,operasional,train,0.0,0.0,0.0,0,0,0,,0.0,0.0,0.0,1,0,0.0,0.0
GRG,2026-04-06,2026,2,4,15,operasional,test,0.0,0.0,0.0,0,0,0,,0.0,0.0,0.0,0,0,0.0,0.0
GRG,2026-04-13,2026,2,4,16,operasional,test,0.0,0.0,0.0,0,0,0,,0.0,0.0,0.0,0,1,0.0,0.0
GRG,2026-04-20,2026,2,4,17,operasional,test,0.0,0.0,0.0,0,0,0,,0.0,0.0,0.0,0,0,0.0,0.0
GRG,2026-04-27,2026,2,4,18,operasional,test,0.0,0.0,0.0,0,0,0,,0.0,0.0,0.0,0,0,0.0,0.0
GRG,2026-05-04,2026,2,5,19,operasional,test,0.0,0.0,0.0,0,0,0,,0.0,0.0,0.0,1,0,0.0,0.0
GRG,2026-05-11,2026,2,5,20,operasional,test,4.0,4.0,1.6094379124341003,0,0,0,,8000.0,1.0,1.0,0,1,3.0,1.0
GRG,2026-05-18,2026,2,5,21,operasional,test,0.0,0.0,0.0,0,0,0,,0.0,0.0,0.0,0,0,0.0,0.0
GRG,2026-05-25,2026,2,5,22,operasional,test,0.0,0.0,0.0,0,0,0,,0.0,0.0,0.0,0,0,0.0,0.0
GRG,2026-06-01,2026,2,6,23,operasional,test,0.0,0.0,0.0,0,0,0,,0.0,0.0,0.0,0,0,0.0,0.0
GRG,2026-06-08,2026,2,6,24,operasional,test,0.0,0.0,0.0,0,0,0,,0.0,0.0,0.0,0,0,0.0,0.0
GRG,2026-06-15,2026,2,6,25,operasional,test,0.0,0.0,0.0,0,0,0,,0.0,0.0,0.0,0,0,0.0,0.0
GRG,2026-06-22,2026,2,6,26,operasional,test,0.0,0.0,0.0,0,0,0,,0.0,0.0,0.0,1,0,0.0,0.0
GRG,2026-06-29,2026,2,6,27,operasional,test,40.0,40.0,3.713572066704308,0,0,0,,80000.0,1.0,1.0,0,1,0.0,0.0
GRG,2026-07-06,2026,3,7,28,operasional,test,0.0,0.0,0.0,0,0,0,,0.0,0.0,0.0,0,0,0.0,0.0
GRG,2026-07-13,2026,3,7,29,operasional,test,0.0,0.0,0.0,0,0,0,,0.0,0.0,0.0,0,0,0.0,0.0
GRG,2026-07-20,2026,3,7,30,operasional,test,0.0,0.0,0.0,0,0,0,,0.0,0.0,0.0,1,1,0.0,0.0
GRG,2026-07-27,2026,3,7,31,operasional,test,0.0,0.0,0.0,0,0,0,,0.0,0.0,0.0,0,0,0.0,0.0
GRG,2026-08-03,2026,3,8,32,operasional,test,0.0,0.0,0.0,0,0,0,,0.0,0.0,0.0,0,0,0.0,0.0
GRG,2026-08-10,2026,3,8,33,operasional,test,0.0,0.0,0.0,0,0,0,,0.0,0.0,0.0,0,1,0.0,0.0
GRG,2026-08-17,2026,3,8,34,operasional,test,0.0,0.0,0.0,0,0,0,,0.0,0.0,0.0,0,1,0.0,0.0
GRG,2026-08-24,2026,3,8,35,operasional,test,0.0,0.0,0.0,0,0,0,,0.0,0.0,0.0,1,0,0.0,0.0
GRG,2026-08-31,2026,3,8,36,operasional,test,10.0,10.0,2.3978952727983707,0,0,0,,20000.0,1.0,1.0,0,1,0.0,0.0
GRG,2026-09-07,2026,3,9,37,operasional,test,0.0,0.0,0.0,0,0,0,,0.0,0.0,0.0,0,0,0.0,0.0
GRG,2026-09-14,2026,3,9,38,operasional,test,0.0,0.0,0.0,0,0,0,,0.0,0.0,0.0,1,1,0.0,0.0
GRG,2026-09-21,2026,3,9,39,operasional,test,0.0,0.0,0.0,0,0,0,,0.0,0.0,0.0,0,0,0.0,0.0
HSP,2024-01-01,2024,1,1,1,sebelum_produk_dijual,train,,,,0,0,0,114.7407407407407,,,,1,0,,
HSP,2024-01-08,2024,1,1,2,operasional,train,8.0,8.0,2.1972245773362196,0,0,0,114.7407407407407,24000.0,1.0,1.0,1,0,227.0,1.0
HSP,2024-01-15,2024,1,1,3,operasional,train,0.0,0.0,0.0,0,0,0,114.7407407407407,0.0,0.0,0.0,0,0,0.0,0.0
HSP,2024-01-22,2024,1,1,4,operasional,train,28.0,28.0,3.367295829986474,0,0,0,114.7407407407407,84000.0,4.0,3.0,0,0,0.0,0.0
HSP,2024-01-29,2024,1,1,5,operasional,train,16.0,16.0,2.833213344056216,0,0,0,114.7407407407407,48000.0,2.0,2.0,0,0,0.0,0.0
HSP,2024-02-05,2024,1,2,6,operasional,train,0.0,0.0,0.0,0,0,0,114.7407407407407,0.0,0.0,0.0,1,0,0.0,0.0
HSP,2024-02-12,2024,1,2,7,operasional,train,2.0,2.0,1.0986122886681096,0,0,0,114.7407407407407,6000.0,1.0,1.0,1,0,0.0,0.0
HSP,2024-02-19,2024,1,2,8,operasional,train,0.0,0.0,0.0,0,0,0,114.7407407407407,0.0,0.0,0.0,0,0,0.0,0.0
HSP,2024-02-26,2024,1,2,9,operasional,train,24.0,24.0,3.2188758248682006,0,0,0,114.7407407407407,72000.0,4.0,2.0,1,0,0.0,0.0
HSP,2024-03-04,2024,1,3,10,operasional,train,9.0,9.0,2.302585092994046,0,0,0,114.7407407407407,27000.0,2.0,2.0,0,0,0.0,0.0
HSP,2024-03-11,2024,1,3,11,operasional,train,0.0,0.0,0.0,0,0,0,114.7407407407407,0.0,0.0,0.0,1,0,0.0,0.0
HSP,2024-03-18,2024,1,3,12,operasional,train,8.0,8.0,2.1972245773362196,0,0,0,114.7407407407407,24000.0,1.0,1.0,1,0,0.0,0.0
HSP,2024-03-25,2024,1,3,13,operasional,train,0.0,0.0,0.0,0,0,0,114.7407407407407,0.0,0.0,0.0,0,1,0.0,0.0
HSP,2024-04-01,2024,2,4,14,operasional,train,31.0,31.0,3.4657359027997265,0,0,0,114.7407407407407,93000.0,4.0,2.0,1,0,0.0,0.0
HSP,2024-04-08,2024,2,4,15,operasional,train,8.0,8.0,2.1972245773362196,0,0,0,114.7407407407407,24000.0,1.0,1.0,0,0,0.0,0.0
HSP,2024-04-15,2024,2,4,16,operasional,train,10.0,10.0,2.3978952727983707,0,0,0,114.7407407407407,30000.0,1.0,1.0,1,0,0.0,0.0
HSP,2024-04-22,2024,2,4,17,operasional,train,6.0,6.0,1.9459101490553132,0,0,0,114.7407407407407,18000.0,1.0,1.0,1,0,0.0,0.0
HSP,2024-04-29,2024,2,4,18,operasional,train,0.0,0.0,0.0,0,0,0,114.7407407407407,0.0,0.0,0.0,0,1,0.0,0.0
HSP,2024-05-06,2024,2,5,19,operasional,train,34.0,34.0,3.5553480614894135,0,0,0,114.7407407407407,102000.0,4.0,2.0,1,0,0.0,0.0
HSP,2024-05-13,2024,2,5,20,operasional,train,5.0,5.0,1.791759469228055,0,0,0,114.7407407407407,15000.0,1.0,1.0,0,0,0.0,0.0
HSP,2024-05-20,2024,2,5,21,operasional,train,0.0,0.0,0.0,0,0,0,114.7407407407407,0.0,0.0,0.0,0,1,0.0,0.0
HSP,2024-05-27,2024,2,5,22,operasional,train,0.0,0.0,0.0,0,0,0,114.7407407407407,0.0,0.0,0.0,0,0,0.0,0.0
HSP,2024-06-03,2024,2,6,23,operasional,train,0.0,0.0,0.0,0,0,0,114.7407407407407,0.0,0.0,0.0,0,1,0.0,0.0
HSP,2024-06-10,2024,2,6,24,operasional,train,0.0,0.0,0.0,0,0,0,114.7407407407407,0.0,0.0,0.0,0,1,0.0,0.0
HSP,2024-06-17,2024,2,6,25,operasional,train,0.0,0.0,0.0,0,0,0,114.7407407407407,0.0,0.0,0.0,1,1,0.0,0.0
HSP,2024-06-24,2024,2,6,26,operasional,train,0.0,0.0,0.0,0,0,0,114.7407407407407,0.0,0.0,0.0,1,1,0.0,0.0
HSP,2024-07-01,2024,3,7,27,operasional,train,0.0,0.0,0.0,0,0,0,114.7407407407407,0.0,0.0,0.0,0,1,0.0,0.0
HSP,2024-07-08,2024,3,7,28,operasional,train,0.0,0.0,0.0,0,0,0,114.7407407407407,0.0,0.0,0.0,0,0,0.0,0.0
HSP,2024-07-15,2024,3,7,29,operasional,train,0.0,0.0,0.0,0,0,0,114.7407407407407,0.0,0.0,0.0,0,1,0.0,0.0
HSP,2024-07-22,2024,3,7,30,operasional,train,0.0,0.0,0.0,0,0,0,114.7407407407407,0.0,0.0,0.0,0,0,0.0,0.0
HSP,2024-07-29,2024,3,7,31,operasional,train,24.0,24.0,3.2188758248682006,0,0,0,114.7407407407407,72000.0,4.0,3.0,1,0,189.0,1.0
HSP,2024-08-05,2024,3,8,32,operasional,train,9.0,9.0,2.302585092994046,0,0,0,114.7407407407407,27000.0,2.0,2.0,0,0,0.0,0.0
HSP,2024-08-12,2024,3,8,33,operasional,train,0.0,0.0,0.0,0,0,0,114.7407407407407,0.0,0.0,0.0,1,0,0.0,0.0
HSP,2024-08-19,2024,3,8,34,operasional,train,8.0,8.0,2.1972245773362196,0,0,0,114.7407407407407,24000.0,1.0,1.0,1,0,0.0,0.0
HSP,2024-08-26,2024,3,8,35,operasional,train,0.0,0.0,0.0,0,0,0,114.7407407407407,0.0,0.0,0.0,0,1,0.0,0.0
HSP,2024-09-02,2024,3,9,36,operasional,train,31.0,31.0,3.4657359027997265,0,0,0,114.7407407407407,93000.0,4.0,2.0,1,0,0.0,0.0
HSP,2024-09-09,2024,3,9,37,operasional,train,8.0,8.0,2.1972245773362196,0,0,0,114.7407407407407,24000.0,1.0,1.0,0,0,0.0,0.0
HSP,2024-09-16,2024,3,9,38,operasional,train,10.0,10.0,2.3978952727983707,0,0,0,114.7407407407407,30000.0,1.0,1.0,1,0,0.0,0.0
HSP,2024-09-23,2024,3,9,39,operasional,train,6.0,6.0,1.9459101490553132,0,0,0,114.7407407407407,18000.0,1.0,1.0,1,0,0.0,0.0
HSP,2024-09-30,2024,3,9,40,operasional,train,0.0,0.0,0.0,0,0,0,114.7407407407407,0.0,0.0,0.0,0,1,0.0,0.0
HSP,2024-10-07,2024,4,10,41,operasional,train,34.0,34.0,3.5553480614894135,0,0,0,114.7407407407407,102000.0,4.0,2.0,1,0,0.0,0.0
HSP,2024-10-14,2024,4,10,42,operasional,train,5.0,5.0,1.791759469228055,0,0,0,114.7407407407407,15000.0,1.0,1.0,0,0,0.0,0.0
HSP,2024-10-21,2024,4,10,43,tidak_tercatat,train,,,,0,0,0,114.7407407407407,,,,0,0,,
HSP,2024-10-28,2024,4,10,44,tidak_tercatat,train,,,,0,0,0,114.7407407407407,,,,0,0,,
HSP,2024-11-04,2024,4,11,45,tidak_tercatat,train,,,,0,0,0,114.7407407407407,,,,0,0,,
HSP,2024-11-11,2024,4,11,46,tidak_tercatat,train,,,,0,0,0,114.7407407407407,,,,0,0,,
HSP,2024-11-18,2024,4,11,47,tidak_tercatat,train,,,,0,0,0,114.7407407407407,,,,0,0,,
HSP,2024-11-25,2024,4,11,48,tidak_tercatat,train,,,,0,0,0,114.7407407407407,,,,0,0,,
HSP,2024-12-02,2024,4,12,49,tidak_tercatat,train,,,,0,0,0,114.7407407407407,,,,0,0,,
HSP,2024-12-09,2024,4,12,50,tidak_tercatat,train,,,,0,0,0,114.7407407407407,,,,0,0,,
HSP,2024-12-16,2024,4,12,51,tidak_tercatat,train,,,,0,0,0,114.7407407407407,,,,0,0,,
HSP,2024-12-23,2024,4,12,52,tidak_tercatat,train,,,,0,0,0,114.7407407407407,,,,0,0,,
HSP,2024-12-30,2024,4,12,1,tidak_tercatat,train,,,,0,0,0,114.7407407407407,,,,0,0,,
HSP,2025-01-06,2025,1,1,2,tidak_tercatat,train,,,,0,0,0,114.7407407407407,,,,0,0,,
HSP,2025-01-13,2025,1,1,3,tidak_tercatat,train,,,,0,0,0,114.7407407407407,,,,0,0,,
HSP,2025-01-20,2025,1,1,4,tidak_tercatat,train,,,,0,0,0,114.7407407407407,,,,0,0,,
HSP,2025-01-27,2025,1,1,5,operasional,train,0.0,0.0,0.0,0,0,0,114.7407407407407,0.0,0.0,0.0,0,0,0.0,0.0
HSP,2025-02-03,2025,1,2,6,operasional,train,0.0,0.0,0.0,0,0,0,114.7407407407407,0.0,0.0,0.0,0,0,0.0,0.0
HSP,2025-02-10,2025,1,2,7,operasional,train,0.0,0.0,0.0,0,0,0,114.7407407407407,0.0,0.0,0.0,0,0,0.0,0.0
HSP,2025-02-17,2025,1,2,8,operasional,train,0.0,0.0,0.0,0,0,0,114.7407407407407,0.0,0.0,0.0,0,0,0.0,0.0
HSP,2025-02-24,2025,1,2,9,operasional,train,0.0,0.0,0.0,0,0,0,114.7407407407407,0.0,0.0,0.0,0,0,0.0,0.0
HSP,2025-03-03,2025,1,3,10,tidak_tercatat,train,,,,0,0,0,114.7407407407407,,,,0,0,,
HSP,2025-03-10,2025,1,3,11,tidak_tercatat,train,,,,0,0,0,114.7407407407407,,,,0,0,,
HSP,2025-03-17,2025,1,3,12,tidak_tercatat,train,,,,0,0,0,114.7407407407407,,,,0,0,,
HSP,2025-03-24,2025,1,3,13,tidak_tercatat,train,,,,0,0,0,114.7407407407407,,,,0,0,,
HSP,2025-03-31,2025,1,3,14,tidak_tercatat,train,,,,0,0,0,114.7407407407407,,,,0,0,,
HSP,2025-04-07,2025,2,4,15,tidak_tercatat,train,,,,0,0,0,114.7407407407407,,,,0,0,,
HSP,2025-04-14,2025,2,4,16,operasional,train,33.0,33.0,3.5263605246161616,0,0,0,114.7407407407407,99000.0,3.0,1.0,0,0,162.0,1.0
HSP,2025-04-21,2025,2,4,17,operasional,train,0.0,0.0,0.0,0,0,0,114.7407407407407,0.0,0.0,0.0,0,0,0.0,0.0
HSP,2025-04-28,2025,2,4,18,operasional,train,0.0,0.0,0.0,0,0,0,114.7407407407407,0.0,0.0,0.0,0,0,0.0,0.0
HSP,2025-05-05,2025,2,5,19,operasional,train,0.0,0.0,0.0,0,0,0,114.7407407407407,0.0,0.0,0.0,0,0,0.0,0.0
HSP,2025-05-12,2025,2,5,20,operasional,train,0.0,0.0,0.0,0,0,0,114.7407407407407,0.0,0.0,0.0,0,0,0.0,0.0
HSP,2025-05-19,2025,2,5,21,operasional,train,0.0,0.0,0.0,0,0,0,114.7407407407407,0.0,0.0,0.0,0,0,0.0,0.0
HSP,2025-05-26,2025,2,5,22,operasional,train,0.0,0.0,0.0,0,0,0,114.7407407407407,0.0,0.0,0.0,0,0,0.0,0.0
HSP,2025-06-02,2025,2,6,23,operasional,train,11.0,11.0,2.4849066497880004,0,0,0,114.7407407407407,33000.0,1.0,1.0,0,0,119.0,1.0
HSP,2025-06-09,2025,2,6,24,operasional,train,0.0,0.0,0.0,0,0,0,114.7407407407407,0.0,0.0,0.0,1,1,0.0,0.0
HSP,2025-06-16,2025,2,6,25,operasional,train,0.0,0.0,0.0,0,0,0,114.7407407407407,0.0,0.0,0.0,0,0,0.0,0.0
HSP,2025-06-23,2025,2,6,26,operasional,train,0.0,0.0,0.0,0,0,0,114.7407407407407,0.0,0.0,0.0,1,1,0.0,0.0
HSP,2025-06-30,2025,2,6,27,operasional,train,7.0,7.0,2.0794415416798357,0,0,0,114.7407407407407,20000.0,1.0,1.0,0,0,66.0,1.0
HSP,2025-07-07,2025,3,7,28,operasional,train,0.0,0.0,0.0,0,0,0,114.7407407407407,0.0,0.0,0.0,0,0,0.0,0.0
HSP,2025-07-14,2025,3,7,29,operasional,train,9.0,9.0,2.302585092994046,0,0,0,114.7407407407407,27000.0,1.0,1.0,0,0,0.0,0.0
HSP,2025-07-21,2025,3,7,30,operasional,train,0.0,0.0,0.0,0,0,0,114.7407407407407,0.0,0.0,0.0,0,0,0.0,0.0
HSP,2025-07-28,2025,3,7,31,operasional,train,0.0,0.0,0.0,0,0,0,114.7407407407407,0.0,0.0,0.0,0,0,0.0,0.0
HSP,2025-08-04,2025,3,8,32,operasional,train,0.0,0.0,0.0,0,0,0,114.7407407407407,0.0,0.0,0.0,0,0,0.0,0.0
HSP,2025-08-11,2025,3,8,33,operasional,train,15.0,15.0,2.772588722239781,0,0,0,114.7407407407407,45000.0,1.0,1.0,1,0,22.0,1.0
HSP,2025-08-18,2025,3,8,34,operasional,train,0.0,0.0,0.0,0,0,0,114.7407407407407,0.0,0.0,0.0,0,0,0.0,0.0
HSP,2025-08-25,2025,3,8,35,operasional,train,0.0,0.0,0.0,0,0,0,114.7407407407407,0.0,0.0,0.0,0,0,0.0,0.0
HSP,2025-09-01,2025,3,9,36,operasional,train,0.0,0.0,0.0,0,0,0,114.7407407407407,0.0,0.0,0.0,0,0,0.0,0.0
HSP,2025-09-08,2025,3,9,37,operasional,train,0.0,0.0,0.0,0,0,0,114.7407407407407,0.0,0.0,0.0,0,0,0.0,0.0
HSP,2025-09-15,2025,3,9,38,operasional,train,0.0,0.0,0.0,0,0,0,114.7407407407407,0.0,0.0,0.0,0,0,0.0,0.0
HSP,2025-09-22,2025,3,9,39,operasional,train,0.0,0.0,0.0,0,0,0,114.7407407407407,0.0,0.0,0.0,0,1,0.0,0.0
HSP,2025-09-29,2025,3,9,40,operasional,train,0.0,0.0,0.0,0,0,0,114.7407407407407,0.0,0.0,0.0,0,0,0.0,0.0
HSP,2025-10-06,2025,4,10,41,operasional,train,0.0,0.0,0.0,0,0,0,114.7407407407407,0.0,0.0,0.0,0,0,0.0,0.0
HSP,2025-10-13,2025,4,10,42,operasional,train,10.0,10.0,2.3978952727983707,0,0,0,114.7407407407407,30000.0,1.0,1.0,0,0,70.0,1.0
HSP,2025-10-20,2025,4,10,43,operasional,train,0.0,0.0,0.0,0,0,0,114.7407407407407,0.0,0.0,0.0,0,0,0.0,0.0
HSP,2025-10-27,2025,4,10,44,operasional,train,0.0,0.0,0.0,0,0,0,114.7407407407407,0.0,0.0,0.0,0,0,0.0,0.0
HSP,2025-11-03,2025,4,11,45,operasional,train,0.0,0.0,0.0,0,0,0,114.7407407407407,0.0,0.0,0.0,0,0,0.0,0.0
HSP,2025-11-10,2025,4,11,46,operasional,train,0.0,0.0,0.0,0,0,0,114.7407407407407,0.0,0.0,0.0,0,0,0.0,0.0
HSP,2025-11-17,2025,4,11,47,operasional,train,41.0,41.0,3.7376696182833684,0,0,0,114.7407407407407,123000.0,4.0,1.0,0,0,41.0,1.0
HSP,2025-11-24,2025,4,11,48,operasional,train,0.0,0.0,0.0,0,0,0,114.7407407407407,0.0,0.0,0.0,0,0,0.0,0.0
HSP,2025-12-01,2025,4,12,49,operasional,train,0.0,0.0,0.0,0,0,0,114.7407407407407,0.0,0.0,0.0,1,0,0.0,0.0
HSP,2025-12-08,2025,4,12,50,operasional,train,0.0,0.0,0.0,0,0,0,114.7407407407407,0.0,0.0,0.0,0,0,0.0,0.0
HSP,2025-12-15,2025,4,12,51,operasional,train,10.0,10.0,2.3978952727983707,0,0,0,114.7407407407407,30000.0,1.0,1.0,0,0,25.0,1.0
HSP,2025-12-22,2025,4,12,52,operasional,train,4.0,4.0,1.6094379124341003,0,0,0,114.7407407407407,12000.0,1.0,1.0,0,0,0.0,0.0
HSP,2025-12-29,2025,4,12,1,operasional,train,0.0,0.0,0.0,0,0,0,114.7407407407407,0.0,0.0,0.0,0,0,0.0,0.0
HSP,2026-01-05,2026,1,1,2,operasional,train,0.0,0.0,0.0,0,0,0,114.7407407407407,0.0,0.0,0.0,0,0,0.0,0.0
HSP,2026-01-12,2026,1,1,3,operasional,train,0.0,0.0,0.0,0,0,0,114.7407407407407,0.0,0.0,0.0,0,0,0.0,0.0
HSP,2026-01-19,2026,1,1,4,operasional,train,0.0,0.0,0.0,0,0,0,114.7407407407407,0.0,0.0,0.0,0,0,0.0,0.0
HSP,2026-01-26,2026,1,1,5,operasional,train,0.0,0.0,0.0,0,0,0,114.7407407407407,0.0,0.0,0.0,0,0,0.0,0.0
HSP,2026-02-02,2026,1,2,6,operasional,train,0.0,0.0,0.0,0,0,0,114.7407407407407,0.0,0.0,0.0,1,0,0.0,0.0
HSP,2026-02-09,2026,1,2,7,operasional,train,0.0,0.0,0.0,0,0,0,114.7407407407407,0.0,0.0,0.0,0,0,0.0,0.0
HSP,2026-02-16,2026,1,2,8,operasional,train,0.0,0.0,0.0,0,0,0,114.7407407407407,0.0,0.0,0.0,0,0,0.0,0.0
HSP,2026-02-23,2026,1,2,9,operasional,train,0.0,0.0,0.0,0,0,0,114.7407407407407,0.0,0.0,0.0,0,0,0.0,0.0
HSP,2026-03-02,2026,1,3,10,operasional,train,0.0,0.0,0.0,0,0,0,114.7407407407407,0.0,0.0,0.0,0,0,0.0,0.0
HSP,2026-03-09,2026,1,3,11,operasional,train,0.0,0.0,0.0,0,0,0,114.7407407407407,0.0,0.0,0.0,0,0,0.0,0.0
HSP,2026-03-16,2026,1,3,12,operasional,train,0.0,0.0,0.0,0,0,0,114.7407407407407,0.0,0.0,0.0,1,0,0.0,0.0
HSP,2026-03-23,2026,1,3,13,operasional,train,0.0,0.0,0.0,0,0,0,114.7407407407407,0.0,0.0,0.0,0,0,0.0,0.0
HSP,2026-03-30,2026,1,3,14,operasional,train,0.0,0.0,0.0,0,0,0,114.7407407407407,0.0,0.0,0.0,1,0,0.0,0.0
HSP,2026-04-06,2026,2,4,15,operasional,test,0.0,0.0,0.0,0,0,0,114.7407407407407,0.0,0.0,0.0,0,0,0.0,0.0
HSP,2026-04-13,2026,2,4,16,operasional,test,0.0,0.0,0.0,0,0,0,114.7407407407407,0.0,0.0,0.0,0,1,0.0,0.0
HSP,2026-04-20,2026,2,4,17,operasional,test,0.0,0.0,0.0,0,0,0,114.7407407407407,0.0,0.0,0.0,0,0,0.0,0.0
HSP,2026-04-27,2026,2,4,18,operasional,test,0.0,0.0,0.0,0,0,0,114.7407407407407,0.0,0.0,0.0,0,0,0.0,0.0
HSP,2026-05-04,2026,2,5,19,operasional,test,0.0,0.0,0.0,0,0,0,114.7407407407407,0.0,0.0,0.0,1,0,0.0,0.0
HSP,2026-05-11,2026,2,5,20,operasional,test,0.0,0.0,0.0,0,0,0,114.7407407407407,0.0,0.0,0.0,0,1,0.0,0.0
HSP,2026-05-18,2026,2,5,21,operasional,test,0.0,0.0,0.0,0,0,0,114.7407407407407,0.0,0.0,0.0,0,0,0.0,0.0
HSP,2026-05-25,2026,2,5,22,operasional,test,0.0,0.0,0.0,0,0,0,114.7407407407407,0.0,0.0,0.0,0,0,0.0,0.0
HSP,2026-06-01,2026,2,6,23,operasional,test,0.0,0.0,0.0,0,0,0,114.7407407407407,0.0,0.0,0.0,0,0,0.0,0.0
HSP,2026-06-08,2026,2,6,24,operasional,test,0.0,0.0,0.0,0,0,0,114.7407407407407,0.0,0.0,0.0,0,0,0.0,0.0
HSP,2026-06-15,2026,2,6,25,operasional,test,0.0,0.0,0.0,0,0,0,114.7407407407407,0.0,0.0,0.0,0,0,0.0,0.0
HSP,2026-06-22,2026,2,6,26,operasional,test,0.0,0.0,0.0,0,0,0,114.7407407407407,0.0,0.0,0.0,1,0,0.0,0.0
HSP,2026-06-29,2026,2,6,27,operasional,test,0.0,0.0,0.0,0,0,0,114.7407407407407,0.0,0.0,0.0,0,1,0.0,0.0
HSP,2026-07-06,2026,3,7,28,operasional,test,0.0,0.0,0.0,0,0,0,114.7407407407407,0.0,0.0,0.0,0,0,0.0,0.0
HSP,2026-07-13,2026,3,7,29,operasional,test,0.0,0.0,0.0,0,0,0,114.7407407407407,0.0,0.0,0.0,0,0,0.0,0.0
HSP,2026-07-20,2026,3,7,30,operasional,test,0.0,0.0,0.0,0,0,0,114.7407407407407,0.0,0.0,0.0,1,1,0.0,0.0
HSP,2026-07-27,2026,3,7,31,operasional,test,0.0,0.0,0.0,0,0,0,114.7407407407407,0.0,0.0,0.0,0,0,0.0,0.0
HSP,2026-08-03,2026,3,8,32,operasional,test,0.0,0.0,0.0,0,0,0,114.7407407407407,0.0,0.0,0.0,0,0,0.0,0.0
HSP,2026-08-10,2026,3,8,33,operasional,test,0.0,0.0,0.0,0,0,0,114.7407407407407,0.0,0.0,0.0,0,1,0.0,0.0
HSP,2026-08-17,2026,3,8,34,operasional,test,0.0,0.0,0.0,0,0,0,114.7407407407407,0.0,0.0,0.0,0,1,0.0,0.0
HSP,2026-08-24,2026,3,8,35,operasional,test,0.0,0.0,0.0,0,0,0,114.7407407407407,0.0,0.0,0.0,1,0,0.0,0.0
HSP,2026-08-31,2026,3,8,36,operasional,test,0.0,0.0,0.0,0,0,0,114.7407407407407,0.0,0.0,0.0,0,1,0.0,0.0
HSP,2026-09-07,2026,3,9,37,operasional,test,0.0,0.0,0.0,0,0,0,114.7407407407407,0.0,0.0,0.0,0,0,0.0,0.0
HSP,2026-09-14,2026,3,9,38,operasional,test,0.0,0.0,0.0,0,0,0,114.7407407407407,0.0,0.0,0.0,1,1,0.0,0.0
HSP,2026-09-21,2026,3,9,39,operasional,test,0.0,0.0,0.0,0,0,0,114.7407407407407,0.0,0.0,0.0,0,0,0.0,0.0
JGG,2024-01-01,2024,1,1,1,sebelum_produk_dijual,train,,,,0,0,0,53.5008623784982,,,,1,0,,
JGG,2024-01-08,2024,1,1,2,sebelum_produk_dijual,train,,,,0,0,0,53.5008623784982,,,,1,0,,
JGG,2024-01-15,2024,1,1,3,sebelum_produk_dijual,train,,,,0,0,0,53.5008623784982,,,,0,0,,
JGG,2024-01-22,2024,1,1,4,operasional,train,6.0,6.0,1.9459101490553132,0,0,0,53.5008623784982,60000.0,1.0,1.0,0,0,58.0,1.0
JGG,2024-01-29,2024,1,1,5,operasional,train,0.0,0.0,0.0,0,0,0,53.5008623784982,0.0,0.0,0.0,0,0,0.0,0.0
JGG,2024-02-05,2024,1,2,6,operasional,train,0.0,0.0,0.0,0,0,0,53.5008623784982,0.0,0.0,0.0,1,0,0.0,0.0
JGG,2024-02-12,2024,1,2,7,operasional,train,0.0,0.0,0.0,0,0,0,53.5008623784982,0.0,0.0,0.0,1,0,0.0,0.0
JGG,2024-02-19,2024,1,2,8,operasional,train,0.0,0.0,0.0,0,0,0,53.5008623784982,0.0,0.0,0.0,0,0,0.0,0.0
JGG,2024-02-26,2024,1,2,9,operasional,train,12.0,12.0,2.5649493574615367,0,0,0,53.5008623784982,120000.0,1.0,1.0,1,0,0.0,0.0
JGG,2024-03-04,2024,1,3,10,operasional,train,0.0,0.0,0.0,0,0,0,53.5008623784982,0.0,0.0,0.0,0,0,0.0,0.0
JGG,2024-03-11,2024,1,3,11,operasional,train,0.0,0.0,0.0,0,0,0,53.5008623784982,0.0,0.0,0.0,1,0,0.0,0.0
JGG,2024-03-18,2024,1,3,12,operasional,train,0.0,0.0,0.0,0,0,0,53.5008623784982,0.0,0.0,0.0,1,0,0.0,0.0
JGG,2024-03-25,2024,1,3,13,operasional,train,0.0,0.0,0.0,0,0,0,53.5008623784982,0.0,0.0,0.0,0,1,0.0,0.0
JGG,2024-04-01,2024,2,4,14,operasional,train,6.0,6.0,1.9459101490553132,0,0,0,53.5008623784982,60000.0,1.0,1.0,1,0,0.0,0.0
JGG,2024-04-08,2024,2,4,15,operasional,train,0.0,0.0,0.0,0,0,0,53.5008623784982,0.0,0.0,0.0,0,0,0.0,0.0
JGG,2024-04-15,2024,2,4,16,operasional,train,0.0,0.0,0.0,0,0,0,53.5008623784982,0.0,0.0,0.0,1,0,0.0,0.0
JGG,2024-04-22,2024,2,4,17,operasional,train,0.0,0.0,0.0,0,0,0,53.5008623784982,0.0,0.0,0.0,1,0,0.0,0.0
JGG,2024-04-29,2024,2,4,18,operasional,train,0.0,0.0,0.0,0,0,0,53.5008623784982,0.0,0.0,0.0,0,1,0.0,0.0
JGG,2024-05-06,2024,2,5,19,operasional,train,3.0,3.0,1.3862943611198906,0,0,0,53.5008623784982,30000.0,1.0,1.0,1,0,0.0,0.0
JGG,2024-05-13,2024,2,5,20,operasional,train,0.0,0.0,0.0,0,0,0,53.5008623784982,0.0,0.0,0.0,0,0,0.0,0.0
JGG,2024-05-20,2024,2,5,21,operasional,train,0.0,0.0,0.0,0,0,0,53.5008623784982,0.0,0.0,0.0,0,1,0.0,0.0
JGG,2024-05-27,2024,2,5,22,operasional,train,0.0,0.0,0.0,0,0,0,53.5008623784982,0.0,0.0,0.0,0,0,0.0,0.0
JGG,2024-06-03,2024,2,6,23,operasional,train,0.0,0.0,0.0,0,0,0,53.5008623784982,0.0,0.0,0.0,0,1,0.0,0.0
JGG,2024-06-10,2024,2,6,24,operasional,train,0.0,0.0,0.0,0,0,0,53.5008623784982,0.0,0.0,0.0,0,1,0.0,0.0
JGG,2024-06-17,2024,2,6,25,operasional,train,0.0,0.0,0.0,0,0,0,53.5008623784982,0.0,0.0,0.0,1,1,0.0,0.0
JGG,2024-06-24,2024,2,6,26,operasional,train,0.0,0.0,0.0,0,0,0,53.5008623784982,0.0,0.0,0.0,1,1,0.0,0.0
JGG,2024-07-01,2024,3,7,27,operasional,train,0.0,0.0,0.0,0,0,0,53.5008623784982,0.0,0.0,0.0,0,1,0.0,0.0
JGG,2024-07-08,2024,3,7,28,operasional,train,0.0,0.0,0.0,0,0,0,53.5008623784982,0.0,0.0,0.0,0,0,0.0,0.0
JGG,2024-07-15,2024,3,7,29,operasional,train,0.0,0.0,0.0,0,0,0,53.5008623784982,0.0,0.0,0.0,0,1,0.0,0.0
JGG,2024-07-22,2024,3,7,30,operasional,train,0.0,0.0,0.0,0,0,0,53.5008623784982,0.0,0.0,0.0,0,0,0.0,0.0
JGG,2024-07-29,2024,3,7,31,operasional,train,12.0,12.0,2.5649493574615367,0,0,0,53.5008623784982,120000.0,1.0,1.0,1,0,27.0,1.0
JGG,2024-08-05,2024,3,8,32,operasional,train,0.0,0.0,0.0,0,0,0,53.5008623784982,0.0,0.0,0.0,0,0,0.0,0.0
JGG,2024-08-12,2024,3,8,33,operasional,train,0.0,0.0,0.0,0,0,0,53.5008623784982,0.0,0.0,0.0,1,0,0.0,0.0
JGG,2024-08-19,2024,3,8,34,operasional,train,0.0,0.0,0.0,0,0,0,53.5008623784982,0.0,0.0,0.0,1,0,0.0,0.0
JGG,2024-08-26,2024,3,8,35,operasional,train,0.0,0.0,0.0,0,0,0,53.5008623784982,0.0,0.0,0.0,0,1,0.0,0.0
JGG,2024-09-02,2024,3,9,36,operasional,train,6.0,6.0,1.9459101490553132,0,0,0,53.5008623784982,60000.0,1.0,1.0,1,0,0.0,0.0
JGG,2024-09-09,2024,3,9,37,operasional,train,0.0,0.0,0.0,0,0,0,53.5008623784982,0.0,0.0,0.0,0,0,0.0,0.0
JGG,2024-09-16,2024,3,9,38,operasional,train,0.0,0.0,0.0,0,0,0,53.5008623784982,0.0,0.0,0.0,1,0,0.0,0.0
JGG,2024-09-23,2024,3,9,39,operasional,train,0.0,0.0,0.0,0,0,0,53.5008623784982,0.0,0.0,0.0,1,0,0.0,0.0
JGG,2024-09-30,2024,3,9,40,operasional,train,0.0,0.0,0.0,0,0,0,53.5008623784982,0.0,0.0,0.0,0,1,0.0,0.0
JGG,2024-10-07,2024,4,10,41,operasional,train,3.0,3.0,1.3862943611198906,0,0,0,53.5008623784982,30000.0,1.0,1.0,1,0,0.0,0.0
JGG,2024-10-14,2024,4,10,42,operasional,train,0.0,0.0,0.0,0,0,0,53.5008623784982,0.0,0.0,0.0,0,0,0.0,0.0
JGG,2024-10-21,2024,4,10,43,tidak_tercatat,train,,,,0,0,0,53.5008623784982,,,,0,0,,
JGG,2024-10-28,2024,4,10,44,tidak_tercatat,train,,,,0,0,0,53.5008623784982,,,,0,0,,
JGG,2024-11-04,2024,4,11,45,tidak_tercatat,train,,,,0,0,0,53.5008623784982,,,,0,0,,
JGG,2024-11-11,2024,4,11,46,tidak_tercatat,train,,,,0,0,0,53.5008623784982,,,,0,0,,
JGG,2024-11-18,2024,4,11,47,tidak_tercatat,train,,,,0,0,0,53.5008623784982,,,,0,0,,
JGG,2024-11-25,2024,4,11,48,tidak_tercatat,train,,,,0,0,0,53.5008623784982,,,,0,0,,
JGG,2024-12-02,2024,4,12,49,tidak_tercatat,train,,,,0,0,0,53.5008623784982,,,,0,0,,
JGG,2024-12-09,2024,4,12,50,tidak_tercatat,train,,,,0,0,0,53.5008623784982,,,,0,0,,
JGG,2024-12-16,2024,4,12,51,tidak_tercatat,train,,,,0,0,0,53.5008623784982,,,,0,0,,
JGG,2024-12-23,2024,4,12,52,tidak_tercatat,train,,,,0,0,0,53.5008623784982,,,,0,0,,
JGG,2024-12-30,2024,4,12,1,tidak_tercatat,train,,,,0,0,0,53.5008623784982,,,,0,0,,
JGG,2025-01-06,2025,1,1,2,tidak_tercatat,train,,,,0,0,0,53.5008623784982,,,,0,0,,
JGG,2025-01-13,2025,1,1,3,tidak_tercatat,train,,,,0,0,0,53.5008623784982,,,,0,0,,
JGG,2025-01-20,2025,1,1,4,tidak_tercatat,train,,,,0,0,0,53.5008623784982,,,,0,0,,
JGG,2025-01-27,2025,1,1,5,operasional,train,0.0,0.0,0.0,0,0,0,53.5008623784982,0.0,0.0,0.0,0,0,0.0,0.0
JGG,2025-02-03,2025,1,2,6,operasional,train,0.0,0.0,0.0,0,0,0,53.5008623784982,0.0,0.0,0.0,0,0,0.0,0.0
JGG,2025-02-10,2025,1,2,7,operasional,train,0.0,0.0,0.0,0,0,0,53.5008623784982,0.0,0.0,0.0,0,0,0.0,0.0
JGG,2025-02-17,2025,1,2,8,operasional,train,0.0,0.0,0.0,0,0,0,53.5008623784982,0.0,0.0,0.0,0,0,0.0,0.0
JGG,2025-02-24,2025,1,2,9,operasional,train,0.0,0.0,0.0,0,0,0,53.5008623784982,0.0,0.0,0.0,0,0,0.0,0.0
JGG,2025-03-03,2025,1,3,10,tidak_tercatat,train,,,,0,0,0,53.5008623784982,,,,0,0,,
JGG,2025-03-10,2025,1,3,11,tidak_tercatat,train,,,,0,0,0,53.5008623784982,,,,0,0,,
JGG,2025-03-17,2025,1,3,12,tidak_tercatat,train,,,,0,0,0,53.5008623784982,,,,0,0,,
JGG,2025-03-24,2025,1,3,13,tidak_tercatat,train,,,,0,0,0,53.5008623784982,,,,0,0,,
JGG,2025-03-31,2025,1,3,14,tidak_tercatat,train,,,,0,0,0,53.5008623784982,,,,0,0,,
JGG,2025-04-07,2025,2,4,15,tidak_tercatat,train,,,,0,0,0,53.5008623784982,,,,0,0,,
JGG,2025-04-14,2025,2,4,16,operasional,train,0.0,0.0,0.0,0,0,0,53.5008623784982,0.0,0.0,0.0,0,0,0.0,0.0
JGG,2025-04-21,2025,2,4,17,operasional,train,0.0,0.0,0.0,0,0,0,53.5008623784982,0.0,0.0,0.0,0,0,0.0,0.0
JGG,2025-04-28,2025,2,4,18,operasional,train,0.0,0.0,0.0,0,0,0,53.5008623784982,0.0,0.0,0.0,0,0,0.0,0.0
JGG,2025-05-05,2025,2,5,19,operasional,train,0.0,0.0,0.0,0,0,0,53.5008623784982,0.0,0.0,0.0,0,0,0.0,0.0
JGG,2025-05-12,2025,2,5,20,operasional,train,0.0,0.0,0.0,0,0,0,53.5008623784982,0.0,0.0,0.0,0,0,0.0,0.0
JGG,2025-05-19,2025,2,5,21,operasional,train,0.0,0.0,0.0,0,0,0,53.5008623784982,0.0,0.0,0.0,0,0,0.0,0.0
JGG,2025-05-26,2025,2,5,22,operasional,train,0.0,0.0,0.0,0,0,0,53.5008623784982,0.0,0.0,0.0,0,0,0.0,0.0
JGG,2025-06-02,2025,2,6,23,operasional,train,0.0,0.0,0.0,0,0,0,53.5008623784982,0.0,0.0,0.0,0,0,0.0,0.0
JGG,2025-06-09,2025,2,6,24,operasional,train,0.0,0.0,0.0,0,0,0,53.5008623784982,0.0,0.0,0.0,1,1,0.0,0.0
JGG,2025-06-16,2025,2,6,25,operasional,train,0.0,0.0,0.0,0,0,0,53.5008623784982,0.0,0.0,0.0,0,0,0.0,0.0
JGG,2025-06-23,2025,2,6,26,operasional,train,0.0,0.0,0.0,0,0,0,53.5008623784982,0.0,0.0,0.0,1,1,0.0,0.0
JGG,2025-06-30,2025,2,6,27,operasional,train,0.0,0.0,0.0,0,0,0,53.5008623784982,0.0,0.0,0.0,0,0,0.0,0.0
JGG,2025-07-07,2025,3,7,28,operasional,train,0.0,0.0,0.0,0,0,0,53.5008623784982,0.0,0.0,0.0,0,0,0.0,0.0
JGG,2025-07-14,2025,3,7,29,operasional,train,0.0,0.0,0.0,0,0,0,53.5008623784982,0.0,0.0,0.0,0,0,0.0,0.0
JGG,2025-07-21,2025,3,7,30,operasional,train,0.0,0.0,0.0,0,0,0,53.5008623784982,0.0,0.0,0.0,0,0,0.0,0.0
JGG,2025-07-28,2025,3,7,31,operasional,train,0.0,0.0,0.0,0,0,0,53.5008623784982,0.0,0.0,0.0,0,0,0.0,0.0
JGG,2025-08-04,2025,3,8,32,operasional,train,0.0,0.0,0.0,0,0,0,53.5008623784982,0.0,0.0,0.0,0,0,0.0,0.0
JGG,2025-08-11,2025,3,8,33,operasional,train,0.0,0.0,0.0,0,0,0,53.5008623784982,0.0,0.0,0.0,1,0,0.0,0.0
JGG,2025-08-18,2025,3,8,34,operasional,train,0.0,0.0,0.0,0,0,0,53.5008623784982,0.0,0.0,0.0,0,0,0.0,0.0
JGG,2025-08-25,2025,3,8,35,operasional,train,0.0,0.0,0.0,0,0,0,53.5008623784982,0.0,0.0,0.0,0,0,0.0,0.0
JGG,2025-09-01,2025,3,9,36,operasional,train,0.0,0.0,0.0,0,0,0,53.5008623784982,0.0,0.0,0.0,0,0,0.0,0.0
JGG,2025-09-08,2025,3,9,37,operasional,train,0.0,0.0,0.0,0,0,0,53.5008623784982,0.0,0.0,0.0,0,0,0.0,0.0
JGG,2025-09-15,2025,3,9,38,operasional,train,0.0,0.0,0.0,0,0,0,53.5008623784982,0.0,0.0,0.0,0,0,0.0,0.0
JGG,2025-09-22,2025,3,9,39,operasional,train,0.0,0.0,0.0,0,0,0,53.5008623784982,0.0,0.0,0.0,0,1,0.0,0.0
JGG,2025-09-29,2025,3,9,40,operasional,train,0.0,0.0,0.0,0,0,0,53.5008623784982,0.0,0.0,0.0,0,0,0.0,0.0
JGG,2025-10-06,2025,4,10,41,operasional,train,0.0,0.0,0.0,0,0,0,53.5008623784982,0.0,0.0,0.0,0,0,0.0,0.0
JGG,2025-10-13,2025,4,10,42,operasional,train,4.0,4.0,1.6094379124341003,0,0,0,53.5008623784982,40000.0,1.0,1.0,0,0,24.0,1.0
JGG,2025-10-20,2025,4,10,43,operasional,train,0.0,0.0,0.0,0,0,0,53.5008623784982,0.0,0.0,0.0,0,0,0.0,0.0
JGG,2025-10-27,2025,4,10,44,operasional,train,0.0,0.0,0.0,0,0,0,53.5008623784982,0.0,0.0,0.0,0,0,0.0,0.0
JGG,2025-11-03,2025,4,11,45,operasional,train,0.0,0.0,0.0,0,0,0,53.5008623784982,0.0,0.0,0.0,0,0,0.0,0.0
JGG,2025-11-10,2025,4,11,46,operasional,train,0.0,0.0,0.0,0,0,0,53.5008623784982,0.0,0.0,0.0,0,0,0.0,0.0
JGG,2025-11-17,2025,4,11,47,operasional,train,0.0,0.0,0.0,0,0,0,53.5008623784982,0.0,0.0,0.0,0,0,0.0,0.0
JGG,2025-11-24,2025,4,11,48,operasional,train,0.0,0.0,0.0,0,0,0,53.5008623784982,0.0,0.0,0.0,0,0,0.0,0.0
JGG,2025-12-01,2025,4,12,49,operasional,train,21.0,21.0,3.091042453358316,0,0,0,53.5008623784982,210000.0,1.0,1.0,1,0,17.3,1.0
JGG,2025-12-08,2025,4,12,50,operasional,train,0.0,0.0,0.0,0,0,0,53.5008623784982,0.0,0.0,0.0,0,0,0.0,0.0
JGG,2025-12-15,2025,4,12,51,operasional,train,0.0,0.0,0.0,0,0,0,53.5008623784982,0.0,0.0,0.0,0,0,0.0,0.0
JGG,2025-12-22,2025,4,12,52,operasional,train,0.0,0.0,0.0,0,0,0,53.5008623784982,0.0,0.0,0.0,0,0,0.0,0.0
JGG,2025-12-29,2025,4,12,1,operasional,train,0.0,0.0,0.0,0,0,0,53.5008623784982,0.0,0.0,0.0,0,0,0.0,0.0
JGG,2026-01-05,2026,1,1,2,operasional,train,0.0,0.0,0.0,0,0,0,53.5008623784982,0.0,0.0,0.0,0,0,0.0,0.0
JGG,2026-01-12,2026,1,1,3,operasional,train,0.0,0.0,0.0,0,0,0,53.5008623784982,0.0,0.0,0.0,0,0,0.0,0.0
JGG,2026-01-19,2026,1,1,4,operasional,train,0.0,0.0,0.0,0,0,0,53.5008623784982,0.0,0.0,0.0,0,0,0.0,0.0
JGG,2026-01-26,2026,1,1,5,operasional,train,0.0,0.0,0.0,0,0,0,53.5008623784982,0.0,0.0,0.0,0,0,0.0,0.0
JGG,2026-02-02,2026,1,2,6,operasional,train,0.0,0.0,0.0,0,0,0,53.5008623784982,0.0,0.0,0.0,1,0,0.0,0.0
JGG,2026-02-09,2026,1,2,7,operasional,train,0.0,0.0,0.0,0,0,0,53.5008623784982,0.0,0.0,0.0,0,0,0.0,0.0
JGG,2026-02-16,2026,1,2,8,operasional,train,0.0,0.0,0.0,0,0,0,53.5008623784982,0.0,0.0,0.0,0,0,0.0,0.0
JGG,2026-02-23,2026,1,2,9,operasional,train,0.0,0.0,0.0,0,0,0,53.5008623784982,0.0,0.0,0.0,0,0,0.0,0.0
JGG,2026-03-02,2026,1,3,10,operasional,train,0.0,0.0,0.0,0,0,0,53.5008623784982,0.0,0.0,0.0,0,0,0.0,0.0
JGG,2026-03-09,2026,1,3,11,operasional,train,0.0,0.0,0.0,0,0,0,53.5008623784982,0.0,0.0,0.0,0,0,0.0,0.0
JGG,2026-03-16,2026,1,3,12,operasional,train,0.0,0.0,0.0,0,0,0,53.5008623784982,0.0,0.0,0.0,1,0,0.0,0.0
JGG,2026-03-23,2026,1,3,13,operasional,train,0.0,0.0,0.0,0,0,0,53.5008623784982,0.0,0.0,0.0,0,0,0.0,0.0
JGG,2026-03-30,2026,1,3,14,operasional,train,0.0,0.0,0.0,0,0,0,53.5008623784982,0.0,0.0,0.0,1,0,0.0,0.0
JGG,2026-04-06,2026,2,4,15,operasional,test,0.0,0.0,0.0,0,0,0,53.5008623784982,0.0,0.0,0.0,0,0,0.0,0.0
JGG,2026-04-13,2026,2,4,16,operasional,test,0.0,0.0,0.0,0,0,0,53.5008623784982,0.0,0.0,0.0,0,1,0.0,0.0
JGG,2026-04-20,2026,2,4,17,operasional,test,0.0,0.0,0.0,0,0,0,53.5008623784982,0.0,0.0,0.0,0,0,0.0,0.0
JGG,2026-04-27,2026,2,4,18,operasional,test,0.0,0.0,0.0,0,0,0,53.5008623784982,0.0,0.0,0.0,0,0,0.0,0.0
JGG,2026-05-04,2026,2,5,19,operasional,test,0.0,0.0,0.0,0,0,0,53.5008623784982,0.0,0.0,0.0,1,0,0.0,0.0
JGG,2026-05-11,2026,2,5,20,operasional,test,0.0,0.0,0.0,0,0,0,53.5008623784982,0.0,0.0,0.0,0,1,0.0,0.0
JGG,2026-05-18,2026,2,5,21,operasional,test,0.0,0.0,0.0,0,0,0,53.5008623784982,0.0,0.0,0.0,0,0,0.0,0.0
JGG,2026-05-25,2026,2,5,22,operasional,test,0.0,0.0,0.0,0,0,0,53.5008623784982,0.0,0.0,0.0,0,0,0.0,0.0
JGG,2026-06-01,2026,2,6,23,operasional,test,0.0,0.0,0.0,0,0,0,53.5008623784982,0.0,0.0,0.0,0,0,0.0,0.0
JGG,2026-06-08,2026,2,6,24,operasional,test,0.0,0.0,0.0,0,0,0,53.5008623784982,0.0,0.0,0.0,0,0,0.0,0.0
JGG,2026-06-15,2026,2,6,25,operasional,test,0.0,0.0,0.0,0,0,0,53.5008623784982,0.0,0.0,0.0,0,0,0.0,0.0
JGG,2026-06-22,2026,2,6,26,operasional,test,0.0,0.0,0.0,0,0,0,53.5008623784982,0.0,0.0,0.0,1,0,0.0,0.0
JGG,2026-06-29,2026,2,6,27,operasional,test,0.0,0.0,0.0,0,0,0,53.5008623784982,0.0,0.0,0.0,0,1,0.0,0.0
JGG,2026-07-06,2026,3,7,28,operasional,test,0.0,0.0,0.0,0,0,0,53.5008623784982,0.0,0.0,0.0,0,0,0.0,0.0
JGG,2026-07-13,2026,3,7,29,operasional,test,0.0,0.0,0.0,0,0,0,53.5008623784982,0.0,0.0,0.0,0,0,0.0,0.0
JGG,2026-07-20,2026,3,7,30,operasional,test,0.0,0.0,0.0,0,0,0,53.5008623784982,0.0,0.0,0.0,1,1,0.0,0.0
JGG,2026-07-27,2026,3,7,31,operasional,test,0.0,0.0,0.0,0,0,0,53.5008623784982,0.0,0.0,0.0,0,0,0.0,0.0
JGG,2026-08-03,2026,3,8,32,operasional,test,0.0,0.0,0.0,0,0,0,53.5008623784982,0.0,0.0,0.0,0,0,0.0,0.0
JGG,2026-08-10,2026,3,8,33,operasional,test,0.0,0.0,0.0,0,0,0,53.5008623784982,0.0,0.0,0.0,0,1,0.0,0.0
JGG,2026-08-17,2026,3,8,34,operasional,test,0.0,0.0,0.0,0,0,0,53.5008623784982,0.0,0.0,0.0,0,1,0.0,0.0
JGG,2026-08-24,2026,3,8,35,operasional,test,0.0,0.0,0.0,0,0,0,53.5008623784982,0.0,0.0,0.0,1,0,0.0,0.0
JGG,2026-08-31,2026,3,8,36,operasional,test,0.0,0.0,0.0,0,0,0,53.5008623784982,0.0,0.0,0.0,0,1,0.0,0.0
JGG,2026-09-07,2026,3,9,37,operasional,test,0.0,0.0,0.0,0,0,0,53.5008623784982,0.0,0.0,0.0,0,0,0.0,0.0
JGG,2026-09-14,2026,3,9,38,operasional,test,0.0,0.0,0.0,0,0,0,53.5008623784982,0.0,0.0,0.0,1,1,0.0,0.0
JGG,2026-09-21,2026,3,9,39,operasional,test,0.0,0.0,0.0,0,0,0,53.5008623784982,0.0,0.0,0.0,0,0,0.0,0.0
JHE,2024-01-01,2024,1,1,1,sebelum_produk_dijual,train,,,,0,0,0,50.99443052992551,,,,1,0,,
JHE,2024-01-08,2024,1,1,2,sebelum_produk_dijual,train,,,,0,0,0,50.99443052992551,,,,1,0,,
JHE,2024-01-15,2024,1,1,3,sebelum_produk_dijual,train,,,,0,0,0,50.99443052992551,,,,0,0,,
JHE,2024-01-22,2024,1,1,4,sebelum_produk_dijual,train,,,,0,0,0,50.99443052992551,,,,0,0,,
JHE,2024-01-29,2024,1,1,5,sebelum_produk_dijual,train,,,,0,0,0,50.99443052992551,,,,0,0,,
JHE,2024-02-05,2024,1,2,6,sebelum_produk_dijual,train,,,,0,0,0,50.99443052992551,,,,1,0,,
JHE,2024-02-12,2024,1,2,7,sebelum_produk_dijual,train,,,,0,0,0,50.99443052992551,,,,1,0,,
JHE,2024-02-19,2024,1,2,8,sebelum_produk_dijual,train,,,,0,0,0,50.99443052992551,,,,0,0,,
JHE,2024-02-26,2024,1,2,9,sebelum_produk_dijual,train,,,,0,0,0,50.99443052992551,,,,1,0,,
JHE,2024-03-04,2024,1,3,10,sebelum_produk_dijual,train,,,,0,0,0,50.99443052992551,,,,0,0,,
JHE,2024-03-11,2024,1,3,11,sebelum_produk_dijual,train,,,,0,0,0,50.99443052992551,,,,1,0,,
JHE,2024-03-18,2024,1,3,12,sebelum_produk_dijual,train,,,,0,0,0,50.99443052992551,,,,1,0,,
JHE,2024-03-25,2024,1,3,13,sebelum_produk_dijual,train,,,,0,0,0,50.99443052992551,,,,0,1,,
JHE,2024-04-01,2024,2,4,14,sebelum_produk_dijual,train,,,,0,0,0,50.99443052992551,,,,1,0,,
JHE,2024-04-08,2024,2,4,15,sebelum_produk_dijual,train,,,,0,0,0,50.99443052992551,,,,0,0,,
JHE,2024-04-15,2024,2,4,16,sebelum_produk_dijual,train,,,,0,0,0,50.99443052992551,,,,1,0,,
JHE,2024-04-22,2024,2,4,17,sebelum_produk_dijual,train,,,,0,0,0,50.99443052992551,,,,1,0,,
JHE,2024-04-29,2024,2,4,18,sebelum_produk_dijual,train,,,,0,0,0,50.99443052992551,,,,0,1,,
JHE,2024-05-06,2024,2,5,19,sebelum_produk_dijual,train,,,,0,0,0,50.99443052992551,,,,1,0,,
JHE,2024-05-13,2024,2,5,20,sebelum_produk_dijual,train,,,,0,0,0,50.99443052992551,,,,0,0,,
JHE,2024-05-20,2024,2,5,21,operasional,train,8.0,8.0,2.1972245773362196,0,0,0,50.99443052992551,80000.0,1.0,1.0,0,1,15.0,1.0
JHE,2024-05-27,2024,2,5,22,operasional,train,0.0,0.0,0.0,0,0,0,50.99443052992551,0.0,0.0,0.0,0,0,0.0,0.0
JHE,2024-06-03,2024,2,6,23,operasional,train,0.0,0.0,0.0,0,0,0,50.99443052992551,0.0,0.0,0.0,0,1,0.0,0.0
JHE,2024-06-10,2024,2,6,24,operasional,train,0.0,0.0,0.0,0,0,0,50.99443052992551,0.0,0.0,0.0,0,1,0.0,0.0
JHE,2024-06-17,2024,2,6,25,operasional,train,0.0,0.0,0.0,0,0,0,50.99443052992551,0.0,0.0,0.0,1,1,0.0,0.0
JHE,2024-06-24,2024,2,6,26,operasional,train,0.0,0.0,0.0,0,0,0,50.99443052992551,0.0,0.0,0.0,1,1,0.0,0.0
JHE,2024-07-01,2024,3,7,27,operasional,train,4.0,4.0,1.6094379124341003,0,0,0,50.99443052992551,40000.0,1.0,1.0,0,1,0.0,0.0
JHE,2024-07-08,2024,3,7,28,operasional,train,0.0,0.0,0.0,0,0,0,50.99443052992551,0.0,0.0,0.0,0,0,0.0,0.0
JHE,2024-07-15,2024,3,7,29,operasional,train,0.0,0.0,0.0,0,0,0,50.99443052992551,0.0,0.0,0.0,0,1,0.0,0.0
JHE,2024-07-22,2024,3,7,30,operasional,train,0.0,0.0,0.0,0,0,0,50.99443052992551,0.0,0.0,0.0,0,0,0.0,0.0
JHE,2024-07-29,2024,3,7,31,operasional,train,0.0,0.0,0.0,0,0,0,50.99443052992551,0.0,0.0,0.0,1,0,0.0,0.0
JHE,2024-08-05,2024,3,8,32,operasional,train,0.0,0.0,0.0,0,0,0,50.99443052992551,0.0,0.0,0.0,0,0,0.0,0.0
JHE,2024-08-12,2024,3,8,33,operasional,train,0.0,0.0,0.0,0,0,0,50.99443052992551,0.0,0.0,0.0,1,0,0.0,0.0
JHE,2024-08-19,2024,3,8,34,operasional,train,0.0,0.0,0.0,0,0,0,50.99443052992551,0.0,0.0,0.0,1,0,0.0,0.0
JHE,2024-08-26,2024,3,8,35,operasional,train,0.0,0.0,0.0,0,0,0,50.99443052992551,0.0,0.0,0.0,0,1,0.0,0.0
JHE,2024-09-02,2024,3,9,36,operasional,train,0.0,0.0,0.0,0,0,0,50.99443052992551,0.0,0.0,0.0,1,0,0.0,0.0
JHE,2024-09-09,2024,3,9,37,operasional,train,0.0,0.0,0.0,0,0,0,50.99443052992551,0.0,0.0,0.0,0,0,0.0,0.0
JHE,2024-09-16,2024,3,9,38,operasional,train,0.0,0.0,0.0,0,0,0,50.99443052992551,0.0,0.0,0.0,1,0,0.0,0.0
JHE,2024-09-23,2024,3,9,39,operasional,train,0.0,0.0,0.0,0,0,0,50.99443052992551,0.0,0.0,0.0,1,0,0.0,0.0
JHE,2024-09-30,2024,3,9,40,operasional,train,0.0,0.0,0.0,0,0,0,50.99443052992551,0.0,0.0,0.0,0,1,0.0,0.0
JHE,2024-10-07,2024,4,10,41,operasional,train,0.0,0.0,0.0,0,0,0,50.99443052992551,0.0,0.0,0.0,1,0,0.0,0.0
JHE,2024-10-14,2024,4,10,42,operasional,train,0.0,0.0,0.0,0,0,0,50.99443052992551,0.0,0.0,0.0,0,0,0.0,0.0
JHE,2024-10-21,2024,4,10,43,tidak_tercatat,train,,,,0,0,0,50.99443052992551,,,,0,0,,
JHE,2024-10-28,2024,4,10,44,tidak_tercatat,train,,,,0,0,0,50.99443052992551,,,,0,0,,
JHE,2024-11-04,2024,4,11,45,tidak_tercatat,train,,,,0,0,0,50.99443052992551,,,,0,0,,
JHE,2024-11-11,2024,4,11,46,tidak_tercatat,train,,,,0,0,0,50.99443052992551,,,,0,0,,
JHE,2024-11-18,2024,4,11,47,tidak_tercatat,train,,,,0,0,0,50.99443052992551,,,,0,0,,
JHE,2024-11-25,2024,4,11,48,tidak_tercatat,train,,,,0,0,0,50.99443052992551,,,,0,0,,
JHE,2024-12-02,2024,4,12,49,tidak_tercatat,train,,,,0,0,0,50.99443052992551,,,,0,0,,
JHE,2024-12-09,2024,4,12,50,tidak_tercatat,train,,,,0,0,0,50.99443052992551,,,,0,0,,
JHE,2024-12-16,2024,4,12,51,tidak_tercatat,train,,,,0,0,0,50.99443052992551,,,,0,0,,
JHE,2024-12-23,2024,4,12,52,tidak_tercatat,train,,,,0,0,0,50.99443052992551,,,,0,0,,
JHE,2024-12-30,2024,4,12,1,tidak_tercatat,train,,,,0,0,0,50.99443052992551,,,,0,0,,
JHE,2025-01-06,2025,1,1,2,tidak_tercatat,train,,,,0,0,0,50.99443052992551,,,,0,0,,
JHE,2025-01-13,2025,1,1,3,tidak_tercatat,train,,,,0,0,0,50.99443052992551,,,,0,0,,
JHE,2025-01-20,2025,1,1,4,tidak_tercatat,train,,,,0,0,0,50.99443052992551,,,,0,0,,
JHE,2025-01-27,2025,1,1,5,operasional,train,0.0,0.0,0.0,0,0,0,50.99443052992551,0.0,0.0,0.0,0,0,0.0,0.0
JHE,2025-02-03,2025,1,2,6,operasional,train,0.0,0.0,0.0,0,0,0,50.99443052992551,0.0,0.0,0.0,0,0,0.0,0.0
JHE,2025-02-10,2025,1,2,7,operasional,train,0.0,0.0,0.0,0,0,0,50.99443052992551,0.0,0.0,0.0,0,0,0.0,0.0
JHE,2025-02-17,2025,1,2,8,operasional,train,0.0,0.0,0.0,0,0,0,50.99443052992551,0.0,0.0,0.0,0,0,0.0,0.0
JHE,2025-02-24,2025,1,2,9,operasional,train,0.0,0.0,0.0,0,0,0,50.99443052992551,0.0,0.0,0.0,0,0,0.0,0.0
JHE,2025-03-03,2025,1,3,10,tidak_tercatat,train,,,,0,0,0,50.99443052992551,,,,0,0,,
JHE,2025-03-10,2025,1,3,11,tidak_tercatat,train,,,,0,0,0,50.99443052992551,,,,0,0,,
JHE,2025-03-17,2025,1,3,12,tidak_tercatat,train,,,,0,0,0,50.99443052992551,,,,0,0,,
JHE,2025-03-24,2025,1,3,13,tidak_tercatat,train,,,,0,0,0,50.99443052992551,,,,0,0,,
JHE,2025-03-31,2025,1,3,14,tidak_tercatat,train,,,,0,0,0,50.99443052992551,,,,0,0,,
JHE,2025-04-07,2025,2,4,15,tidak_tercatat,train,,,,0,0,0,50.99443052992551,,,,0,0,,
JHE,2025-04-14,2025,2,4,16,operasional,train,0.0,0.0,0.0,0,0,0,50.99443052992551,0.0,0.0,0.0,0,0,0.0,0.0
JHE,2025-04-21,2025,2,4,17,operasional,train,0.0,0.0,0.0,0,0,0,50.99443052992551,0.0,0.0,0.0,0,0,0.0,0.0
JHE,2025-04-28,2025,2,4,18,operasional,train,0.0,0.0,0.0,0,0,0,50.99443052992551,0.0,0.0,0.0,0,0,0.0,0.0
JHE,2025-05-05,2025,2,5,19,operasional,train,0.0,0.0,0.0,0,0,0,50.99443052992551,0.0,0.0,0.0,0,0,0.0,0.0
JHE,2025-05-12,2025,2,5,20,operasional,train,0.0,0.0,0.0,0,0,0,50.99443052992551,0.0,0.0,0.0,0,0,0.0,0.0
JHE,2025-05-19,2025,2,5,21,operasional,train,0.0,0.0,0.0,0,0,0,50.99443052992551,0.0,0.0,0.0,0,0,0.0,0.0
JHE,2025-05-26,2025,2,5,22,operasional,train,0.0,0.0,0.0,0,0,0,50.99443052992551,0.0,0.0,0.0,0,0,0.0,0.0
JHE,2025-06-02,2025,2,6,23,operasional,train,0.0,0.0,0.0,0,0,0,50.99443052992551,0.0,0.0,0.0,0,0,0.0,0.0
JHE,2025-06-09,2025,2,6,24,operasional,train,0.0,0.0,0.0,0,0,0,50.99443052992551,0.0,0.0,0.0,1,1,0.0,0.0
JHE,2025-06-16,2025,2,6,25,operasional,train,0.0,0.0,0.0,0,0,0,50.99443052992551,0.0,0.0,0.0,0,0,0.0,0.0
JHE,2025-06-23,2025,2,6,26,operasional,train,10.0,10.0,2.3978952727983707,0,0,0,50.99443052992551,100000.0,1.0,1.0,1,1,14.0,1.0
JHE,2025-06-30,2025,2,6,27,operasional,train,0.0,0.0,0.0,0,0,0,50.99443052992551,0.0,0.0,0.0,0,0,0.0,0.0
JHE,2025-07-07,2025,3,7,28,operasional,train,0.0,0.0,0.0,0,0,0,50.99443052992551,0.0,0.0,0.0,0,0,0.0,0.0
JHE,2025-07-14,2025,3,7,29,operasional,train,0.0,0.0,0.0,0,0,0,50.99443052992551,0.0,0.0,0.0,0,0,0.0,0.0
JHE,2025-07-21,2025,3,7,30,operasional,train,0.0,0.0,0.0,0,0,0,50.99443052992551,0.0,0.0,0.0,0,0,0.0,0.0
JHE,2025-07-28,2025,3,7,31,operasional,train,0.0,0.0,0.0,0,0,0,50.99443052992551,0.0,0.0,0.0,0,0,0.0,0.0
JHE,2025-08-04,2025,3,8,32,operasional,train,0.0,0.0,0.0,0,0,0,50.99443052992551,0.0,0.0,0.0,0,0,0.0,0.0
JHE,2025-08-11,2025,3,8,33,operasional,train,0.0,0.0,0.0,0,0,0,50.99443052992551,0.0,0.0,0.0,1,0,0.0,0.0
JHE,2025-08-18,2025,3,8,34,operasional,train,0.0,0.0,0.0,0,0,0,50.99443052992551,0.0,0.0,0.0,0,0,0.0,0.0
JHE,2025-08-25,2025,3,8,35,operasional,train,0.0,0.0,0.0,0,0,0,50.99443052992551,0.0,0.0,0.0,0,0,0.0,0.0
JHE,2025-09-01,2025,3,9,36,operasional,train,0.0,0.0,0.0,0,0,0,50.99443052992551,0.0,0.0,0.0,0,0,0.0,0.0
JHE,2025-09-08,2025,3,9,37,operasional,train,0.0,0.0,0.0,0,0,0,50.99443052992551,0.0,0.0,0.0,0,0,0.0,0.0
JHE,2025-09-15,2025,3,9,38,operasional,train,0.0,0.0,0.0,0,0,0,50.99443052992551,0.0,0.0,0.0,0,0,0.0,0.0
JHE,2025-09-22,2025,3,9,39,operasional,train,0.0,0.0,0.0,0,0,0,50.99443052992551,0.0,0.0,0.0,0,1,0.0,0.0
JHE,2025-09-29,2025,3,9,40,operasional,train,0.0,0.0,0.0,0,0,0,50.99443052992551,0.0,0.0,0.0,0,0,0.0,0.0
JHE,2025-10-06,2025,4,10,41,operasional,train,0.0,0.0,0.0,0,0,0,50.99443052992551,0.0,0.0,0.0,0,0,0.0,0.0
JHE,2025-10-13,2025,4,10,42,operasional,train,0.0,0.0,0.0,0,0,0,50.99443052992551,0.0,0.0,0.0,0,0,0.0,0.0
JHE,2025-10-20,2025,4,10,43,operasional,train,0.0,0.0,0.0,0,0,0,50.99443052992551,0.0,0.0,0.0,0,0,0.0,0.0
JHE,2025-10-27,2025,4,10,44,operasional,train,0.0,0.0,0.0,0,0,0,50.99443052992551,0.0,0.0,0.0,0,0,0.0,0.0
JHE,2025-11-03,2025,4,11,45,operasional,train,0.0,0.0,0.0,0,0,0,50.99443052992551,0.0,0.0,0.0,0,0,0.0,0.0
JHE,2025-11-10,2025,4,11,46,operasional,train,0.0,0.0,0.0,0,0,0,50.99443052992551,0.0,0.0,0.0,0,0,0.0,0.0
JHE,2025-11-17,2025,4,11,47,operasional,train,0.0,0.0,0.0,0,0,0,50.99443052992551,0.0,0.0,0.0,0,0,0.0,0.0
JHE,2025-11-24,2025,4,11,48,operasional,train,0.0,0.0,0.0,0,0,0,50.99443052992551,0.0,0.0,0.0,0,0,0.0,0.0
JHE,2025-12-01,2025,4,12,49,operasional,train,0.0,0.0,0.0,0,0,0,50.99443052992551,0.0,0.0,0.0,1,0,0.0,0.0
JHE,2025-12-08,2025,4,12,50,operasional,train,0.0,0.0,0.0,0,0,0,50.99443052992551,0.0,0.0,0.0,0,0,0.0,0.0
JHE,2025-12-15,2025,4,12,51,operasional,train,0.0,0.0,0.0,0,0,0,50.99443052992551,0.0,0.0,0.0,0,0,0.0,0.0
JHE,2025-12-22,2025,4,12,52,operasional,train,0.0,0.0,0.0,0,0,0,50.99443052992551,0.0,0.0,0.0,0,0,0.0,0.0
JHE,2025-12-29,2025,4,12,1,operasional,train,0.0,0.0,0.0,0,0,0,50.99443052992551,0.0,0.0,0.0,0,0,0.0,0.0
JHE,2026-01-05,2026,1,1,2,operasional,train,0.0,0.0,0.0,0,0,0,50.99443052992551,0.0,0.0,0.0,0,0,0.0,0.0
JHE,2026-01-12,2026,1,1,3,operasional,train,0.0,0.0,0.0,0,0,0,50.99443052992551,0.0,0.0,0.0,0,0,0.0,0.0
JHE,2026-01-19,2026,1,1,4,operasional,train,0.0,0.0,0.0,0,0,0,50.99443052992551,0.0,0.0,0.0,0,0,0.0,0.0
JHE,2026-01-26,2026,1,1,5,operasional,train,0.0,0.0,0.0,0,0,0,50.99443052992551,0.0,0.0,0.0,0,0,0.0,0.0
JHE,2026-02-02,2026,1,2,6,operasional,train,12.0,12.0,2.5649493574615367,0,0,0,50.99443052992551,120000.0,1.0,1.0,1,0,45.0,1.0
JHE,2026-02-09,2026,1,2,7,operasional,train,0.0,0.0,0.0,0,0,0,50.99443052992551,0.0,0.0,0.0,0,0,0.0,0.0
JHE,2026-02-16,2026,1,2,8,operasional,train,0.0,0.0,0.0,0,0,0,50.99443052992551,0.0,0.0,0.0,0,0,0.0,0.0
JHE,2026-02-23,2026,1,2,9,operasional,train,0.0,0.0,0.0,0,0,0,50.99443052992551,0.0,0.0,0.0,0,0,0.0,0.0
JHE,2026-03-02,2026,1,3,10,operasional,train,0.0,0.0,0.0,0,0,0,50.99443052992551,0.0,0.0,0.0,0,0,0.0,0.0
JHE,2026-03-09,2026,1,3,11,operasional,train,0.0,0.0,0.0,0,0,0,50.99443052992551,0.0,0.0,0.0,0,0,0.0,0.0
JHE,2026-03-16,2026,1,3,12,operasional,train,0.0,0.0,0.0,0,0,0,50.99443052992551,0.0,0.0,0.0,1,0,0.0,0.0
JHE,2026-03-23,2026,1,3,13,operasional,train,0.0,0.0,0.0,0,0,0,50.99443052992551,0.0,0.0,0.0,0,0,0.0,0.0
JHE,2026-03-30,2026,1,3,14,operasional,train,0.0,0.0,0.0,0,0,0,50.99443052992551,0.0,0.0,0.0,1,0,0.0,0.0
JHE,2026-04-06,2026,2,4,15,operasional,test,0.0,0.0,0.0,0,0,0,50.99443052992551,0.0,0.0,0.0,0,0,0.0,0.0
JHE,2026-04-13,2026,2,4,16,operasional,test,0.0,0.0,0.0,0,0,0,50.99443052992551,0.0,0.0,0.0,0,1,0.0,0.0
JHE,2026-04-20,2026,2,4,17,operasional,test,0.0,0.0,0.0,0,0,0,50.99443052992551,0.0,0.0,0.0,0,0,0.0,0.0
JHE,2026-04-27,2026,2,4,18,operasional,test,0.0,0.0,0.0,0,0,0,50.99443052992551,0.0,0.0,0.0,0,0,0.0,0.0
JHE,2026-05-04,2026,2,5,19,operasional,test,0.0,0.0,0.0,0,0,0,50.99443052992551,0.0,0.0,0.0,1,0,0.0,0.0
JHE,2026-05-11,2026,2,5,20,operasional,test,0.0,0.0,0.0,0,0,0,50.99443052992551,0.0,0.0,0.0,0,1,0.0,0.0
JHE,2026-05-18,2026,2,5,21,operasional,test,0.0,0.0,0.0,0,0,0,50.99443052992551,0.0,0.0,0.0,0,0,0.0,0.0
JHE,2026-05-25,2026,2,5,22,operasional,test,0.0,0.0,0.0,0,0,0,50.99443052992551,0.0,0.0,0.0,0,0,0.0,0.0
JHE,2026-06-01,2026,2,6,23,operasional,test,0.0,0.0,0.0,0,0,0,50.99443052992551,0.0,0.0,0.0,0,0,0.0,0.0
JHE,2026-06-08,2026,2,6,24,operasional,test,0.0,0.0,0.0,0,0,0,50.99443052992551,0.0,0.0,0.0,0,0,0.0,0.0
JHE,2026-06-15,2026,2,6,25,operasional,test,0.0,0.0,0.0,0,0,0,50.99443052992551,0.0,0.0,0.0,0,0,0.0,0.0
JHE,2026-06-22,2026,2,6,26,operasional,test,0.0,0.0,0.0,0,0,0,50.99443052992551,0.0,0.0,0.0,1,0,0.0,0.0
JHE,2026-06-29,2026,2,6,27,operasional,test,19.0,19.0,2.995732273553991,0,0,0,50.99443052992551,190000.0,1.0,1.0,0,1,0.0,0.0
JHE,2026-07-06,2026,3,7,28,operasional,test,0.0,0.0,0.0,0,0,0,50.99443052992551,0.0,0.0,0.0,0,0,0.0,0.0
JHE,2026-07-13,2026,3,7,29,operasional,test,0.0,0.0,0.0,0,0,0,50.99443052992551,0.0,0.0,0.0,0,0,0.0,0.0
JHE,2026-07-20,2026,3,7,30,operasional,test,4.0,4.0,1.6094379124341003,0,0,0,50.99443052992551,40000.0,1.0,1.0,1,1,0.0,0.0
JHE,2026-07-27,2026,3,7,31,operasional,test,0.0,0.0,0.0,0,0,0,50.99443052992551,0.0,0.0,0.0,0,0,0.0,0.0
JHE,2026-08-03,2026,3,8,32,operasional,test,0.0,0.0,0.0,0,0,0,50.99443052992551,0.0,0.0,0.0,0,0,0.0,0.0
JHE,2026-08-10,2026,3,8,33,operasional,test,0.0,0.0,0.0,0,0,0,50.99443052992551,0.0,0.0,0.0,0,1,0.0,0.0
JHE,2026-08-17,2026,3,8,34,operasional,test,0.0,0.0,0.0,0,0,0,50.99443052992551,0.0,0.0,0.0,0,1,0.0,0.0
JHE,2026-08-24,2026,3,8,35,operasional,test,0.0,0.0,0.0,0,0,0,50.99443052992551,0.0,0.0,0.0,1,0,0.0,0.0
JHE,2026-08-31,2026,3,8,36,operasional,test,0.0,0.0,0.0,0,0,0,50.99443052992551,0.0,0.0,0.0,0,1,0.0,0.0
JHE,2026-09-07,2026,3,9,37,operasional,test,0.0,0.0,0.0,0,0,0,50.99443052992551,0.0,0.0,0.0,0,0,0.0,0.0
JHE,2026-09-14,2026,3,9,38,operasional,test,10.0,10.0,2.3978952727983707,0,0,0,50.99443052992551,100000.0,1.0,1.0,1,1,0.0,0.0
JHE,2026-09-21,2026,3,9,39,operasional,test,0.0,0.0,0.0,0,0,0,50.99443052992551,0.0,0.0,0.0,0,0,0.0,0.0
KCT,2024-01-01,2024,1,1,1,sebelum_produk_dijual,train,,,,0,0,0,,,,,1,0,,
KCT,2024-01-08,2024,1,1,2,sebelum_produk_dijual,train,,,,0,0,0,,,,,1,0,,
KCT,2024-01-15,2024,1,1,3,sebelum_produk_dijual,train,,,,0,0,0,,,,,0,0,,
KCT,2024-01-22,2024,1,1,4,sebelum_produk_dijual,train,,,,0,0,0,,,,,0,0,,
KCT,2024-01-29,2024,1,1,5,sebelum_produk_dijual,train,,,,0,0,0,,,,,0,0,,
KCT,2024-02-05,2024,1,2,6,sebelum_produk_dijual,train,,,,0,0,0,,,,,1,0,,
KCT,2024-02-12,2024,1,2,7,sebelum_produk_dijual,train,,,,0,0,0,,,,,1,0,,
KCT,2024-02-19,2024,1,2,8,sebelum_produk_dijual,train,,,,0,0,0,,,,,0,0,,
KCT,2024-02-26,2024,1,2,9,sebelum_produk_dijual,train,,,,0,0,0,,,,,1,0,,
KCT,2024-03-04,2024,1,3,10,sebelum_produk_dijual,train,,,,0,0,0,,,,,0,0,,
KCT,2024-03-11,2024,1,3,11,sebelum_produk_dijual,train,,,,0,0,0,,,,,1,0,,
KCT,2024-03-18,2024,1,3,12,sebelum_produk_dijual,train,,,,0,0,0,,,,,1,0,,
KCT,2024-03-25,2024,1,3,13,sebelum_produk_dijual,train,,,,0,0,0,,,,,0,1,,
KCT,2024-04-01,2024,2,4,14,sebelum_produk_dijual,train,,,,0,0,0,,,,,1,0,,
KCT,2024-04-08,2024,2,4,15,sebelum_produk_dijual,train,,,,0,0,0,,,,,0,0,,
KCT,2024-04-15,2024,2,4,16,sebelum_produk_dijual,train,,,,0,0,0,,,,,1,0,,
KCT,2024-04-22,2024,2,4,17,sebelum_produk_dijual,train,,,,0,0,0,,,,,1,0,,
KCT,2024-04-29,2024,2,4,18,sebelum_produk_dijual,train,,,,0,0,0,,,,,0,1,,
KCT,2024-05-06,2024,2,5,19,sebelum_produk_dijual,train,,,,0,0,0,,,,,1,0,,
KCT,2024-05-13,2024,2,5,20,sebelum_produk_dijual,train,,,,0,0,0,,,,,0,0,,
KCT,2024-05-20,2024,2,5,21,sebelum_produk_dijual,train,,,,0,0,0,,,,,0,1,,
KCT,2024-05-27,2024,2,5,22,sebelum_produk_dijual,train,,,,0,0,0,,,,,0,0,,
KCT,2024-06-03,2024,2,6,23,sebelum_produk_dijual,train,,,,0,0,0,,,,,0,1,,
KCT,2024-06-10,2024,2,6,24,sebelum_produk_dijual,train,,,,0,0,0,,,,,0,1,,
KCT,2024-06-17,2024,2,6,25,operasional,train,7.0,7.0,2.0794415416798357,0,0,0,,100000.0,1.0,1.0,1,1,9.0,1.0
KCT,2024-06-24,2024,2,6,26,operasional,train,0.0,0.0,0.0,0,0,0,,0.0,0.0,0.0,1,1,0.0,0.0
KCT,2024-07-01,2024,3,7,27,operasional,train,0.0,0.0,0.0,0,0,0,,0.0,0.0,0.0,0,1,0.0,0.0
KCT,2024-07-08,2024,3,7,28,operasional,train,0.0,0.0,0.0,0,0,0,,0.0,0.0,0.0,0,0,0.0,0.0
KCT,2024-07-15,2024,3,7,29,operasional,train,0.0,0.0,0.0,0,0,0,,0.0,0.0,0.0,0,1,0.0,0.0
KCT,2024-07-22,2024,3,7,30,operasional,train,0.0,0.0,0.0,0,0,0,,0.0,0.0,0.0,0,0,0.0,0.0
KCT,2024-07-29,2024,3,7,31,operasional,train,0.0,0.0,0.0,0,0,0,,0.0,0.0,0.0,1,0,0.0,0.0
KCT,2024-08-05,2024,3,8,32,operasional,train,0.0,0.0,0.0,0,0,0,,0.0,0.0,0.0,0,0,0.0,0.0
KCT,2024-08-12,2024,3,8,33,operasional,train,0.0,0.0,0.0,0,0,0,,0.0,0.0,0.0,1,0,0.0,0.0
KCT,2024-08-19,2024,3,8,34,operasional,train,0.0,0.0,0.0,0,0,0,,0.0,0.0,0.0,1,0,0.0,0.0
KCT,2024-08-26,2024,3,8,35,operasional,train,0.0,0.0,0.0,0,0,0,,0.0,0.0,0.0,0,1,0.0,0.0
KCT,2024-09-02,2024,3,9,36,operasional,train,0.0,0.0,0.0,0,0,0,,0.0,0.0,0.0,1,0,0.0,0.0
KCT,2024-09-09,2024,3,9,37,operasional,train,0.0,0.0,0.0,0,0,0,,0.0,0.0,0.0,0,0,0.0,0.0
KCT,2024-09-16,2024,3,9,38,operasional,train,0.0,0.0,0.0,0,0,0,,0.0,0.0,0.0,1,0,0.0,0.0
KCT,2024-09-23,2024,3,9,39,operasional,train,0.0,0.0,0.0,0,0,0,,0.0,0.0,0.0,1,0,0.0,0.0
KCT,2024-09-30,2024,3,9,40,operasional,train,0.0,0.0,0.0,0,0,0,,0.0,0.0,0.0,0,1,0.0,0.0
KCT,2024-10-07,2024,4,10,41,operasional,train,0.0,0.0,0.0,0,0,0,,0.0,0.0,0.0,1,0,0.0,0.0
KCT,2024-10-14,2024,4,10,42,operasional,train,0.0,0.0,0.0,0,0,0,,0.0,0.0,0.0,0,0,0.0,0.0
KCT,2024-10-21,2024,4,10,43,tidak_tercatat,train,,,,0,0,0,,,,,0,0,,
KCT,2024-10-28,2024,4,10,44,tidak_tercatat,train,,,,0,0,0,,,,,0,0,,
KCT,2024-11-04,2024,4,11,45,tidak_tercatat,train,,,,0,0,0,,,,,0,0,,
KCT,2024-11-11,2024,4,11,46,tidak_tercatat,train,,,,0,0,0,,,,,0,0,,
KCT,2024-11-18,2024,4,11,47,tidak_tercatat,train,,,,0,0,0,,,,,0,0,,
KCT,2024-11-25,2024,4,11,48,tidak_tercatat,train,,,,0,0,0,,,,,0,0,,
KCT,2024-12-02,2024,4,12,49,tidak_tercatat,train,,,,0,0,0,,,,,0,0,,
KCT,2024-12-09,2024,4,12,50,tidak_tercatat,train,,,,0,0,0,,,,,0,0,,
KCT,2024-12-16,2024,4,12,51,tidak_tercatat,train,,,,0,0,0,,,,,0,0,,
KCT,2024-12-23,2024,4,12,52,tidak_tercatat,train,,,,0,0,0,,,,,0,0,,
KCT,2024-12-30,2024,4,12,1,tidak_tercatat,train,,,,0,0,0,,,,,0,0,,
KCT,2025-01-06,2025,1,1,2,tidak_tercatat,train,,,,0,0,0,,,,,0,0,,
KCT,2025-01-13,2025,1,1,3,tidak_tercatat,train,,,,0,0,0,,,,,0,0,,
KCT,2025-01-20,2025,1,1,4,tidak_tercatat,train,,,,0,0,0,,,,,0,0,,
KCT,2025-01-27,2025,1,1,5,operasional,train,0.0,0.0,0.0,0,0,0,,0.0,0.0,0.0,0,0,0.0,0.0
KCT,2025-02-03,2025,1,2,6,operasional,train,0.0,0.0,0.0,0,0,0,,0.0,0.0,0.0,0,0,0.0,0.0
KCT,2025-02-10,2025,1,2,7,operasional,train,0.0,0.0,0.0,0,0,0,,0.0,0.0,0.0,0,0,0.0,0.0
KCT,2025-02-17,2025,1,2,8,operasional,train,0.0,0.0,0.0,0,0,0,,0.0,0.0,0.0,0,0,0.0,0.0
KCT,2025-02-24,2025,1,2,9,operasional,train,0.0,0.0,0.0,0,0,0,,0.0,0.0,0.0,0,0,0.0,0.0
KCT,2025-03-03,2025,1,3,10,tidak_tercatat,train,,,,0,0,0,,,,,0,0,,
KCT,2025-03-10,2025,1,3,11,tidak_tercatat,train,,,,0,0,0,,,,,0,0,,
KCT,2025-03-17,2025,1,3,12,tidak_tercatat,train,,,,0,0,0,,,,,0,0,,
KCT,2025-03-24,2025,1,3,13,tidak_tercatat,train,,,,0,0,0,,,,,0,0,,
KCT,2025-03-31,2025,1,3,14,tidak_tercatat,train,,,,0,0,0,,,,,0,0,,
KCT,2025-04-07,2025,2,4,15,tidak_tercatat,train,,,,0,0,0,,,,,0,0,,
KCT,2025-04-14,2025,2,4,16,operasional,train,0.0,0.0,0.0,0,0,0,,0.0,0.0,0.0,0,0,0.0,0.0
KCT,2025-04-21,2025,2,4,17,operasional,train,0.0,0.0,0.0,0,0,0,,0.0,0.0,0.0,0,0,0.0,0.0
KCT,2025-04-28,2025,2,4,18,operasional,train,0.0,0.0,0.0,0,0,0,,0.0,0.0,0.0,0,0,0.0,0.0
KCT,2025-05-05,2025,2,5,19,operasional,train,0.0,0.0,0.0,0,0,0,,0.0,0.0,0.0,0,0,0.0,0.0
KCT,2025-05-12,2025,2,5,20,operasional,train,0.0,0.0,0.0,0,0,0,,0.0,0.0,0.0,0,0,0.0,0.0
KCT,2025-05-19,2025,2,5,21,operasional,train,0.0,0.0,0.0,0,0,0,,0.0,0.0,0.0,0,0,0.0,0.0
KCT,2025-05-26,2025,2,5,22,operasional,train,0.0,0.0,0.0,0,0,0,,0.0,0.0,0.0,0,0,0.0,0.0
KCT,2025-06-02,2025,2,6,23,operasional,train,0.0,0.0,0.0,0,0,0,,0.0,0.0,0.0,0,0,0.0,0.0
KCT,2025-06-09,2025,2,6,24,operasional,train,0.0,0.0,0.0,0,0,0,,0.0,0.0,0.0,1,1,0.0,0.0
KCT,2025-06-16,2025,2,6,25,operasional,train,0.0,0.0,0.0,0,0,0,,0.0,0.0,0.0,0,0,0.0,0.0
KCT,2025-06-23,2025,2,6,26,operasional,train,0.0,0.0,0.0,0,0,0,,0.0,0.0,0.0,1,1,0.0,0.0
KCT,2025-06-30,2025,2,6,27,operasional,train,0.0,0.0,0.0,0,0,0,,0.0,0.0,0.0,0,0,0.0,0.0
KCT,2025-07-07,2025,3,7,28,operasional,train,0.0,0.0,0.0,0,0,0,,0.0,0.0,0.0,0,0,0.0,0.0
KCT,2025-07-14,2025,3,7,29,operasional,train,0.0,0.0,0.0,0,0,0,,0.0,0.0,0.0,0,0,0.0,0.0
KCT,2025-07-21,2025,3,7,30,operasional,train,0.0,0.0,0.0,0,0,0,,0.0,0.0,0.0,0,0,0.0,0.0
KCT,2025-07-28,2025,3,7,31,operasional,train,0.0,0.0,0.0,0,0,0,,0.0,0.0,0.0,0,0,0.0,0.0
KCT,2025-08-04,2025,3,8,32,operasional,train,0.0,0.0,0.0,0,0,0,,0.0,0.0,0.0,0,0,0.0,0.0
KCT,2025-08-11,2025,3,8,33,operasional,train,0.0,0.0,0.0,0,0,0,,0.0,0.0,0.0,1,0,0.0,0.0
KCT,2025-08-18,2025,3,8,34,operasional,train,0.0,0.0,0.0,0,0,0,,0.0,0.0,0.0,0,0,0.0,0.0
KCT,2025-08-25,2025,3,8,35,operasional,train,0.0,0.0,0.0,0,0,0,,0.0,0.0,0.0,0,0,0.0,0.0
KCT,2025-09-01,2025,3,9,36,operasional,train,0.0,0.0,0.0,0,0,0,,0.0,0.0,0.0,0,0,0.0,0.0
KCT,2025-09-08,2025,3,9,37,operasional,train,0.0,0.0,0.0,0,0,0,,0.0,0.0,0.0,0,0,0.0,0.0
KCT,2025-09-15,2025,3,9,38,operasional,train,0.0,0.0,0.0,0,0,0,,0.0,0.0,0.0,0,0,0.0,0.0
KCT,2025-09-22,2025,3,9,39,operasional,train,0.0,0.0,0.0,0,0,0,,0.0,0.0,0.0,0,1,0.0,0.0
KCT,2025-09-29,2025,3,9,40,operasional,train,0.0,0.0,0.0,0,0,0,,0.0,0.0,0.0,0,0,0.0,0.0
KCT,2025-10-06,2025,4,10,41,operasional,train,0.0,0.0,0.0,0,0,0,,0.0,0.0,0.0,0,0,0.0,0.0
KCT,2025-10-13,2025,4,10,42,operasional,train,0.0,0.0,0.0,0,0,0,,0.0,0.0,0.0,0,0,0.0,0.0
KCT,2025-10-20,2025,4,10,43,operasional,train,0.0,0.0,0.0,0,0,0,,0.0,0.0,0.0,0,0,0.0,0.0
KCT,2025-10-27,2025,4,10,44,operasional,train,0.0,0.0,0.0,0,0,0,,0.0,0.0,0.0,0,0,0.0,0.0
KCT,2025-11-03,2025,4,11,45,operasional,train,0.0,0.0,0.0,0,0,0,,0.0,0.0,0.0,0,0,0.0,0.0
KCT,2025-11-10,2025,4,11,46,operasional,train,0.0,0.0,0.0,0,0,0,,0.0,0.0,0.0,0,0,0.0,0.0
KCT,2025-11-17,2025,4,11,47,operasional,train,0.0,0.0,0.0,0,0,0,,0.0,0.0,0.0,0,0,0.0,0.0
KCT,2025-11-24,2025,4,11,48,operasional,train,0.0,0.0,0.0,0,0,0,,0.0,0.0,0.0,0,0,0.0,0.0
KCT,2025-12-01,2025,4,12,49,operasional,train,0.0,0.0,0.0,0,0,0,,0.0,0.0,0.0,1,0,0.0,0.0
KCT,2025-12-08,2025,4,12,50,operasional,train,0.0,0.0,0.0,0,0,0,,0.0,0.0,0.0,0,0,0.0,0.0
KCT,2025-12-15,2025,4,12,51,operasional,train,0.0,0.0,0.0,0,0,0,,0.0,0.0,0.0,0,0,0.0,0.0
KCT,2025-12-22,2025,4,12,52,operasional,train,0.0,0.0,0.0,0,0,0,,0.0,0.0,0.0,0,0,0.0,0.0
KCT,2025-12-29,2025,4,12,1,operasional,train,0.0,0.0,0.0,0,0,0,,0.0,0.0,0.0,0,0,0.0,0.0
KCT,2026-01-05,2026,1,1,2,operasional,train,0.0,0.0,0.0,0,0,0,,0.0,0.0,0.0,0,0,0.0,0.0
KCT,2026-01-12,2026,1,1,3,operasional,train,0.0,0.0,0.0,0,0,0,,0.0,0.0,0.0,0,0,0.0,0.0
KCT,2026-01-19,2026,1,1,4,operasional,train,0.0,0.0,0.0,0,0,0,,0.0,0.0,0.0,0,0,0.0,0.0
KCT,2026-01-26,2026,1,1,5,operasional,train,0.0,0.0,0.0,0,0,0,,0.0,0.0,0.0,0,0,0.0,0.0
KCT,2026-02-02,2026,1,2,6,operasional,train,0.0,0.0,0.0,0,0,0,,0.0,0.0,0.0,1,0,0.0,0.0
KCT,2026-02-09,2026,1,2,7,operasional,train,0.0,0.0,0.0,0,0,0,,0.0,0.0,0.0,0,0,0.0,0.0
KCT,2026-02-16,2026,1,2,8,operasional,train,0.0,0.0,0.0,0,0,0,,0.0,0.0,0.0,0,0,0.0,0.0
KCT,2026-02-23,2026,1,2,9,operasional,train,0.0,0.0,0.0,0,0,0,,0.0,0.0,0.0,0,0,0.0,0.0
KCT,2026-03-02,2026,1,3,10,operasional,train,0.0,0.0,0.0,0,0,0,,0.0,0.0,0.0,0,0,0.0,0.0
KCT,2026-03-09,2026,1,3,11,operasional,train,0.0,0.0,0.0,0,0,0,,0.0,0.0,0.0,0,0,0.0,0.0
KCT,2026-03-16,2026,1,3,12,operasional,train,0.0,0.0,0.0,0,0,0,,0.0,0.0,0.0,1,0,0.0,0.0
KCT,2026-03-23,2026,1,3,13,operasional,train,0.0,0.0,0.0,0,0,0,,0.0,0.0,0.0,0,0,0.0,0.0
KCT,2026-03-30,2026,1,3,14,operasional,train,0.0,0.0,0.0,0,0,0,,0.0,0.0,0.0,1,0,0.0,0.0
KCT,2026-04-06,2026,2,4,15,operasional,test,0.0,0.0,0.0,0,0,0,,0.0,0.0,0.0,0,0,0.0,0.0
KCT,2026-04-13,2026,2,4,16,operasional,test,0.0,0.0,0.0,0,0,0,,0.0,0.0,0.0,0,1,0.0,0.0
KCT,2026-04-20,2026,2,4,17,operasional,test,0.0,0.0,0.0,0,0,0,,0.0,0.0,0.0,0,0,0.0,0.0
KCT,2026-04-27,2026,2,4,18,operasional,test,0.0,0.0,0.0,0,0,0,,0.0,0.0,0.0,0,0,0.0,0.0
KCT,2026-05-04,2026,2,5,19,operasional,test,0.0,0.0,0.0,0,0,0,,0.0,0.0,0.0,1,0,0.0,0.0
KCT,2026-05-11,2026,2,5,20,operasional,test,10.0,10.0,2.3978952727983707,0,0,0,,150000.0,1.0,1.0,0,1,7.0,1.0
KCT,2026-05-18,2026,2,5,21,operasional,test,0.0,0.0,0.0,0,0,0,,0.0,0.0,0.0,0,0,0.0,0.0
KCT,2026-05-25,2026,2,5,22,operasional,test,0.0,0.0,0.0,0,0,0,,0.0,0.0,0.0,0,0,0.0,0.0
KCT,2026-06-01,2026,2,6,23,operasional,test,0.0,0.0,0.0,0,0,0,,0.0,0.0,0.0,0,0,0.0,0.0
KCT,2026-06-08,2026,2,6,24,operasional,test,0.0,0.0,0.0,0,0,0,,0.0,0.0,0.0,0,0,0.0,0.0
KCT,2026-06-15,2026,2,6,25,operasional,test,0.0,0.0,0.0,0,0,0,,0.0,0.0,0.0,0,0,0.0,0.0
KCT,2026-06-22,2026,2,6,26,operasional,test,0.0,0.0,0.0,0,0,0,,0.0,0.0,0.0,1,0,0.0,0.0
KCT,2026-06-29,2026,2,6,27,operasional,test,3.0,3.0,1.3862943611198906,0,0,0,,45000.0,1.0,1.0,0,1,0.0,0.0
KCT,2026-07-06,2026,3,7,28,operasional,test,0.0,0.0,0.0,0,0,0,,0.0,0.0,0.0,0,0,0.0,0.0
KCT,2026-07-13,2026,3,7,29,operasional,test,0.0,0.0,0.0,0,0,0,,0.0,0.0,0.0,0,0,0.0,0.0
KCT,2026-07-20,2026,3,7,30,operasional,test,0.0,0.0,0.0,0,0,0,,0.0,0.0,0.0,1,1,0.0,0.0
KCT,2026-07-27,2026,3,7,31,operasional,test,0.0,0.0,0.0,0,0,0,,0.0,0.0,0.0,0,0,0.0,0.0
KCT,2026-08-03,2026,3,8,32,operasional,test,0.0,0.0,0.0,0,0,0,,0.0,0.0,0.0,0,0,0.0,0.0
KCT,2026-08-10,2026,3,8,33,operasional,test,0.0,0.0,0.0,0,0,0,,0.0,0.0,0.0,0,1,0.0,0.0
KCT,2026-08-17,2026,3,8,34,operasional,test,0.0,0.0,0.0,0,0,0,,0.0,0.0,0.0,0,1,0.0,0.0
KCT,2026-08-24,2026,3,8,35,operasional,test,0.0,0.0,0.0,0,0,0,,0.0,0.0,0.0,1,0,0.0,0.0
KCT,2026-08-31,2026,3,8,36,operasional,test,4.0,4.0,1.6094379124341003,0,0,0,,60000.0,1.0,1.0,0,1,0.0,0.0
KCT,2026-09-07,2026,3,9,37,operasional,test,0.0,0.0,0.0,0,0,0,,0.0,0.0,0.0,0,0,0.0,0.0
KCT,2026-09-14,2026,3,9,38,operasional,test,0.0,0.0,0.0,0,0,0,,0.0,0.0,0.0,1,1,0.0,0.0
KCT,2026-09-21,2026,3,9,39,operasional,test,0.0,0.0,0.0,0,0,0,,0.0,0.0,0.0,0,0,0.0,0.0
KJG,2024-01-01,2024,1,1,1,sebelum_produk_dijual,train,,,,0,0,0,,,,,1,0,,
KJG,2024-01-08,2024,1,1,2,sebelum_produk_dijual,train,,,,0,0,0,,,,,1,0,,
KJG,2024-01-15,2024,1,1,3,sebelum_produk_dijual,train,,,,0,0,0,,,,,0,0,,
KJG,2024-01-22,2024,1,1,4,sebelum_produk_dijual,train,,,,0,0,0,,,,,0,0,,
KJG,2024-01-29,2024,1,1,5,sebelum_produk_dijual,train,,,,0,0,0,,,,,0,0,,
KJG,2024-02-05,2024,1,2,6,sebelum_produk_dijual,train,,,,0,0,0,,,,,1,0,,
KJG,2024-02-12,2024,1,2,7,sebelum_produk_dijual,train,,,,0,0,0,,,,,1,0,,
KJG,2024-02-19,2024,1,2,8,sebelum_produk_dijual,train,,,,0,0,0,,,,,0,0,,
KJG,2024-02-26,2024,1,2,9,sebelum_produk_dijual,train,,,,0,0,0,,,,,1,0,,
KJG,2024-03-04,2024,1,3,10,sebelum_produk_dijual,train,,,,0,0,0,,,,,0,0,,
KJG,2024-03-11,2024,1,3,11,sebelum_produk_dijual,train,,,,0,0,0,,,,,1,0,,
KJG,2024-03-18,2024,1,3,12,sebelum_produk_dijual,train,,,,0,0,0,,,,,1,0,,
KJG,2024-03-25,2024,1,3,13,sebelum_produk_dijual,train,,,,0,0,0,,,,,0,1,,
KJG,2024-04-01,2024,2,4,14,sebelum_produk_dijual,train,,,,0,0,0,,,,,1,0,,
KJG,2024-04-08,2024,2,4,15,sebelum_produk_dijual,train,,,,0,0,0,,,,,0,0,,
KJG,2024-04-15,2024,2,4,16,sebelum_produk_dijual,train,,,,0,0,0,,,,,1,0,,
KJG,2024-04-22,2024,2,4,17,sebelum_produk_dijual,train,,,,0,0,0,,,,,1,0,,
KJG,2024-04-29,2024,2,4,18,sebelum_produk_dijual,train,,,,0,0,0,,,,,0,1,,
KJG,2024-05-06,2024,2,5,19,sebelum_produk_dijual,train,,,,0,0,0,,,,,1,0,,
KJG,2024-05-13,2024,2,5,20,sebelum_produk_dijual,train,,,,0,0,0,,,,,0,0,,
KJG,2024-05-20,2024,2,5,21,sebelum_produk_dijual,train,,,,0,0,0,,,,,0,1,,
KJG,2024-05-27,2024,2,5,22,sebelum_produk_dijual,train,,,,0,0,0,,,,,0,0,,
KJG,2024-06-03,2024,2,6,23,sebelum_produk_dijual,train,,,,0,0,0,,,,,0,1,,
KJG,2024-06-10,2024,2,6,24,sebelum_produk_dijual,train,,,,0,0,0,,,,,0,1,,
KJG,2024-06-17,2024,2,6,25,operasional,train,6.0,6.0,1.9459101490553132,0,0,0,,60000.0,1.0,1.0,1,1,8.0,1.0
KJG,2024-06-24,2024,2,6,26,operasional,train,0.0,0.0,0.0,0,0,0,,0.0,0.0,0.0,1,1,0.0,0.0
KJG,2024-07-01,2024,3,7,27,operasional,train,0.0,0.0,0.0,0,0,0,,0.0,0.0,0.0,0,1,0.0,0.0
KJG,2024-07-08,2024,3,7,28,operasional,train,0.0,0.0,0.0,0,0,0,,0.0,0.0,0.0,0,0,0.0,0.0
KJG,2024-07-15,2024,3,7,29,operasional,train,0.0,0.0,0.0,0,0,0,,0.0,0.0,0.0,0,1,0.0,0.0
KJG,2024-07-22,2024,3,7,30,operasional,train,0.0,0.0,0.0,0,0,0,,0.0,0.0,0.0,0,0,0.0,0.0
KJG,2024-07-29,2024,3,7,31,operasional,train,0.0,0.0,0.0,0,0,0,,0.0,0.0,0.0,1,0,0.0,0.0
KJG,2024-08-05,2024,3,8,32,operasional,train,0.0,0.0,0.0,0,0,0,,0.0,0.0,0.0,0,0,0.0,0.0
KJG,2024-08-12,2024,3,8,33,operasional,train,0.0,0.0,0.0,0,0,0,,0.0,0.0,0.0,1,0,0.0,0.0
KJG,2024-08-19,2024,3,8,34,operasional,train,0.0,0.0,0.0,0,0,0,,0.0,0.0,0.0,1,0,0.0,0.0
KJG,2024-08-26,2024,3,8,35,operasional,train,0.0,0.0,0.0,0,0,0,,0.0,0.0,0.0,0,1,0.0,0.0
KJG,2024-09-02,2024,3,9,36,operasional,train,0.0,0.0,0.0,0,0,0,,0.0,0.0,0.0,1,0,0.0,0.0
KJG,2024-09-09,2024,3,9,37,operasional,train,0.0,0.0,0.0,0,0,0,,0.0,0.0,0.0,0,0,0.0,0.0
KJG,2024-09-16,2024,3,9,38,operasional,train,0.0,0.0,0.0,0,0,0,,0.0,0.0,0.0,1,0,0.0,0.0
KJG,2024-09-23,2024,3,9,39,operasional,train,0.0,0.0,0.0,0,0,0,,0.0,0.0,0.0,1,0,0.0,0.0
KJG,2024-09-30,2024,3,9,40,operasional,train,0.0,0.0,0.0,0,0,0,,0.0,0.0,0.0,0,1,0.0,0.0
KJG,2024-10-07,2024,4,10,41,operasional,train,0.0,0.0,0.0,0,0,0,,0.0,0.0,0.0,1,0,0.0,0.0
KJG,2024-10-14,2024,4,10,42,operasional,train,0.0,0.0,0.0,0,0,0,,0.0,0.0,0.0,0,0,0.0,0.0
KJG,2024-10-21,2024,4,10,43,tidak_tercatat,train,,,,0,0,0,,,,,0,0,,
KJG,2024-10-28,2024,4,10,44,tidak_tercatat,train,,,,0,0,0,,,,,0,0,,
KJG,2024-11-04,2024,4,11,45,tidak_tercatat,train,,,,0,0,0,,,,,0,0,,
KJG,2024-11-11,2024,4,11,46,tidak_tercatat,train,,,,0,0,0,,,,,0,0,,
KJG,2024-11-18,2024,4,11,47,tidak_tercatat,train,,,,0,0,0,,,,,0,0,,
KJG,2024-11-25,2024,4,11,48,tidak_tercatat,train,,,,0,0,0,,,,,0,0,,
KJG,2024-12-02,2024,4,12,49,tidak_tercatat,train,,,,0,0,0,,,,,0,0,,
KJG,2024-12-09,2024,4,12,50,tidak_tercatat,train,,,,0,0,0,,,,,0,0,,
KJG,2024-12-16,2024,4,12,51,tidak_tercatat,train,,,,0,0,0,,,,,0,0,,
KJG,2024-12-23,2024,4,12,52,tidak_tercatat,train,,,,0,0,0,,,,,0,0,,
KJG,2024-12-30,2024,4,12,1,tidak_tercatat,train,,,,0,0,0,,,,,0,0,,
KJG,2025-01-06,2025,1,1,2,tidak_tercatat,train,,,,0,0,0,,,,,0,0,,
KJG,2025-01-13,2025,1,1,3,tidak_tercatat,train,,,,0,0,0,,,,,0,0,,
KJG,2025-01-20,2025,1,1,4,tidak_tercatat,train,,,,0,0,0,,,,,0,0,,
KJG,2025-01-27,2025,1,1,5,operasional,train,0.0,0.0,0.0,0,0,0,,0.0,0.0,0.0,0,0,0.0,0.0
KJG,2025-02-03,2025,1,2,6,operasional,train,0.0,0.0,0.0,0,0,0,,0.0,0.0,0.0,0,0,0.0,0.0
KJG,2025-02-10,2025,1,2,7,operasional,train,0.0,0.0,0.0,0,0,0,,0.0,0.0,0.0,0,0,0.0,0.0
KJG,2025-02-17,2025,1,2,8,operasional,train,0.0,0.0,0.0,0,0,0,,0.0,0.0,0.0,0,0,0.0,0.0
KJG,2025-02-24,2025,1,2,9,operasional,train,0.0,0.0,0.0,0,0,0,,0.0,0.0,0.0,0,0,0.0,0.0
KJG,2025-03-03,2025,1,3,10,tidak_tercatat,train,,,,0,0,0,,,,,0,0,,
KJG,2025-03-10,2025,1,3,11,tidak_tercatat,train,,,,0,0,0,,,,,0,0,,
KJG,2025-03-17,2025,1,3,12,tidak_tercatat,train,,,,0,0,0,,,,,0,0,,
KJG,2025-03-24,2025,1,3,13,tidak_tercatat,train,,,,0,0,0,,,,,0,0,,
KJG,2025-03-31,2025,1,3,14,tidak_tercatat,train,,,,0,0,0,,,,,0,0,,
KJG,2025-04-07,2025,2,4,15,tidak_tercatat,train,,,,0,0,0,,,,,0,0,,
KJG,2025-04-14,2025,2,4,16,operasional,train,0.0,0.0,0.0,0,0,0,,0.0,0.0,0.0,0,0,0.0,0.0
KJG,2025-04-21,2025,2,4,17,operasional,train,0.0,0.0,0.0,0,0,0,,0.0,0.0,0.0,0,0,0.0,0.0
KJG,2025-04-28,2025,2,4,18,operasional,train,0.0,0.0,0.0,0,0,0,,0.0,0.0,0.0,0,0,0.0,0.0
KJG,2025-05-05,2025,2,5,19,operasional,train,0.0,0.0,0.0,0,0,0,,0.0,0.0,0.0,0,0,0.0,0.0
KJG,2025-05-12,2025,2,5,20,operasional,train,0.0,0.0,0.0,0,0,0,,0.0,0.0,0.0,0,0,0.0,0.0
KJG,2025-05-19,2025,2,5,21,operasional,train,0.0,0.0,0.0,0,0,0,,0.0,0.0,0.0,0,0,0.0,0.0
KJG,2025-05-26,2025,2,5,22,operasional,train,0.0,0.0,0.0,0,0,0,,0.0,0.0,0.0,0,0,0.0,0.0
KJG,2025-06-02,2025,2,6,23,operasional,train,0.0,0.0,0.0,0,0,0,,0.0,0.0,0.0,0,0,0.0,0.0
KJG,2025-06-09,2025,2,6,24,operasional,train,0.0,0.0,0.0,0,0,0,,0.0,0.0,0.0,1,1,0.0,0.0
KJG,2025-06-16,2025,2,6,25,operasional,train,0.0,0.0,0.0,0,0,0,,0.0,0.0,0.0,0,0,0.0,0.0
KJG,2025-06-23,2025,2,6,26,operasional,train,0.0,0.0,0.0,0,0,0,,0.0,0.0,0.0,1,1,0.0,0.0
KJG,2025-06-30,2025,2,6,27,operasional,train,0.0,0.0,0.0,0,0,0,,0.0,0.0,0.0,0,0,0.0,0.0
KJG,2025-07-07,2025,3,7,28,operasional,train,0.0,0.0,0.0,0,0,0,,0.0,0.0,0.0,0,0,0.0,0.0
KJG,2025-07-14,2025,3,7,29,operasional,train,0.0,0.0,0.0,0,0,0,,0.0,0.0,0.0,0,0,0.0,0.0
KJG,2025-07-21,2025,3,7,30,operasional,train,0.0,0.0,0.0,0,0,0,,0.0,0.0,0.0,0,0,0.0,0.0
KJG,2025-07-28,2025,3,7,31,operasional,train,0.0,0.0,0.0,0,0,0,,0.0,0.0,0.0,0,0,0.0,0.0
KJG,2025-08-04,2025,3,8,32,operasional,train,0.0,0.0,0.0,0,0,0,,0.0,0.0,0.0,0,0,0.0,0.0
KJG,2025-08-11,2025,3,8,33,operasional,train,0.0,0.0,0.0,0,0,0,,0.0,0.0,0.0,1,0,0.0,0.0
KJG,2025-08-18,2025,3,8,34,operasional,train,0.0,0.0,0.0,0,0,0,,0.0,0.0,0.0,0,0,0.0,0.0
KJG,2025-08-25,2025,3,8,35,operasional,train,0.0,0.0,0.0,0,0,0,,0.0,0.0,0.0,0,0,0.0,0.0
KJG,2025-09-01,2025,3,9,36,operasional,train,0.0,0.0,0.0,0,0,0,,0.0,0.0,0.0,0,0,0.0,0.0
KJG,2025-09-08,2025,3,9,37,operasional,train,0.0,0.0,0.0,0,0,0,,0.0,0.0,0.0,0,0,0.0,0.0
KJG,2025-09-15,2025,3,9,38,operasional,train,0.0,0.0,0.0,0,0,0,,0.0,0.0,0.0,0,0,0.0,0.0
KJG,2025-09-22,2025,3,9,39,operasional,train,0.0,0.0,0.0,0,0,0,,0.0,0.0,0.0,0,1,0.0,0.0
KJG,2025-09-29,2025,3,9,40,operasional,train,0.0,0.0,0.0,0,0,0,,0.0,0.0,0.0,0,0,0.0,0.0
KJG,2025-10-06,2025,4,10,41,operasional,train,0.0,0.0,0.0,0,0,0,,0.0,0.0,0.0,0,0,0.0,0.0
KJG,2025-10-13,2025,4,10,42,operasional,train,0.0,0.0,0.0,0,0,0,,0.0,0.0,0.0,0,0,0.0,0.0
KJG,2025-10-20,2025,4,10,43,operasional,train,0.0,0.0,0.0,0,0,0,,0.0,0.0,0.0,0,0,0.0,0.0
KJG,2025-10-27,2025,4,10,44,operasional,train,0.0,0.0,0.0,0,0,0,,0.0,0.0,0.0,0,0,0.0,0.0
KJG,2025-11-03,2025,4,11,45,operasional,train,0.0,0.0,0.0,0,0,0,,0.0,0.0,0.0,0,0,0.0,0.0
KJG,2025-11-10,2025,4,11,46,operasional,train,0.0,0.0,0.0,0,0,0,,0.0,0.0,0.0,0,0,0.0,0.0
KJG,2025-11-17,2025,4,11,47,operasional,train,0.0,0.0,0.0,0,0,0,,0.0,0.0,0.0,0,0,0.0,0.0
KJG,2025-11-24,2025,4,11,48,operasional,train,0.0,0.0,0.0,0,0,0,,0.0,0.0,0.0,0,0,0.0,0.0
KJG,2025-12-01,2025,4,12,49,operasional,train,0.0,0.0,0.0,0,0,0,,0.0,0.0,0.0,1,0,0.0,0.0
KJG,2025-12-08,2025,4,12,50,operasional,train,0.0,0.0,0.0,0,0,0,,0.0,0.0,0.0,0,0,0.0,0.0
KJG,2025-12-15,2025,4,12,51,operasional,train,0.0,0.0,0.0,0,0,0,,0.0,0.0,0.0,0,0,0.0,0.0
KJG,2025-12-22,2025,4,12,52,operasional,train,0.0,0.0,0.0,0,0,0,,0.0,0.0,0.0,0,0,0.0,0.0
KJG,2025-12-29,2025,4,12,1,operasional,train,0.0,0.0,0.0,0,0,0,,0.0,0.0,0.0,0,0,0.0,0.0
KJG,2026-01-05,2026,1,1,2,operasional,train,0.0,0.0,0.0,0,0,0,,0.0,0.0,0.0,0,0,0.0,0.0
KJG,2026-01-12,2026,1,1,3,operasional,train,0.0,0.0,0.0,0,0,0,,0.0,0.0,0.0,0,0,0.0,0.0
KJG,2026-01-19,2026,1,1,4,operasional,train,0.0,0.0,0.0,0,0,0,,0.0,0.0,0.0,0,0,0.0,0.0
KJG,2026-01-26,2026,1,1,5,operasional,train,0.0,0.0,0.0,0,0,0,,0.0,0.0,0.0,0,0,0.0,0.0
KJG,2026-02-02,2026,1,2,6,operasional,train,0.0,0.0,0.0,0,0,0,,0.0,0.0,0.0,1,0,0.0,0.0
KJG,2026-02-09,2026,1,2,7,operasional,train,0.0,0.0,0.0,0,0,0,,0.0,0.0,0.0,0,0,0.0,0.0
KJG,2026-02-16,2026,1,2,8,operasional,train,0.0,0.0,0.0,0,0,0,,0.0,0.0,0.0,0,0,0.0,0.0
KJG,2026-02-23,2026,1,2,9,operasional,train,0.0,0.0,0.0,0,0,0,,0.0,0.0,0.0,0,0,0.0,0.0
KJG,2026-03-02,2026,1,3,10,operasional,train,0.0,0.0,0.0,0,0,0,,0.0,0.0,0.0,0,0,0.0,0.0
KJG,2026-03-09,2026,1,3,11,operasional,train,0.0,0.0,0.0,0,0,0,,0.0,0.0,0.0,0,0,0.0,0.0
KJG,2026-03-16,2026,1,3,12,operasional,train,0.0,0.0,0.0,0,0,0,,0.0,0.0,0.0,1,0,0.0,0.0
KJG,2026-03-23,2026,1,3,13,operasional,train,0.0,0.0,0.0,0,0,0,,0.0,0.0,0.0,0,0,0.0,0.0
KJG,2026-03-30,2026,1,3,14,operasional,train,0.0,0.0,0.0,0,0,0,,0.0,0.0,0.0,1,0,0.0,0.0
KJG,2026-04-06,2026,2,4,15,operasional,test,0.0,0.0,0.0,0,0,0,,0.0,0.0,0.0,0,0,0.0,0.0
KJG,2026-04-13,2026,2,4,16,operasional,test,0.0,0.0,0.0,0,0,0,,0.0,0.0,0.0,0,1,0.0,0.0
KJG,2026-04-20,2026,2,4,17,operasional,test,0.0,0.0,0.0,0,0,0,,0.0,0.0,0.0,0,0,0.0,0.0
KJG,2026-04-27,2026,2,4,18,operasional,test,0.0,0.0,0.0,0,0,0,,0.0,0.0,0.0,0,0,0.0,0.0
KJG,2026-05-04,2026,2,5,19,operasional,test,7.0,7.0,2.0794415416798357,0,0,0,,70000.0,1.0,1.0,1,0,6.0,1.0
KJG,2026-05-11,2026,2,5,20,operasional,test,0.0,0.0,0.0,0,0,0,,0.0,0.0,0.0,0,1,0.0,0.0
KJG,2026-05-18,2026,2,5,21,operasional,test,0.0,0.0,0.0,0,0,0,,0.0,0.0,0.0,0,0,0.0,0.0
KJG,2026-05-25,2026,2,5,22,operasional,test,0.0,0.0,0.0,0,0,0,,0.0,0.0,0.0,0,0,0.0,0.0
KJG,2026-06-01,2026,2,6,23,operasional,test,0.0,0.0,0.0,0,0,0,,0.0,0.0,0.0,0,0,0.0,0.0
KJG,2026-06-08,2026,2,6,24,operasional,test,0.0,0.0,0.0,0,0,0,,0.0,0.0,0.0,0,0,0.0,0.0
KJG,2026-06-15,2026,2,6,25,operasional,test,0.0,0.0,0.0,0,0,0,,0.0,0.0,0.0,0,0,0.0,0.0
KJG,2026-06-22,2026,2,6,26,operasional,test,3.0,3.0,1.3862943611198906,0,0,0,,30000.0,1.0,1.0,1,0,0.0,0.0
KJG,2026-06-29,2026,2,6,27,operasional,test,0.0,0.0,0.0,0,0,0,,0.0,0.0,0.0,0,1,0.0,0.0
KJG,2026-07-06,2026,3,7,28,operasional,test,0.0,0.0,0.0,0,0,0,,0.0,0.0,0.0,0,0,0.0,0.0
KJG,2026-07-13,2026,3,7,29,operasional,test,0.0,0.0,0.0,0,0,0,,0.0,0.0,0.0,0,0,0.0,0.0
KJG,2026-07-20,2026,3,7,30,operasional,test,0.0,0.0,0.0,0,0,0,,0.0,0.0,0.0,1,1,0.0,0.0
KJG,2026-07-27,2026,3,7,31,operasional,test,0.0,0.0,0.0,0,0,0,,0.0,0.0,0.0,0,0,0.0,0.0
KJG,2026-08-03,2026,3,8,32,operasional,test,0.0,0.0,0.0,0,0,0,,0.0,0.0,0.0,0,0,0.0,0.0
KJG,2026-08-10,2026,3,8,33,operasional,test,0.0,0.0,0.0,0,0,0,,0.0,0.0,0.0,0,1,0.0,0.0
KJG,2026-08-17,2026,3,8,34,operasional,test,0.0,0.0,0.0,0,0,0,,0.0,0.0,0.0,0,1,0.0,0.0
KJG,2026-08-24,2026,3,8,35,operasional,test,11.0,11.0,2.4849066497880004,0,0,0,,110000.0,1.0,1.0,1,0,0.0,0.0
KJG,2026-08-31,2026,3,8,36,operasional,test,0.0,0.0,0.0,0,0,0,,0.0,0.0,0.0,0,1,0.0,0.0
KJG,2026-09-07,2026,3,9,37,operasional,test,0.0,0.0,0.0,0,0,0,,0.0,0.0,0.0,0,0,0.0,0.0
KJG,2026-09-14,2026,3,9,38,operasional,test,0.0,0.0,0.0,0,0,0,,0.0,0.0,0.0,1,1,0.0,0.0
KJG,2026-09-21,2026,3,9,39,operasional,test,0.0,0.0,0.0,0,0,0,,0.0,0.0,0.0,0,0,0.0,0.0
KKG,2024-01-01,2024,1,1,1,operasional,train,14.0,14.0,2.70805020110221,0,0,0,111.32070319132221,42000.0,2.0,2.0,1,0,436.0,1.0
KKG,2024-01-08,2024,1,1,2,operasional,train,4.0,4.0,1.6094379124341003,0,0,0,111.32070319132221,12000.0,1.0,1.0,1,0,0.0,0.0
KKG,2024-01-15,2024,1,1,3,operasional,train,51.0,51.0,3.9512437185814275,0,0,0,111.32070319132221,153000.0,7.0,4.0,0,0,0.0,0.0
KKG,2024-01-22,2024,1,1,4,operasional,train,0.0,0.0,0.0,0,0,0,111.32070319132221,0.0,0.0,0.0,0,0,0.0,0.0
KKG,2024-01-29,2024,1,1,5,operasional,train,12.0,12.0,2.5649493574615367,0,0,0,111.32070319132221,36000.0,2.0,2.0,0,0,0.0,0.0
KKG,2024-02-05,2024,1,2,6,operasional,train,8.0,8.0,2.1972245773362196,0,0,0,111.32070319132221,24000.0,1.0,1.0,1,0,0.0,0.0
KKG,2024-02-12,2024,1,2,7,operasional,train,19.0,19.0,2.995732273553991,0,0,0,111.32070319132221,57000.0,2.0,1.0,1,0,0.0,0.0
KKG,2024-02-19,2024,1,2,8,operasional,train,51.0,51.0,3.9512437185814275,0,0,0,111.32070319132221,153000.0,7.0,5.0,0,0,0.0,0.0
KKG,2024-02-26,2024,1,2,9,operasional,train,0.0,0.0,0.0,0,0,0,111.32070319132221,0.0,0.0,0.0,1,0,0.0,0.0
KKG,2024-03-04,2024,1,3,10,operasional,train,13.0,13.0,2.639057329615259,0,0,0,111.32070319132221,39000.0,2.0,2.0,0,0,0.0,0.0
KKG,2024-03-11,2024,1,3,11,operasional,train,5.0,5.0,1.791759469228055,0,0,0,111.32070319132221,15000.0,1.0,1.0,1,0,0.0,0.0
KKG,2024-03-18,2024,1,3,12,operasional,train,17.0,17.0,2.8903717578961645,0,0,0,111.32070319132221,51000.0,2.0,1.0,1,0,0.0,0.0
KKG,2024-03-25,2024,1,3,13,operasional,train,61.0,61.0,4.127134385045092,0,0,0,111.32070319132221,180000.0,7.0,5.0,0,1,0.0,0.0
KKG,2024-04-01,2024,2,4,14,operasional,train,0.0,0.0,0.0,0,0,0,111.32070319132221,0.0,0.0,0.0,1,0,0.0,0.0
KKG,2024-04-08,2024,2,4,15,operasional,train,16.0,16.0,2.833213344056216,0,0,0,111.32070319132221,48000.0,2.0,2.0,0,0,0.0,0.0
KKG,2024-04-15,2024,2,4,16,operasional,train,10.0,10.0,2.3978952727983707,0,0,0,111.32070319132221,30000.0,1.0,1.0,1,0,0.0,0.0
KKG,2024-04-22,2024,2,4,17,operasional,train,11.0,11.0,2.4849066497880004,0,0,0,111.32070319132221,33000.0,2.0,1.0,1,0,0.0,0.0
KKG,2024-04-29,2024,2,4,18,operasional,train,52.0,52.0,3.970291913552122,0,0,0,111.32070319132221,156000.0,7.0,5.0,0,1,0.0,0.0
KKG,2024-05-06,2024,2,5,19,operasional,train,0.0,0.0,0.0,0,0,0,111.32070319132221,0.0,0.0,0.0,1,0,0.0,0.0
KKG,2024-05-13,2024,2,5,20,operasional,train,19.0,19.0,2.995732273553991,0,0,0,111.32070319132221,57000.0,2.0,2.0,0,0,0.0,0.0
KKG,2024-05-20,2024,2,5,21,operasional,train,0.0,0.0,0.0,0,0,0,111.32070319132221,0.0,0.0,0.0,0,1,0.0,0.0
KKG,2024-05-27,2024,2,5,22,operasional,train,0.0,0.0,0.0,0,0,0,111.32070319132221,0.0,0.0,0.0,0,0,0.0,0.0
KKG,2024-06-03,2024,2,6,23,operasional,train,0.0,0.0,0.0,0,0,0,111.32070319132221,0.0,0.0,0.0,0,1,0.0,0.0
KKG,2024-06-10,2024,2,6,24,operasional,train,21.0,21.0,3.091042453358316,0,0,0,111.32070319132221,63000.0,2.0,2.0,0,1,400.0,1.0
KKG,2024-06-17,2024,2,6,25,operasional,train,0.0,0.0,0.0,0,0,0,111.32070319132221,0.0,0.0,0.0,1,1,0.0,0.0
KKG,2024-06-24,2024,2,6,26,operasional,train,0.0,0.0,0.0,0,0,0,111.32070319132221,0.0,0.0,0.0,1,1,0.0,0.0
KKG,2024-07-01,2024,3,7,27,operasional,train,0.0,0.0,0.0,0,0,0,111.32070319132221,0.0,0.0,0.0,0,1,0.0,0.0
KKG,2024-07-08,2024,3,7,28,operasional,train,0.0,0.0,0.0,0,0,0,111.32070319132221,0.0,0.0,0.0,0,0,0.0,0.0
KKG,2024-07-15,2024,3,7,29,operasional,train,0.0,0.0,0.0,0,0,0,111.32070319132221,0.0,0.0,0.0,0,1,0.0,0.0
KKG,2024-07-22,2024,3,7,30,operasional,train,42.0,42.0,3.7612001156935624,0,0,0,111.32070319132221,126000.0,6.0,4.0,0,0,384.0,1.0
KKG,2024-07-29,2024,3,7,31,operasional,train,0.0,0.0,0.0,0,0,0,111.32070319132221,0.0,0.0,0.0,1,0,0.0,0.0
KKG,2024-08-05,2024,3,8,32,operasional,train,13.0,13.0,2.639057329615259,0,0,0,111.32070319132221,39000.0,2.0,2.0,0,0,0.0,0.0
KKG,2024-08-12,2024,3,8,33,operasional,train,9.0,9.0,2.302585092994046,0,0,0,111.32070319132221,27000.0,1.0,1.0,1,0,0.0,0.0
KKG,2024-08-19,2024,3,8,34,operasional,train,13.0,13.0,2.639057329615259,0,0,0,111.32070319132221,39000.0,2.0,1.0,1,0,0.0,0.0
KKG,2024-08-26,2024,3,8,35,operasional,train,57.0,57.0,4.060443010546419,0,0,0,111.32070319132221,171000.0,7.0,5.0,0,1,0.0,0.0
KKG,2024-09-02,2024,3,9,36,operasional,train,0.0,0.0,0.0,0,0,0,111.32070319132221,0.0,0.0,0.0,1,0,0.0,0.0
KKG,2024-09-09,2024,3,9,37,operasional,train,16.0,16.0,2.833213344056216,0,0,0,111.32070319132221,48000.0,2.0,2.0,0,0,0.0,0.0
KKG,2024-09-16,2024,3,9,38,operasional,train,0.0,0.0,0.0,0,0,0,111.32070319132221,0.0,0.0,0.0,1,0,0.0,0.0
KKG,2024-09-23,2024,3,9,39,operasional,train,4.0,4.0,1.6094379124341003,0,0,0,111.32070319132221,12000.0,1.0,1.0,1,0,0.0,0.0
KKG,2024-09-30,2024,3,9,40,operasional,train,42.0,42.0,3.7612001156935624,0,0,0,111.32070319132221,126000.0,6.0,4.0,0,1,0.0,0.0
KKG,2024-10-07,2024,4,10,41,operasional,train,0.0,0.0,0.0,0,0,0,111.32070319132221,0.0,0.0,0.0,1,0,0.0,0.0
KKG,2024-10-14,2024,4,10,42,operasional,train,19.0,19.0,2.995732273553991,0,0,0,111.32070319132221,57000.0,2.0,2.0,0,0,0.0,0.0
KKG,2024-10-21,2024,4,10,43,tidak_tercatat,train,,,,0,0,0,111.32070319132221,,,,0,0,,
KKG,2024-10-28,2024,4,10,44,tidak_tercatat,train,,,,0,0,0,111.32070319132221,,,,0,0,,
KKG,2024-11-04,2024,4,11,45,tidak_tercatat,train,,,,0,0,0,111.32070319132221,,,,0,0,,
KKG,2024-11-11,2024,4,11,46,tidak_tercatat,train,,,,0,0,0,111.32070319132221,,,,0,0,,
KKG,2024-11-18,2024,4,11,47,tidak_tercatat,train,,,,0,0,0,111.32070319132221,,,,0,0,,
KKG,2024-11-25,2024,4,11,48,tidak_tercatat,train,,,,0,0,0,111.32070319132221,,,,0,0,,
KKG,2024-12-02,2024,4,12,49,tidak_tercatat,train,,,,0,0,0,111.32070319132221,,,,0,0,,
KKG,2024-12-09,2024,4,12,50,tidak_tercatat,train,,,,0,0,0,111.32070319132221,,,,0,0,,
KKG,2024-12-16,2024,4,12,51,tidak_tercatat,train,,,,0,0,0,111.32070319132221,,,,0,0,,
KKG,2024-12-23,2024,4,12,52,tidak_tercatat,train,,,,0,0,0,111.32070319132221,,,,0,0,,
KKG,2024-12-30,2024,4,12,1,tidak_tercatat,train,,,,0,0,0,111.32070319132221,,,,0,0,,
KKG,2025-01-06,2025,1,1,2,tidak_tercatat,train,,,,0,0,0,111.32070319132221,,,,0,0,,
KKG,2025-01-13,2025,1,1,3,tidak_tercatat,train,,,,0,0,0,111.32070319132221,,,,0,0,,
KKG,2025-01-20,2025,1,1,4,tidak_tercatat,train,,,,0,0,0,111.32070319132221,,,,0,0,,
KKG,2025-01-27,2025,1,1,5,operasional,train,5.0,5.0,1.791759469228055,0,0,0,111.32070319132221,15000.0,1.0,1.0,0,0,220.0,1.0
KKG,2025-02-03,2025,1,2,6,operasional,train,0.0,0.0,0.0,0,0,0,111.32070319132221,0.0,0.0,0.0,0,0,0.0,0.0
KKG,2025-02-10,2025,1,2,7,operasional,train,0.0,0.0,0.0,0,0,0,111.32070319132221,0.0,0.0,0.0,0,0,0.0,0.0
KKG,2025-02-17,2025,1,2,8,operasional,train,0.0,0.0,0.0,0,0,0,111.32070319132221,0.0,0.0,0.0,0,0,0.0,0.0
KKG,2025-02-24,2025,1,2,9,operasional,train,0.0,0.0,0.0,0,0,0,111.32070319132221,0.0,0.0,0.0,0,0,0.0,0.0
KKG,2025-03-03,2025,1,3,10,tidak_tercatat,train,,,,0,0,0,111.32070319132221,,,,0,0,,
KKG,2025-03-10,2025,1,3,11,tidak_tercatat,train,,,,0,0,0,111.32070319132221,,,,0,0,,
KKG,2025-03-17,2025,1,3,12,tidak_tercatat,train,,,,0,0,0,111.32070319132221,,,,0,0,,
KKG,2025-03-24,2025,1,3,13,tidak_tercatat,train,,,,0,0,0,111.32070319132221,,,,0,0,,
KKG,2025-03-31,2025,1,3,14,tidak_tercatat,train,,,,0,0,0,111.32070319132221,,,,0,0,,
KKG,2025-04-07,2025,2,4,15,tidak_tercatat,train,,,,0,0,0,111.32070319132221,,,,0,0,,
KKG,2025-04-14,2025,2,4,16,operasional,train,0.0,0.0,0.0,0,0,0,111.32070319132221,0.0,0.0,0.0,0,0,0.0,0.0
KKG,2025-04-21,2025,2,4,17,operasional,train,0.0,0.0,0.0,0,0,0,111.32070319132221,0.0,0.0,0.0,0,0,0.0,0.0
KKG,2025-04-28,2025,2,4,18,operasional,train,0.0,0.0,0.0,0,0,0,111.32070319132221,0.0,0.0,0.0,0,0,0.0,0.0
KKG,2025-05-05,2025,2,5,19,operasional,train,0.0,0.0,0.0,0,0,0,111.32070319132221,0.0,0.0,0.0,0,0,0.0,0.0
KKG,2025-05-12,2025,2,5,20,operasional,train,0.0,0.0,0.0,0,0,0,111.32070319132221,0.0,0.0,0.0,0,0,0.0,0.0
KKG,2025-05-19,2025,2,5,21,operasional,train,0.0,0.0,0.0,0,0,0,111.32070319132221,0.0,0.0,0.0,0,0,0.0,0.0
KKG,2025-05-26,2025,2,5,22,operasional,train,0.0,0.0,0.0,0,0,0,111.32070319132221,0.0,0.0,0.0,0,0,0.0,0.0
KKG,2025-06-02,2025,2,6,23,operasional,train,0.0,0.0,0.0,0,0,0,111.32070319132221,0.0,0.0,0.0,0,0,0.0,0.0
KKG,2025-06-09,2025,2,6,24,operasional,train,0.0,0.0,0.0,0,0,0,111.32070319132221,0.0,0.0,0.0,1,1,0.0,0.0
KKG,2025-06-16,2025,2,6,25,operasional,train,0.0,0.0,0.0,0,0,0,111.32070319132221,0.0,0.0,0.0,0,0,0.0,0.0
KKG,2025-06-23,2025,2,6,26,operasional,train,0.0,0.0,0.0,0,0,0,111.32070319132221,0.0,0.0,0.0,1,1,0.0,0.0
KKG,2025-06-30,2025,2,6,27,operasional,train,0.0,0.0,0.0,0,0,0,111.32070319132221,0.0,0.0,0.0,0,0,0.0,0.0
KKG,2025-07-07,2025,3,7,28,operasional,train,0.0,0.0,0.0,0,0,0,111.32070319132221,0.0,0.0,0.0,0,0,0.0,0.0
KKG,2025-07-14,2025,3,7,29,operasional,train,25.0,25.0,3.258096538021482,0,0,0,111.32070319132221,75000.0,4.0,2.0,0,0,302.0,1.0
KKG,2025-07-21,2025,3,7,30,operasional,train,0.0,0.0,0.0,0,0,0,111.32070319132221,0.0,0.0,0.0,0,0,0.0,0.0
KKG,2025-07-28,2025,3,7,31,operasional,train,0.0,0.0,0.0,0,0,0,111.32070319132221,0.0,0.0,0.0,0,0,0.0,0.0
KKG,2025-08-04,2025,3,8,32,operasional,train,0.0,0.0,0.0,0,0,0,111.32070319132221,0.0,0.0,0.0,0,0,0.0,0.0
KKG,2025-08-11,2025,3,8,33,operasional,train,24.0,24.0,3.2188758248682006,0,0,0,111.32070319132221,72000.0,3.0,2.0,1,0,91.0,1.0
KKG,2025-08-18,2025,3,8,34,operasional,train,38.0,38.0,3.6635616461296463,0,0,0,111.32070319132221,114000.0,5.0,3.0,0,0,0.0,0.0
KKG,2025-08-25,2025,3,8,35,operasional,train,24.0,24.0,3.2188758248682006,0,0,0,111.32070319132221,72000.0,3.0,2.0,0,0,0.0,0.0
KKG,2025-09-01,2025,3,9,36,operasional,train,5.0,5.0,1.791759469228055,0,0,0,111.32070319132221,15000.0,1.0,1.0,0,0,0.0,0.0
KKG,2025-09-08,2025,3,9,37,operasional,train,0.0,0.0,0.0,0,0,0,111.32070319132221,0.0,0.0,0.0,0,0,0.0,0.0
KKG,2025-09-15,2025,3,9,38,operasional,train,0.0,0.0,0.0,0,0,0,111.32070319132221,0.0,0.0,0.0,0,0,0.0,0.0
KKG,2025-09-22,2025,3,9,39,operasional,train,0.0,0.0,0.0,0,0,0,111.32070319132221,0.0,0.0,0.0,0,1,0.0,0.0
KKG,2025-09-29,2025,3,9,40,operasional,train,0.0,0.0,0.0,0,0,0,111.32070319132221,0.0,0.0,0.0,0,0,0.0,0.0
KKG,2025-10-06,2025,4,10,41,operasional,train,0.0,0.0,0.0,0,0,0,111.32070319132221,0.0,0.0,0.0,0,0,0.0,0.0
KKG,2025-10-13,2025,4,10,42,operasional,train,0.0,0.0,0.0,0,0,0,111.32070319132221,0.0,0.0,0.0,0,0,0.0,0.0
KKG,2025-10-20,2025,4,10,43,operasional,train,0.0,0.0,0.0,0,0,0,111.32070319132221,0.0,0.0,0.0,0,0,0.0,0.0
KKG,2025-10-27,2025,4,10,44,operasional,train,0.0,0.0,0.0,0,0,0,111.32070319132221,0.0,0.0,0.0,0,0,0.0,0.0
KKG,2025-11-03,2025,4,11,45,operasional,train,0.0,0.0,0.0,0,0,0,111.32070319132221,0.0,0.0,0.0,0,0,0.0,0.0
KKG,2025-11-10,2025,4,11,46,operasional,train,0.0,0.0,0.0,0,0,0,111.32070319132221,0.0,0.0,0.0,0,0,0.0,0.0
KKG,2025-11-17,2025,4,11,47,operasional,train,0.0,0.0,0.0,0,0,0,111.32070319132221,0.0,0.0,0.0,0,0,0.0,0.0
KKG,2025-11-24,2025,4,11,48,operasional,train,0.0,0.0,0.0,0,0,0,111.32070319132221,0.0,0.0,0.0,0,0,0.0,0.0
KKG,2025-12-01,2025,4,12,49,operasional,train,8.0,8.0,2.1972245773362196,0,0,0,111.32070319132221,24000.0,1.0,1.0,1,0,240.0,1.0
KKG,2025-12-08,2025,4,12,50,operasional,train,0.0,0.0,0.0,0,0,0,111.32070319132221,0.0,0.0,0.0,0,0,0.0,0.0
KKG,2025-12-15,2025,4,12,51,operasional,train,3.0,3.0,1.3862943611198906,0,0,0,111.32070319132221,9000.0,1.0,1.0,0,0,0.0,0.0
KKG,2025-12-22,2025,4,12,52,operasional,train,8.0,8.0,2.1972245773362196,0,0,0,111.32070319132221,24000.0,1.0,1.0,0,0,0.0,0.0
KKG,2025-12-29,2025,4,12,1,operasional,train,0.0,0.0,0.0,0,0,0,111.32070319132221,0.0,0.0,0.0,0,0,0.0,0.0
KKG,2026-01-05,2026,1,1,2,operasional,train,0.0,0.0,0.0,0,0,0,111.32070319132221,0.0,0.0,0.0,0,0,0.0,0.0
KKG,2026-01-12,2026,1,1,3,operasional,train,0.0,0.0,0.0,0,0,0,111.32070319132221,0.0,0.0,0.0,0,0,0.0,0.0
KKG,2026-01-19,2026,1,1,4,operasional,train,0.0,0.0,0.0,0,0,0,111.32070319132221,0.0,0.0,0.0,0,0,0.0,0.0
KKG,2026-01-26,2026,1,1,5,operasional,train,0.0,0.0,0.0,0,0,0,111.32070319132221,0.0,0.0,0.0,0,0,0.0,0.0
KKG,2026-02-02,2026,1,2,6,operasional,train,0.0,0.0,0.0,0,0,0,111.32070319132221,0.0,0.0,0.0,1,0,0.0,0.0
KKG,2026-02-09,2026,1,2,7,operasional,train,0.0,0.0,0.0,0,0,0,111.32070319132221,0.0,0.0,0.0,0,0,0.0,0.0
KKG,2026-02-16,2026,1,2,8,operasional,train,0.0,0.0,0.0,0,0,0,111.32070319132221,0.0,0.0,0.0,0,0,0.0,0.0
KKG,2026-02-23,2026,1,2,9,operasional,train,0.0,0.0,0.0,0,0,0,111.32070319132221,0.0,0.0,0.0,0,0,0.0,0.0
KKG,2026-03-02,2026,1,3,10,operasional,train,0.0,0.0,0.0,0,0,0,111.32070319132221,0.0,0.0,0.0,0,0,0.0,0.0
KKG,2026-03-09,2026,1,3,11,operasional,train,0.0,0.0,0.0,0,0,0,111.32070319132221,0.0,0.0,0.0,0,0,0.0,0.0
KKG,2026-03-16,2026,1,3,12,operasional,train,0.0,0.0,0.0,0,0,0,111.32070319132221,0.0,0.0,0.0,1,0,0.0,0.0
KKG,2026-03-23,2026,1,3,13,operasional,train,0.0,0.0,0.0,0,0,0,111.32070319132221,0.0,0.0,0.0,0,0,0.0,0.0
KKG,2026-03-30,2026,1,3,14,operasional,train,0.0,0.0,0.0,0,0,0,111.32070319132221,0.0,0.0,0.0,1,0,0.0,0.0
KKG,2026-04-06,2026,2,4,15,operasional,test,0.0,0.0,0.0,0,0,0,111.32070319132221,0.0,0.0,0.0,0,0,0.0,0.0
KKG,2026-04-13,2026,2,4,16,operasional,test,0.0,0.0,0.0,0,0,0,111.32070319132221,0.0,0.0,0.0,0,1,0.0,0.0
KKG,2026-04-20,2026,2,4,17,operasional,test,0.0,0.0,0.0,0,0,0,111.32070319132221,0.0,0.0,0.0,0,0,0.0,0.0
KKG,2026-04-27,2026,2,4,18,operasional,test,0.0,0.0,0.0,0,0,0,111.32070319132221,0.0,0.0,0.0,0,0,0.0,0.0
KKG,2026-05-04,2026,2,5,19,operasional,test,0.0,0.0,0.0,0,0,0,111.32070319132221,0.0,0.0,0.0,1,0,0.0,0.0
KKG,2026-05-11,2026,2,5,20,operasional,test,22.0,22.0,3.1354942159291497,0,0,0,111.32070319132221,63000.0,2.0,2.0,0,1,118.3,1.0
KKG,2026-05-18,2026,2,5,21,operasional,test,0.0,0.0,0.0,0,0,0,111.32070319132221,0.0,0.0,0.0,0,0,0.0,0.0
KKG,2026-05-25,2026,2,5,22,operasional,test,0.0,0.0,0.0,0,0,0,111.32070319132221,0.0,0.0,0.0,0,0,0.0,0.0
KKG,2026-06-01,2026,2,6,23,operasional,test,11.0,11.0,2.4849066497880004,0,0,0,111.32070319132221,33000.0,1.0,1.0,0,0,0.0,0.0
KKG,2026-06-08,2026,2,6,24,operasional,test,0.0,0.0,0.0,0,0,0,111.32070319132221,0.0,0.0,0.0,0,0,0.0,0.0
KKG,2026-06-15,2026,2,6,25,operasional,test,0.0,0.0,0.0,0,0,0,111.32070319132221,0.0,0.0,0.0,0,0,0.0,0.0
KKG,2026-06-22,2026,2,6,26,operasional,test,21.0,21.0,3.091042453358316,0,0,0,111.32070319132221,63000.0,1.0,1.0,1,0,0.0,0.0
KKG,2026-06-29,2026,2,6,27,operasional,test,30.0,30.0,3.4339872044851463,0,0,0,111.32070319132221,90000.0,1.0,1.0,0,1,0.0,0.0
KKG,2026-07-06,2026,3,7,28,operasional,test,0.0,0.0,0.0,0,0,0,111.32070319132221,0.0,0.0,0.0,0,0,0.0,0.0
KKG,2026-07-13,2026,3,7,29,operasional,test,0.0,0.0,0.0,0,0,0,111.32070319132221,0.0,0.0,0.0,0,0,0.0,0.0
KKG,2026-07-20,2026,3,7,30,operasional,test,0.0,0.0,0.0,0,0,0,111.32070319132221,0.0,0.0,0.0,1,1,0.0,0.0
KKG,2026-07-27,2026,3,7,31,operasional,test,0.0,0.0,0.0,0,0,0,111.32070319132221,0.0,0.0,0.0,0,0,0.0,0.0
KKG,2026-08-03,2026,3,8,32,operasional,test,0.0,0.0,0.0,0,0,0,111.32070319132221,0.0,0.0,0.0,0,0,0.0,0.0
KKG,2026-08-10,2026,3,8,33,operasional,test,0.0,0.0,0.0,0,0,0,111.32070319132221,0.0,0.0,0.0,0,1,0.0,0.0
KKG,2026-08-17,2026,3,8,34,operasional,test,15.0,15.0,2.772588722239781,0,0,0,111.32070319132221,45000.0,2.0,2.0,0,1,73.0,1.0
KKG,2026-08-24,2026,3,8,35,operasional,test,0.0,0.0,0.0,0,0,0,111.32070319132221,0.0,0.0,0.0,1,0,0.0,0.0
KKG,2026-08-31,2026,3,8,36,operasional,test,0.0,0.0,0.0,0,0,0,111.32070319132221,0.0,0.0,0.0,0,1,0.0,0.0
KKG,2026-09-07,2026,3,9,37,operasional,test,0.0,0.0,0.0,0,0,0,111.32070319132221,0.0,0.0,0.0,0,0,0.0,0.0
KKG,2026-09-14,2026,3,9,38,operasional,test,0.0,0.0,0.0,0,0,0,111.32070319132221,0.0,0.0,0.0,1,1,0.0,0.0
KKG,2026-09-21,2026,3,9,39,operasional,test,0.0,0.0,0.0,0,0,0,111.32070319132221,0.0,0.0,0.0,0,0,0.0,0.0
KMG,2024-01-01,2024,1,1,1,sebelum_produk_dijual,train,,,,0,0,0,36.829310938279534,,,,1,0,,
KMG,2024-01-08,2024,1,1,2,sebelum_produk_dijual,train,,,,0,0,0,36.829310938279534,,,,1,0,,
KMG,2024-01-15,2024,1,1,3,sebelum_produk_dijual,train,,,,0,0,0,36.829310938279534,,,,0,0,,
KMG,2024-01-22,2024,1,1,4,sebelum_produk_dijual,train,,,,0,0,0,36.829310938279534,,,,0,0,,
KMG,2024-01-29,2024,1,1,5,sebelum_produk_dijual,train,,,,0,0,0,36.829310938279534,,,,0,0,,
KMG,2024-02-05,2024,1,2,6,sebelum_produk_dijual,train,,,,0,0,0,36.829310938279534,,,,1,0,,
KMG,2024-02-12,2024,1,2,7,sebelum_produk_dijual,train,,,,0,0,0,36.829310938279534,,,,1,0,,
KMG,2024-02-19,2024,1,2,8,sebelum_produk_dijual,train,,,,0,0,0,36.829310938279534,,,,0,0,,
KMG,2024-02-26,2024,1,2,9,sebelum_produk_dijual,train,,,,0,0,0,36.829310938279534,,,,1,0,,
KMG,2024-03-04,2024,1,3,10,sebelum_produk_dijual,train,,,,0,0,0,36.829310938279534,,,,0,0,,
KMG,2024-03-11,2024,1,3,11,sebelum_produk_dijual,train,,,,0,0,0,36.829310938279534,,,,1,0,,
KMG,2024-03-18,2024,1,3,12,sebelum_produk_dijual,train,,,,0,0,0,36.829310938279534,,,,1,0,,
KMG,2024-03-25,2024,1,3,13,sebelum_produk_dijual,train,,,,0,0,0,36.829310938279534,,,,0,1,,
KMG,2024-04-01,2024,2,4,14,sebelum_produk_dijual,train,,,,0,0,0,36.829310938279534,,,,1,0,,
KMG,2024-04-08,2024,2,4,15,sebelum_produk_dijual,train,,,,0,0,0,36.829310938279534,,,,0,0,,
KMG,2024-04-15,2024,2,4,16,sebelum_produk_dijual,train,,,,0,0,0,36.829310938279534,,,,1,0,,
KMG,2024-04-22,2024,2,4,17,sebelum_produk_dijual,train,,,,0,0,0,36.829310938279534,,,,1,0,,
KMG,2024-04-29,2024,2,4,18,sebelum_produk_dijual,train,,,,0,0,0,36.829310938279534,,,,0,1,,
KMG,2024-05-06,2024,2,5,19,sebelum_produk_dijual,train,,,,0,0,0,36.829310938279534,,,,1,0,,
KMG,2024-05-13,2024,2,5,20,sebelum_produk_dijual,train,,,,0,0,0,36.829310938279534,,,,0,0,,
KMG,2024-05-20,2024,2,5,21,sebelum_produk_dijual,train,,,,0,0,0,36.829310938279534,,,,0,1,,
KMG,2024-05-27,2024,2,5,22,sebelum_produk_dijual,train,,,,0,0,0,36.829310938279534,,,,0,0,,
KMG,2024-06-03,2024,2,6,23,sebelum_produk_dijual,train,,,,0,0,0,36.829310938279534,,,,0,1,,
KMG,2024-06-10,2024,2,6,24,sebelum_produk_dijual,train,,,,0,0,0,36.829310938279534,,,,0,1,,
KMG,2024-06-17,2024,2,6,25,operasional,train,10.0,10.0,2.3978952727983707,0,0,0,36.829310938279534,10000.0,1.0,1.0,1,1,16.0,1.0
KMG,2024-06-24,2024,2,6,26,operasional,train,0.0,0.0,0.0,0,0,0,36.829310938279534,0.0,0.0,0.0,1,1,0.0,0.0
KMG,2024-07-01,2024,3,7,27,operasional,train,0.0,0.0,0.0,0,0,0,36.829310938279534,0.0,0.0,0.0,0,1,0.0,0.0
KMG,2024-07-08,2024,3,7,28,operasional,train,0.0,0.0,0.0,0,0,0,36.829310938279534,0.0,0.0,0.0,0,0,0.0,0.0
KMG,2024-07-15,2024,3,7,29,operasional,train,0.0,0.0,0.0,0,0,0,36.829310938279534,0.0,0.0,0.0,0,1,0.0,0.0
KMG,2024-07-22,2024,3,7,30,operasional,train,0.0,0.0,0.0,0,0,0,36.829310938279534,0.0,0.0,0.0,0,0,0.0,0.0
KMG,2024-07-29,2024,3,7,31,operasional,train,0.0,0.0,0.0,0,0,0,36.829310938279534,0.0,0.0,0.0,1,0,0.0,0.0
KMG,2024-08-05,2024,3,8,32,operasional,train,0.0,0.0,0.0,0,0,0,36.829310938279534,0.0,0.0,0.0,0,0,0.0,0.0
KMG,2024-08-12,2024,3,8,33,operasional,train,0.0,0.0,0.0,0,0,0,36.829310938279534,0.0,0.0,0.0,1,0,0.0,0.0
KMG,2024-08-19,2024,3,8,34,operasional,train,0.0,0.0,0.0,0,0,0,36.829310938279534,0.0,0.0,0.0,1,0,0.0,0.0
KMG,2024-08-26,2024,3,8,35,operasional,train,0.0,0.0,0.0,0,0,0,36.829310938279534,0.0,0.0,0.0,0,1,0.0,0.0
KMG,2024-09-02,2024,3,9,36,operasional,train,0.0,0.0,0.0,0,0,0,36.829310938279534,0.0,0.0,0.0,1,0,0.0,0.0
KMG,2024-09-09,2024,3,9,37,operasional,train,0.0,0.0,0.0,0,0,0,36.829310938279534,0.0,0.0,0.0,0,0,0.0,0.0
KMG,2024-09-16,2024,3,9,38,operasional,train,0.0,0.0,0.0,0,0,0,36.829310938279534,0.0,0.0,0.0,1,0,0.0,0.0
KMG,2024-09-23,2024,3,9,39,operasional,train,0.0,0.0,0.0,0,0,0,36.829310938279534,0.0,0.0,0.0,1,0,0.0,0.0
KMG,2024-09-30,2024,3,9,40,operasional,train,0.0,0.0,0.0,0,0,0,36.829310938279534,0.0,0.0,0.0,0,1,0.0,0.0
KMG,2024-10-07,2024,4,10,41,operasional,train,0.0,0.0,0.0,0,0,0,36.829310938279534,0.0,0.0,0.0,1,0,0.0,0.0
KMG,2024-10-14,2024,4,10,42,operasional,train,0.0,0.0,0.0,0,0,0,36.829310938279534,0.0,0.0,0.0,0,0,0.0,0.0
KMG,2024-10-21,2024,4,10,43,tidak_tercatat,train,,,,0,0,0,36.829310938279534,,,,0,0,,
KMG,2024-10-28,2024,4,10,44,tidak_tercatat,train,,,,0,0,0,36.829310938279534,,,,0,0,,
KMG,2024-11-04,2024,4,11,45,tidak_tercatat,train,,,,0,0,0,36.829310938279534,,,,0,0,,
KMG,2024-11-11,2024,4,11,46,tidak_tercatat,train,,,,0,0,0,36.829310938279534,,,,0,0,,
KMG,2024-11-18,2024,4,11,47,tidak_tercatat,train,,,,0,0,0,36.829310938279534,,,,0,0,,
KMG,2024-11-25,2024,4,11,48,tidak_tercatat,train,,,,0,0,0,36.829310938279534,,,,0,0,,
KMG,2024-12-02,2024,4,12,49,tidak_tercatat,train,,,,0,0,0,36.829310938279534,,,,0,0,,
KMG,2024-12-09,2024,4,12,50,tidak_tercatat,train,,,,0,0,0,36.829310938279534,,,,0,0,,
KMG,2024-12-16,2024,4,12,51,tidak_tercatat,train,,,,0,0,0,36.829310938279534,,,,0,0,,
KMG,2024-12-23,2024,4,12,52,tidak_tercatat,train,,,,0,0,0,36.829310938279534,,,,0,0,,
KMG,2024-12-30,2024,4,12,1,tidak_tercatat,train,,,,0,0,0,36.829310938279534,,,,0,0,,
KMG,2025-01-06,2025,1,1,2,tidak_tercatat,train,,,,0,0,0,36.829310938279534,,,,0,0,,
KMG,2025-01-13,2025,1,1,3,tidak_tercatat,train,,,,0,0,0,36.829310938279534,,,,0,0,,
KMG,2025-01-20,2025,1,1,4,tidak_tercatat,train,,,,0,0,0,36.829310938279534,,,,0,0,,
KMG,2025-01-27,2025,1,1,5,operasional,train,0.0,0.0,0.0,0,0,0,36.829310938279534,0.0,0.0,0.0,0,0,0.0,0.0
KMG,2025-02-03,2025,1,2,6,operasional,train,3.0,3.0,1.3862943611198906,0,0,0,36.829310938279534,3000.0,1.0,1.0,0,0,0.0,0.0
KMG,2025-02-10,2025,1,2,7,operasional,train,0.0,0.0,0.0,0,0,0,36.829310938279534,0.0,0.0,0.0,0,0,0.0,0.0
KMG,2025-02-17,2025,1,2,8,operasional,train,0.0,0.0,0.0,0,0,0,36.829310938279534,0.0,0.0,0.0,0,0,0.0,0.0
KMG,2025-02-24,2025,1,2,9,operasional,train,0.0,0.0,0.0,0,0,0,36.829310938279534,0.0,0.0,0.0,0,0,0.0,0.0
KMG,2025-03-03,2025,1,3,10,tidak_tercatat,train,,,,0,0,0,36.829310938279534,,,,0,0,,
KMG,2025-03-10,2025,1,3,11,tidak_tercatat,train,,,,0,0,0,36.829310938279534,,,,0,0,,
KMG,2025-03-17,2025,1,3,12,tidak_tercatat,train,,,,0,0,0,36.829310938279534,,,,0,0,,
KMG,2025-03-24,2025,1,3,13,tidak_tercatat,train,,,,0,0,0,36.829310938279534,,,,0,0,,
KMG,2025-03-31,2025,1,3,14,tidak_tercatat,train,,,,0,0,0,36.829310938279534,,,,0,0,,
KMG,2025-04-07,2025,2,4,15,tidak_tercatat,train,,,,0,0,0,36.829310938279534,,,,0,0,,
KMG,2025-04-14,2025,2,4,16,operasional,train,0.0,0.0,0.0,0,0,0,36.829310938279534,0.0,0.0,0.0,0,0,0.0,0.0
KMG,2025-04-21,2025,2,4,17,operasional,train,0.0,0.0,0.0,0,0,0,36.829310938279534,0.0,0.0,0.0,0,0,0.0,0.0
KMG,2025-04-28,2025,2,4,18,operasional,train,0.0,0.0,0.0,0,0,0,36.829310938279534,0.0,0.0,0.0,0,0,0.0,0.0
KMG,2025-05-05,2025,2,5,19,operasional,train,0.0,0.0,0.0,0,0,0,36.829310938279534,0.0,0.0,0.0,0,0,0.0,0.0
KMG,2025-05-12,2025,2,5,20,operasional,train,0.0,0.0,0.0,0,0,0,36.829310938279534,0.0,0.0,0.0,0,0,0.0,0.0
KMG,2025-05-19,2025,2,5,21,operasional,train,0.0,0.0,0.0,0,0,0,36.829310938279534,0.0,0.0,0.0,0,0,0.0,0.0
KMG,2025-05-26,2025,2,5,22,operasional,train,0.0,0.0,0.0,0,0,0,36.829310938279534,0.0,0.0,0.0,0,0,0.0,0.0
KMG,2025-06-02,2025,2,6,23,operasional,train,0.0,0.0,0.0,0,0,0,36.829310938279534,0.0,0.0,0.0,0,0,0.0,0.0
KMG,2025-06-09,2025,2,6,24,operasional,train,0.0,0.0,0.0,0,0,0,36.829310938279534,0.0,0.0,0.0,1,1,0.0,0.0
KMG,2025-06-16,2025,2,6,25,operasional,train,0.0,0.0,0.0,0,0,0,36.829310938279534,0.0,0.0,0.0,0,0,0.0,0.0
KMG,2025-06-23,2025,2,6,26,operasional,train,0.0,0.0,0.0,0,0,0,36.829310938279534,0.0,0.0,0.0,1,1,0.0,0.0
KMG,2025-06-30,2025,2,6,27,operasional,train,0.0,0.0,0.0,0,0,0,36.829310938279534,0.0,0.0,0.0,0,0,0.0,0.0
KMG,2025-07-07,2025,3,7,28,operasional,train,0.0,0.0,0.0,0,0,0,36.829310938279534,0.0,0.0,0.0,0,0,0.0,0.0
KMG,2025-07-14,2025,3,7,29,operasional,train,0.0,0.0,0.0,0,0,0,36.829310938279534,0.0,0.0,0.0,0,0,0.0,0.0
KMG,2025-07-21,2025,3,7,30,operasional,train,0.0,0.0,0.0,0,0,0,36.829310938279534,0.0,0.0,0.0,0,0,0.0,0.0
KMG,2025-07-28,2025,3,7,31,operasional,train,0.0,0.0,0.0,0,0,0,36.829310938279534,0.0,0.0,0.0,0,0,0.0,0.0
KMG,2025-08-04,2025,3,8,32,operasional,train,0.0,0.0,0.0,0,0,0,36.829310938279534,0.0,0.0,0.0,0,0,0.0,0.0
KMG,2025-08-11,2025,3,8,33,operasional,train,0.0,0.0,0.0,0,0,0,36.829310938279534,0.0,0.0,0.0,1,0,0.0,0.0
KMG,2025-08-18,2025,3,8,34,operasional,train,0.0,0.0,0.0,0,0,0,36.829310938279534,0.0,0.0,0.0,0,0,0.0,0.0
KMG,2025-08-25,2025,3,8,35,operasional,train,0.0,0.0,0.0,0,0,0,36.829310938279534,0.0,0.0,0.0,0,0,0.0,0.0
KMG,2025-09-01,2025,3,9,36,operasional,train,0.0,0.0,0.0,0,0,0,36.829310938279534,0.0,0.0,0.0,0,0,0.0,0.0
KMG,2025-09-08,2025,3,9,37,operasional,train,0.0,0.0,0.0,0,0,0,36.829310938279534,0.0,0.0,0.0,0,0,0.0,0.0
KMG,2025-09-15,2025,3,9,38,operasional,train,0.0,0.0,0.0,0,0,0,36.829310938279534,0.0,0.0,0.0,0,0,0.0,0.0
KMG,2025-09-22,2025,3,9,39,operasional,train,0.0,0.0,0.0,0,0,0,36.829310938279534,0.0,0.0,0.0,0,1,0.0,0.0
KMG,2025-09-29,2025,3,9,40,operasional,train,0.0,0.0,0.0,0,0,0,36.829310938279534,0.0,0.0,0.0,0,0,0.0,0.0
KMG,2025-10-06,2025,4,10,41,operasional,train,0.0,0.0,0.0,0,0,0,36.829310938279534,0.0,0.0,0.0,0,0,0.0,0.0
KMG,2025-10-13,2025,4,10,42,operasional,train,0.0,0.0,0.0,0,0,0,36.829310938279534,0.0,0.0,0.0,0,0,0.0,0.0
KMG,2025-10-20,2025,4,10,43,operasional,train,0.0,0.0,0.0,0,0,0,36.829310938279534,0.0,0.0,0.0,0,0,0.0,0.0
KMG,2025-10-27,2025,4,10,44,operasional,train,0.0,0.0,0.0,0,0,0,36.829310938279534,0.0,0.0,0.0,0,0,0.0,0.0
KMG,2025-11-03,2025,4,11,45,operasional,train,0.0,0.0,0.0,0,0,0,36.829310938279534,0.0,0.0,0.0,0,0,0.0,0.0
KMG,2025-11-10,2025,4,11,46,operasional,train,0.0,0.0,0.0,0,0,0,36.829310938279534,0.0,0.0,0.0,0,0,0.0,0.0
KMG,2025-11-17,2025,4,11,47,operasional,train,0.0,0.0,0.0,0,0,0,36.829310938279534,0.0,0.0,0.0,0,0,0.0,0.0
KMG,2025-11-24,2025,4,11,48,operasional,train,0.0,0.0,0.0,0,0,0,36.829310938279534,0.0,0.0,0.0,0,0,0.0,0.0
KMG,2025-12-01,2025,4,12,49,operasional,train,0.0,0.0,0.0,0,0,0,36.829310938279534,0.0,0.0,0.0,1,0,0.0,0.0
KMG,2025-12-08,2025,4,12,50,operasional,train,0.0,0.0,0.0,0,0,0,36.829310938279534,0.0,0.0,0.0,0,0,0.0,0.0
KMG,2025-12-15,2025,4,12,51,operasional,train,0.0,0.0,0.0,0,0,0,36.829310938279534,0.0,0.0,0.0,0,0,0.0,0.0
KMG,2025-12-22,2025,4,12,52,operasional,train,0.0,0.0,0.0,0,0,0,36.829310938279534,0.0,0.0,0.0,0,0,0.0,0.0
KMG,2025-12-29,2025,4,12,1,operasional,train,0.0,0.0,0.0,0,0,0,36.829310938279534,0.0,0.0,0.0,0,0,0.0,0.0
KMG,2026-01-05,2026,1,1,2,operasional,train,0.0,0.0,0.0,0,0,0,36.829310938279534,0.0,0.0,0.0,0,0,0.0,0.0
KMG,2026-01-12,2026,1,1,3,operasional,train,0.0,0.0,0.0,0,0,0,36.829310938279534,0.0,0.0,0.0,0,0,0.0,0.0
KMG,2026-01-19,2026,1,1,4,operasional,train,0.0,0.0,0.0,0,0,0,36.829310938279534,0.0,0.0,0.0,0,0,0.0,0.0
KMG,2026-01-26,2026,1,1,5,operasional,train,0.0,0.0,0.0,0,0,0,36.829310938279534,0.0,0.0,0.0,0,0,0.0,0.0
KMG,2026-02-02,2026,1,2,6,operasional,train,0.0,0.0,0.0,0,0,0,36.829310938279534,0.0,0.0,0.0,1,0,0.0,0.0
KMG,2026-02-09,2026,1,2,7,operasional,train,0.0,0.0,0.0,0,0,0,36.829310938279534,0.0,0.0,0.0,0,0,0.0,0.0
KMG,2026-02-16,2026,1,2,8,operasional,train,0.0,0.0,0.0,0,0,0,36.829310938279534,0.0,0.0,0.0,0,0,0.0,0.0
KMG,2026-02-23,2026,1,2,9,operasional,train,0.0,0.0,0.0,0,0,0,36.829310938279534,0.0,0.0,0.0,0,0,0.0,0.0
KMG,2026-03-02,2026,1,3,10,operasional,train,0.0,0.0,0.0,0,0,0,36.829310938279534,0.0,0.0,0.0,0,0,0.0,0.0
KMG,2026-03-09,2026,1,3,11,operasional,train,0.0,0.0,0.0,0,0,0,36.829310938279534,0.0,0.0,0.0,0,0,0.0,0.0
KMG,2026-03-16,2026,1,3,12,operasional,train,0.0,0.0,0.0,0,0,0,36.829310938279534,0.0,0.0,0.0,1,0,0.0,0.0
KMG,2026-03-23,2026,1,3,13,operasional,train,0.0,0.0,0.0,0,0,0,36.829310938279534,0.0,0.0,0.0,0,0,0.0,0.0
KMG,2026-03-30,2026,1,3,14,operasional,train,0.0,0.0,0.0,0,0,0,36.829310938279534,0.0,0.0,0.0,1,0,0.0,0.0
KMG,2026-04-06,2026,2,4,15,operasional,test,0.0,0.0,0.0,0,0,0,36.829310938279534,0.0,0.0,0.0,0,0,0.0,0.0
KMG,2026-04-13,2026,2,4,16,operasional,test,0.0,0.0,0.0,0,0,0,36.829310938279534,0.0,0.0,0.0,0,1,0.0,0.0
KMG,2026-04-20,2026,2,4,17,operasional,test,0.0,0.0,0.0,0,0,0,36.829310938279534,0.0,0.0,0.0,0,0,0.0,0.0
KMG,2026-04-27,2026,2,4,18,operasional,test,0.0,0.0,0.0,0,0,0,36.829310938279534,0.0,0.0,0.0,0,0,0.0,0.0
KMG,2026-05-04,2026,2,5,19,operasional,test,4.0,4.0,1.6094379124341003,0,0,0,36.829310938279534,4000.0,1.0,1.0,1,0,24.0,1.0
KMG,2026-05-11,2026,2,5,20,operasional,test,0.0,0.0,0.0,0,0,0,36.829310938279534,0.0,0.0,0.0,0,1,0.0,0.0
KMG,2026-05-18,2026,2,5,21,operasional,test,0.0,0.0,0.0,0,0,0,36.829310938279534,0.0,0.0,0.0,0,0,0.0,0.0
KMG,2026-05-25,2026,2,5,22,operasional,test,0.0,0.0,0.0,0,0,0,36.829310938279534,0.0,0.0,0.0,0,0,0.0,0.0
KMG,2026-06-01,2026,2,6,23,operasional,test,0.0,0.0,0.0,0,0,0,36.829310938279534,0.0,0.0,0.0,0,0,0.0,0.0
KMG,2026-06-08,2026,2,6,24,operasional,test,0.0,0.0,0.0,0,0,0,36.829310938279534,0.0,0.0,0.0,0,0,0.0,0.0
KMG,2026-06-15,2026,2,6,25,operasional,test,0.0,0.0,0.0,0,0,0,36.829310938279534,0.0,0.0,0.0,0,0,0.0,0.0
KMG,2026-06-22,2026,2,6,26,operasional,test,6.0,6.0,1.9459101490553132,0,0,0,36.829310938279534,6000.0,1.0,1.0,1,0,0.0,0.0
KMG,2026-06-29,2026,2,6,27,operasional,test,0.0,0.0,0.0,0,0,0,36.829310938279534,0.0,0.0,0.0,0,1,0.0,0.0
KMG,2026-07-06,2026,3,7,28,operasional,test,0.0,0.0,0.0,0,0,0,36.829310938279534,0.0,0.0,0.0,0,0,0.0,0.0
KMG,2026-07-13,2026,3,7,29,operasional,test,0.0,0.0,0.0,0,0,0,36.829310938279534,0.0,0.0,0.0,0,0,0.0,0.0
KMG,2026-07-20,2026,3,7,30,operasional,test,0.0,0.0,0.0,0,0,0,36.829310938279534,0.0,0.0,0.0,1,1,0.0,0.0
KMG,2026-07-27,2026,3,7,31,operasional,test,0.0,0.0,0.0,0,0,0,36.829310938279534,0.0,0.0,0.0,0,0,0.0,0.0
KMG,2026-08-03,2026,3,8,32,operasional,test,0.0,0.0,0.0,0,0,0,36.829310938279534,0.0,0.0,0.0,0,0,0.0,0.0
KMG,2026-08-10,2026,3,8,33,operasional,test,0.0,0.0,0.0,0,0,0,36.829310938279534,0.0,0.0,0.0,0,1,0.0,0.0
KMG,2026-08-17,2026,3,8,34,operasional,test,0.0,0.0,0.0,0,0,0,36.829310938279534,0.0,0.0,0.0,0,1,0.0,0.0
KMG,2026-08-24,2026,3,8,35,operasional,test,8.0,8.0,2.1972245773362196,0,0,0,36.829310938279534,8000.0,1.0,1.0,1,0,0.0,0.0
KMG,2026-08-31,2026,3,8,36,operasional,test,0.0,0.0,0.0,0,0,0,36.829310938279534,0.0,0.0,0.0,0,1,0.0,0.0
KMG,2026-09-07,2026,3,9,37,operasional,test,0.0,0.0,0.0,0,0,0,36.829310938279534,0.0,0.0,0.0,0,0,0.0,0.0
KMG,2026-09-14,2026,3,9,38,operasional,test,0.0,0.0,0.0,0,0,0,36.829310938279534,0.0,0.0,0.0,1,1,0.0,0.0
KMG,2026-09-21,2026,3,9,39,operasional,test,0.0,0.0,0.0,0,0,0,36.829310938279534,0.0,0.0,0.0,0,0,0.0,0.0
KNK,2024-01-01,2024,1,1,1,sebelum_produk_dijual,train,,,,0,0,0,16.99814350997517,,,,1,0,,
KNK,2024-01-08,2024,1,1,2,sebelum_produk_dijual,train,,,,0,0,0,16.99814350997517,,,,1,0,,
KNK,2024-01-15,2024,1,1,3,sebelum_produk_dijual,train,,,,0,0,0,16.99814350997517,,,,0,0,,
KNK,2024-01-22,2024,1,1,4,sebelum_produk_dijual,train,,,,0,0,0,16.99814350997517,,,,0,0,,
KNK,2024-01-29,2024,1,1,5,sebelum_produk_dijual,train,,,,0,0,0,16.99814350997517,,,,0,0,,
KNK,2024-02-05,2024,1,2,6,sebelum_produk_dijual,train,,,,0,0,0,16.99814350997517,,,,1,0,,
KNK,2024-02-12,2024,1,2,7,sebelum_produk_dijual,train,,,,0,0,0,16.99814350997517,,,,1,0,,
KNK,2024-02-19,2024,1,2,8,sebelum_produk_dijual,train,,,,0,0,0,16.99814350997517,,,,0,0,,
KNK,2024-02-26,2024,1,2,9,sebelum_produk_dijual,train,,,,0,0,0,16.99814350997517,,,,1,0,,
KNK,2024-03-04,2024,1,3,10,sebelum_produk_dijual,train,,,,0,0,0,16.99814350997517,,,,0,0,,
KNK,2024-03-11,2024,1,3,11,sebelum_produk_dijual,train,,,,0,0,0,16.99814350997517,,,,1,0,,
KNK,2024-03-18,2024,1,3,12,sebelum_produk_dijual,train,,,,0,0,0,16.99814350997517,,,,1,0,,
KNK,2024-03-25,2024,1,3,13,sebelum_produk_dijual,train,,,,0,0,0,16.99814350997517,,,,0,1,,
KNK,2024-04-01,2024,2,4,14,sebelum_produk_dijual,train,,,,0,0,0,16.99814350997517,,,,1,0,,
KNK,2024-04-08,2024,2,4,15,sebelum_produk_dijual,train,,,,0,0,0,16.99814350997517,,,,0,0,,
KNK,2024-04-15,2024,2,4,16,sebelum_produk_dijual,train,,,,0,0,0,16.99814350997517,,,,1,0,,
KNK,2024-04-22,2024,2,4,17,sebelum_produk_dijual,train,,,,0,0,0,16.99814350997517,,,,1,0,,
KNK,2024-04-29,2024,2,4,18,sebelum_produk_dijual,train,,,,0,0,0,16.99814350997517,,,,0,1,,
KNK,2024-05-06,2024,2,5,19,sebelum_produk_dijual,train,,,,0,0,0,16.99814350997517,,,,1,0,,
KNK,2024-05-13,2024,2,5,20,sebelum_produk_dijual,train,,,,0,0,0,16.99814350997517,,,,0,0,,
KNK,2024-05-20,2024,2,5,21,sebelum_produk_dijual,train,,,,0,0,0,16.99814350997517,,,,0,1,,
KNK,2024-05-27,2024,2,5,22,sebelum_produk_dijual,train,,,,0,0,0,16.99814350997517,,,,0,0,,
KNK,2024-06-03,2024,2,6,23,sebelum_produk_dijual,train,,,,0,0,0,16.99814350997517,,,,0,1,,
KNK,2024-06-10,2024,2,6,24,sebelum_produk_dijual,train,,,,0,0,0,16.99814350997517,,,,0,1,,
KNK,2024-06-17,2024,2,6,25,sebelum_produk_dijual,train,,,,0,0,0,16.99814350997517,,,,1,1,,
KNK,2024-06-24,2024,2,6,26,sebelum_produk_dijual,train,,,,0,0,0,16.99814350997517,,,,1,1,,
KNK,2024-07-01,2024,3,7,27,sebelum_produk_dijual,train,,,,0,0,0,16.99814350997517,,,,0,1,,
KNK,2024-07-08,2024,3,7,28,sebelum_produk_dijual,train,,,,0,0,0,16.99814350997517,,,,0,0,,
KNK,2024-07-15,2024,3,7,29,sebelum_produk_dijual,train,,,,0,0,0,16.99814350997517,,,,0,1,,
KNK,2024-07-22,2024,3,7,30,sebelum_produk_dijual,train,,,,0,0,0,16.99814350997517,,,,0,0,,
KNK,2024-07-29,2024,3,7,31,sebelum_produk_dijual,train,,,,0,0,0,16.99814350997517,,,,1,0,,
KNK,2024-08-05,2024,3,8,32,sebelum_produk_dijual,train,,,,0,0,0,16.99814350997517,,,,0,0,,
KNK,2024-08-12,2024,3,8,33,sebelum_produk_dijual,train,,,,0,0,0,16.99814350997517,,,,1,0,,
KNK,2024-08-19,2024,3,8,34,sebelum_produk_dijual,train,,,,0,0,0,16.99814350997517,,,,1,0,,
KNK,2024-08-26,2024,3,8,35,sebelum_produk_dijual,train,,,,0,0,0,16.99814350997517,,,,0,1,,
KNK,2024-09-02,2024,3,9,36,sebelum_produk_dijual,train,,,,0,0,0,16.99814350997517,,,,1,0,,
KNK,2024-09-09,2024,3,9,37,sebelum_produk_dijual,train,,,,0,0,0,16.99814350997517,,,,0,0,,
KNK,2024-09-16,2024,3,9,38,sebelum_produk_dijual,train,,,,0,0,0,16.99814350997517,,,,1,0,,
KNK,2024-09-23,2024,3,9,39,sebelum_produk_dijual,train,,,,0,0,0,16.99814350997517,,,,1,0,,
KNK,2024-09-30,2024,3,9,40,sebelum_produk_dijual,train,,,,0,0,0,16.99814350997517,,,,0,1,,
KNK,2024-10-07,2024,4,10,41,sebelum_produk_dijual,train,,,,0,0,0,16.99814350997517,,,,1,0,,
KNK,2024-10-14,2024,4,10,42,sebelum_produk_dijual,train,,,,0,0,0,16.99814350997517,,,,0,0,,
KNK,2024-10-21,2024,4,10,43,tidak_tercatat,train,,,,0,0,0,16.99814350997517,,,,0,0,,
KNK,2024-10-28,2024,4,10,44,tidak_tercatat,train,,,,0,0,0,16.99814350997517,,,,0,0,,
KNK,2024-11-04,2024,4,11,45,tidak_tercatat,train,,,,0,0,0,16.99814350997517,,,,0,0,,
KNK,2024-11-11,2024,4,11,46,tidak_tercatat,train,,,,0,0,0,16.99814350997517,,,,0,0,,
KNK,2024-11-18,2024,4,11,47,tidak_tercatat,train,,,,0,0,0,16.99814350997517,,,,0,0,,
KNK,2024-11-25,2024,4,11,48,tidak_tercatat,train,,,,0,0,0,16.99814350997517,,,,0,0,,
KNK,2024-12-02,2024,4,12,49,tidak_tercatat,train,,,,0,0,0,16.99814350997517,,,,0,0,,
KNK,2024-12-09,2024,4,12,50,tidak_tercatat,train,,,,0,0,0,16.99814350997517,,,,0,0,,
KNK,2024-12-16,2024,4,12,51,tidak_tercatat,train,,,,0,0,0,16.99814350997517,,,,0,0,,
KNK,2024-12-23,2024,4,12,52,tidak_tercatat,train,,,,0,0,0,16.99814350997517,,,,0,0,,
KNK,2024-12-30,2024,4,12,1,tidak_tercatat,train,,,,0,0,0,16.99814350997517,,,,0,0,,
KNK,2025-01-06,2025,1,1,2,tidak_tercatat,train,,,,0,0,0,16.99814350997517,,,,0,0,,
KNK,2025-01-13,2025,1,1,3,tidak_tercatat,train,,,,0,0,0,16.99814350997517,,,,0,0,,
KNK,2025-01-20,2025,1,1,4,tidak_tercatat,train,,,,0,0,0,16.99814350997517,,,,0,0,,
KNK,2025-01-27,2025,1,1,5,sebelum_produk_dijual,train,,,,0,0,0,16.99814350997517,,,,0,0,,
KNK,2025-02-03,2025,1,2,6,operasional,train,2.0,2.0,1.0986122886681096,0,0,0,16.99814350997517,5000.0,1.0,1.0,0,0,3.0,1.0
KNK,2025-02-10,2025,1,2,7,operasional,train,0.0,0.0,0.0,0,0,0,16.99814350997517,0.0,0.0,0.0,0,0,0.0,0.0
KNK,2025-02-17,2025,1,2,8,operasional,train,0.0,0.0,0.0,0,0,0,16.99814350997517,0.0,0.0,0.0,0,0,0.0,0.0
KNK,2025-02-24,2025,1,2,9,operasional,train,0.0,0.0,0.0,0,0,0,16.99814350997517,0.0,0.0,0.0,0,0,0.0,0.0
KNK,2025-03-03,2025,1,3,10,tidak_tercatat,train,,,,0,0,0,16.99814350997517,,,,0,0,,
KNK,2025-03-10,2025,1,3,11,tidak_tercatat,train,,,,0,0,0,16.99814350997517,,,,0,0,,
KNK,2025-03-17,2025,1,3,12,tidak_tercatat,train,,,,0,0,0,16.99814350997517,,,,0,0,,
KNK,2025-03-24,2025,1,3,13,tidak_tercatat,train,,,,0,0,0,16.99814350997517,,,,0,0,,
KNK,2025-03-31,2025,1,3,14,tidak_tercatat,train,,,,0,0,0,16.99814350997517,,,,0,0,,
KNK,2025-04-07,2025,2,4,15,tidak_tercatat,train,,,,0,0,0,16.99814350997517,,,,0,0,,
KNK,2025-04-14,2025,2,4,16,operasional,train,0.0,0.0,0.0,0,0,0,16.99814350997517,0.0,0.0,0.0,0,0,0.0,0.0
KNK,2025-04-21,2025,2,4,17,operasional,train,0.0,0.0,0.0,0,0,0,16.99814350997517,0.0,0.0,0.0,0,0,0.0,0.0
KNK,2025-04-28,2025,2,4,18,operasional,train,0.0,0.0,0.0,0,0,0,16.99814350997517,0.0,0.0,0.0,0,0,0.0,0.0
KNK,2025-05-05,2025,2,5,19,operasional,train,0.0,0.0,0.0,0,0,0,16.99814350997517,0.0,0.0,0.0,0,0,0.0,0.0
KNK,2025-05-12,2025,2,5,20,operasional,train,0.0,0.0,0.0,0,0,0,16.99814350997517,0.0,0.0,0.0,0,0,0.0,0.0
KNK,2025-05-19,2025,2,5,21,operasional,train,0.0,0.0,0.0,0,0,0,16.99814350997517,0.0,0.0,0.0,0,0,0.0,0.0
KNK,2025-05-26,2025,2,5,22,operasional,train,0.0,0.0,0.0,0,0,0,16.99814350997517,0.0,0.0,0.0,0,0,0.0,0.0
KNK,2025-06-02,2025,2,6,23,operasional,train,4.0,4.0,1.6094379124341003,0,0,0,16.99814350997517,10000.0,1.0,1.0,0,0,4.0,1.0
KNK,2025-06-09,2025,2,6,24,operasional,train,0.0,0.0,0.0,0,0,0,16.99814350997517,0.0,0.0,0.0,1,1,0.0,0.0
KNK,2025-06-16,2025,2,6,25,operasional,train,0.0,0.0,0.0,0,0,0,16.99814350997517,0.0,0.0,0.0,0,0,0.0,0.0
KNK,2025-06-23,2025,2,6,26,operasional,train,0.0,0.0,0.0,0,0,0,16.99814350997517,0.0,0.0,0.0,1,1,0.0,0.0
KNK,2025-06-30,2025,2,6,27,operasional,train,0.0,0.0,0.0,0,0,0,16.99814350997517,0.0,0.0,0.0,0,0,0.0,0.0
KNK,2025-07-07,2025,3,7,28,operasional,train,0.0,0.0,0.0,0,0,0,16.99814350997517,0.0,0.0,0.0,0,0,0.0,0.0
KNK,2025-07-14,2025,3,7,29,operasional,train,0.0,0.0,0.0,0,0,0,16.99814350997517,0.0,0.0,0.0,0,0,0.0,0.0
KNK,2025-07-21,2025,3,7,30,operasional,train,0.0,0.0,0.0,0,0,0,16.99814350997517,0.0,0.0,0.0,0,0,0.0,0.0
KNK,2025-07-28,2025,3,7,31,operasional,train,0.0,0.0,0.0,0,0,0,16.99814350997517,0.0,0.0,0.0,0,0,0.0,0.0
KNK,2025-08-04,2025,3,8,32,operasional,train,0.0,0.0,0.0,0,0,0,16.99814350997517,0.0,0.0,0.0,0,0,0.0,0.0
KNK,2025-08-11,2025,3,8,33,operasional,train,0.0,0.0,0.0,0,0,0,16.99814350997517,0.0,0.0,0.0,1,0,0.0,0.0
KNK,2025-08-18,2025,3,8,34,operasional,train,0.0,0.0,0.0,0,0,0,16.99814350997517,0.0,0.0,0.0,0,0,0.0,0.0
KNK,2025-08-25,2025,3,8,35,operasional,train,0.0,0.0,0.0,0,0,0,16.99814350997517,0.0,0.0,0.0,0,0,0.0,0.0
KNK,2025-09-01,2025,3,9,36,operasional,train,0.0,0.0,0.0,0,0,0,16.99814350997517,0.0,0.0,0.0,0,0,0.0,0.0
KNK,2025-09-08,2025,3,9,37,operasional,train,0.0,0.0,0.0,0,0,0,16.99814350997517,0.0,0.0,0.0,0,0,0.0,0.0
KNK,2025-09-15,2025,3,9,38,operasional,train,0.0,0.0,0.0,0,0,0,16.99814350997517,0.0,0.0,0.0,0,0,0.0,0.0
KNK,2025-09-22,2025,3,9,39,operasional,train,0.0,0.0,0.0,0,0,0,16.99814350997517,0.0,0.0,0.0,0,1,0.0,0.0
KNK,2025-09-29,2025,3,9,40,operasional,train,0.0,0.0,0.0,0,0,0,16.99814350997517,0.0,0.0,0.0,0,0,0.0,0.0
KNK,2025-10-06,2025,4,10,41,operasional,train,0.0,0.0,0.0,0,0,0,16.99814350997517,0.0,0.0,0.0,0,0,0.0,0.0
KNK,2025-10-13,2025,4,10,42,operasional,train,0.0,0.0,0.0,0,0,0,16.99814350997517,0.0,0.0,0.0,0,0,0.0,0.0
KNK,2025-10-20,2025,4,10,43,operasional,train,0.0,0.0,0.0,0,0,0,16.99814350997517,0.0,0.0,0.0,0,0,0.0,0.0
KNK,2025-10-27,2025,4,10,44,operasional,train,0.0,0.0,0.0,0,0,0,16.99814350997517,0.0,0.0,0.0,0,0,0.0,0.0
KNK,2025-11-03,2025,4,11,45,operasional,train,0.0,0.0,0.0,0,0,0,16.99814350997517,0.0,0.0,0.0,0,0,0.0,0.0
KNK,2025-11-10,2025,4,11,46,operasional,train,0.0,0.0,0.0,0,0,0,16.99814350997517,0.0,0.0,0.0,0,0,0.0,0.0
KNK,2025-11-17,2025,4,11,47,operasional,train,0.0,0.0,0.0,0,0,0,16.99814350997517,0.0,0.0,0.0,0,0,0.0,0.0
KNK,2025-11-24,2025,4,11,48,operasional,train,0.0,0.0,0.0,0,0,0,16.99814350997517,0.0,0.0,0.0,0,0,0.0,0.0
KNK,2025-12-01,2025,4,12,49,operasional,train,0.0,0.0,0.0,0,0,0,16.99814350997517,0.0,0.0,0.0,1,0,0.0,0.0
KNK,2025-12-08,2025,4,12,50,operasional,train,0.0,0.0,0.0,0,0,0,16.99814350997517,0.0,0.0,0.0,0,0,0.0,0.0
KNK,2025-12-15,2025,4,12,51,operasional,train,0.0,0.0,0.0,0,0,0,16.99814350997517,0.0,0.0,0.0,0,0,0.0,0.0
KNK,2025-12-22,2025,4,12,52,operasional,train,0.0,0.0,0.0,0,0,0,16.99814350997517,0.0,0.0,0.0,0,0,0.0,0.0
KNK,2025-12-29,2025,4,12,1,operasional,train,0.0,0.0,0.0,0,0,0,16.99814350997517,0.0,0.0,0.0,0,0,0.0,0.0
KNK,2026-01-05,2026,1,1,2,operasional,train,0.0,0.0,0.0,0,0,0,16.99814350997517,0.0,0.0,0.0,0,0,0.0,0.0
KNK,2026-01-12,2026,1,1,3,operasional,train,0.0,0.0,0.0,0,0,0,16.99814350997517,0.0,0.0,0.0,0,0,0.0,0.0
KNK,2026-01-19,2026,1,1,4,operasional,train,0.0,0.0,0.0,0,0,0,16.99814350997517,0.0,0.0,0.0,0,0,0.0,0.0
KNK,2026-01-26,2026,1,1,5,operasional,train,0.0,0.0,0.0,0,0,0,16.99814350997517,0.0,0.0,0.0,0,0,0.0,0.0
KNK,2026-02-02,2026,1,2,6,operasional,train,0.0,0.0,0.0,0,0,0,16.99814350997517,0.0,0.0,0.0,1,0,0.0,0.0
KNK,2026-02-09,2026,1,2,7,operasional,train,0.0,0.0,0.0,0,0,0,16.99814350997517,0.0,0.0,0.0,0,0,0.0,0.0
KNK,2026-02-16,2026,1,2,8,operasional,train,0.0,0.0,0.0,0,0,0,16.99814350997517,0.0,0.0,0.0,0,0,0.0,0.0
KNK,2026-02-23,2026,1,2,9,operasional,train,0.0,0.0,0.0,0,0,0,16.99814350997517,0.0,0.0,0.0,0,0,0.0,0.0
KNK,2026-03-02,2026,1,3,10,operasional,train,0.0,0.0,0.0,0,0,0,16.99814350997517,0.0,0.0,0.0,0,0,0.0,0.0
KNK,2026-03-09,2026,1,3,11,operasional,train,0.0,0.0,0.0,0,0,0,16.99814350997517,0.0,0.0,0.0,0,0,0.0,0.0
KNK,2026-03-16,2026,1,3,12,operasional,train,0.0,0.0,0.0,0,0,0,16.99814350997517,0.0,0.0,0.0,1,0,0.0,0.0
KNK,2026-03-23,2026,1,3,13,operasional,train,0.0,0.0,0.0,0,0,0,16.99814350997517,0.0,0.0,0.0,0,0,0.0,0.0
KNK,2026-03-30,2026,1,3,14,operasional,train,0.0,0.0,0.0,0,0,0,16.99814350997517,0.0,0.0,0.0,1,0,0.0,0.0
KNK,2026-04-06,2026,2,4,15,operasional,test,0.0,0.0,0.0,0,0,0,16.99814350997517,0.0,0.0,0.0,0,0,0.0,0.0
KNK,2026-04-13,2026,2,4,16,operasional,test,0.0,0.0,0.0,0,0,0,16.99814350997517,0.0,0.0,0.0,0,1,0.0,0.0
KNK,2026-04-20,2026,2,4,17,operasional,test,0.0,0.0,0.0,0,0,0,16.99814350997517,0.0,0.0,0.0,0,0,0.0,0.0
KNK,2026-04-27,2026,2,4,18,operasional,test,0.0,0.0,0.0,0,0,0,16.99814350997517,0.0,0.0,0.0,0,0,0.0,0.0
KNK,2026-05-04,2026,2,5,19,operasional,test,0.0,0.0,0.0,0,0,0,16.99814350997517,0.0,0.0,0.0,1,0,0.0,0.0
KNK,2026-05-11,2026,2,5,20,operasional,test,0.0,0.0,0.0,0,0,0,16.99814350997517,0.0,0.0,0.0,0,1,0.0,0.0
KNK,2026-05-18,2026,2,5,21,operasional,test,0.0,0.0,0.0,0,0,0,16.99814350997517,0.0,0.0,0.0,0,0,0.0,0.0
KNK,2026-05-25,2026,2,5,22,operasional,test,0.0,0.0,0.0,0,0,0,16.99814350997517,0.0,0.0,0.0,0,0,0.0,0.0
KNK,2026-06-01,2026,2,6,23,operasional,test,0.0,0.0,0.0,0,0,0,16.99814350997517,0.0,0.0,0.0,0,0,0.0,0.0
KNK,2026-06-08,2026,2,6,24,operasional,test,0.0,0.0,0.0,0,0,0,16.99814350997517,0.0,0.0,0.0,0,0,0.0,0.0
KNK,2026-06-15,2026,2,6,25,operasional,test,0.0,0.0,0.0,0,0,0,16.99814350997517,0.0,0.0,0.0,0,0,0.0,0.0
KNK,2026-06-22,2026,2,6,26,operasional,test,0.0,0.0,0.0,0,0,0,16.99814350997517,0.0,0.0,0.0,1,0,0.0,0.0
KNK,2026-06-29,2026,2,6,27,operasional,test,0.0,0.0,0.0,0,0,0,16.99814350997517,0.0,0.0,0.0,0,1,0.0,0.0
KNK,2026-07-06,2026,3,7,28,operasional,test,0.0,0.0,0.0,0,0,0,16.99814350997517,0.0,0.0,0.0,0,0,0.0,0.0
KNK,2026-07-13,2026,3,7,29,operasional,test,0.0,0.0,0.0,0,0,0,16.99814350997517,0.0,0.0,0.0,0,0,0.0,0.0
KNK,2026-07-20,2026,3,7,30,operasional,test,0.0,0.0,0.0,0,0,0,16.99814350997517,0.0,0.0,0.0,1,1,0.0,0.0
KNK,2026-07-27,2026,3,7,31,operasional,test,0.0,0.0,0.0,0,0,0,16.99814350997517,0.0,0.0,0.0,0,0,0.0,0.0
KNK,2026-08-03,2026,3,8,32,operasional,test,0.0,0.0,0.0,0,0,0,16.99814350997517,0.0,0.0,0.0,0,0,0.0,0.0
KNK,2026-08-10,2026,3,8,33,operasional,test,0.0,0.0,0.0,0,0,0,16.99814350997517,0.0,0.0,0.0,0,1,0.0,0.0
KNK,2026-08-17,2026,3,8,34,operasional,test,0.0,0.0,0.0,0,0,0,16.99814350997517,0.0,0.0,0.0,0,1,0.0,0.0
KNK,2026-08-24,2026,3,8,35,operasional,test,0.0,0.0,0.0,0,0,0,16.99814350997517,0.0,0.0,0.0,1,0,0.0,0.0
KNK,2026-08-31,2026,3,8,36,operasional,test,0.0,0.0,0.0,0,0,0,16.99814350997517,0.0,0.0,0.0,0,1,0.0,0.0
KNK,2026-09-07,2026,3,9,37,operasional,test,0.0,0.0,0.0,0,0,0,16.99814350997517,0.0,0.0,0.0,0,0,0.0,0.0
KNK,2026-09-14,2026,3,9,38,operasional,test,0.0,0.0,0.0,0,0,0,16.99814350997517,0.0,0.0,0.0,1,1,0.0,0.0
KNK,2026-09-21,2026,3,9,39,operasional,test,0.0,0.0,0.0,0,0,0,16.99814350997517,0.0,0.0,0.0,0,0,0.0,0.0
KRB,2024-01-01,2024,1,1,1,sebelum_produk_dijual,train,,,,0,0,0,50.99443052992551,,,,1,0,,
KRB,2024-01-08,2024,1,1,2,operasional,train,9.0,9.0,2.302585092994046,0,0,0,50.99443052992551,72000.0,1.0,1.0,1,0,62.0,1.0
KRB,2024-01-15,2024,1,1,3,operasional,train,0.0,0.0,0.0,0,0,0,50.99443052992551,0.0,0.0,0.0,0,0,0.0,0.0
KRB,2024-01-22,2024,1,1,4,operasional,train,0.0,0.0,0.0,0,0,0,50.99443052992551,0.0,0.0,0.0,0,0,0.0,0.0
KRB,2024-01-29,2024,1,1,5,operasional,train,0.0,0.0,0.0,0,0,0,50.99443052992551,0.0,0.0,0.0,0,0,0.0,0.0
KRB,2024-02-05,2024,1,2,6,operasional,train,0.0,0.0,0.0,0,0,0,50.99443052992551,0.0,0.0,0.0,1,0,0.0,0.0
KRB,2024-02-12,2024,1,2,7,operasional,train,6.0,6.0,1.9459101490553132,0,0,0,50.99443052992551,48000.0,1.0,1.0,1,0,0.0,0.0
KRB,2024-02-19,2024,1,2,8,operasional,train,0.0,0.0,0.0,0,0,0,50.99443052992551,0.0,0.0,0.0,0,0,0.0,0.0
KRB,2024-02-26,2024,1,2,9,operasional,train,0.0,0.0,0.0,0,0,0,50.99443052992551,0.0,0.0,0.0,1,0,0.0,0.0
KRB,2024-03-04,2024,1,3,10,operasional,train,0.0,0.0,0.0,0,0,0,50.99443052992551,0.0,0.0,0.0,0,0,0.0,0.0
KRB,2024-03-11,2024,1,3,11,operasional,train,0.0,0.0,0.0,0,0,0,50.99443052992551,0.0,0.0,0.0,1,0,0.0,0.0
KRB,2024-03-18,2024,1,3,12,operasional,train,12.0,12.0,2.5649493574615367,0,0,0,50.99443052992551,96000.0,1.0,1.0,1,0,0.0,0.0
KRB,2024-03-25,2024,1,3,13,operasional,train,0.0,0.0,0.0,0,0,0,50.99443052992551,0.0,0.0,0.0,0,1,0.0,0.0
KRB,2024-04-01,2024,2,4,14,operasional,train,0.0,0.0,0.0,0,0,0,50.99443052992551,0.0,0.0,0.0,1,0,0.0,0.0
KRB,2024-04-08,2024,2,4,15,operasional,train,0.0,0.0,0.0,0,0,0,50.99443052992551,0.0,0.0,0.0,0,0,0.0,0.0
KRB,2024-04-15,2024,2,4,16,operasional,train,0.0,0.0,0.0,0,0,0,50.99443052992551,0.0,0.0,0.0,1,0,0.0,0.0
KRB,2024-04-22,2024,2,4,17,operasional,train,6.0,6.0,1.9459101490553132,0,0,0,50.99443052992551,48000.0,1.0,1.0,1,0,0.0,0.0
KRB,2024-04-29,2024,2,4,18,operasional,train,0.0,0.0,0.0,0,0,0,50.99443052992551,0.0,0.0,0.0,0,1,0.0,0.0
KRB,2024-05-06,2024,2,5,19,operasional,train,0.0,0.0,0.0,0,0,0,50.99443052992551,0.0,0.0,0.0,1,0,0.0,0.0
KRB,2024-05-13,2024,2,5,20,operasional,train,0.0,0.0,0.0,0,0,0,50.99443052992551,0.0,0.0,0.0,0,0,0.0,0.0
KRB,2024-05-20,2024,2,5,21,operasional,train,0.0,0.0,0.0,0,0,0,50.99443052992551,0.0,0.0,0.0,0,1,0.0,0.0
KRB,2024-05-27,2024,2,5,22,operasional,train,0.0,0.0,0.0,0,0,0,50.99443052992551,0.0,0.0,0.0,0,0,0.0,0.0
KRB,2024-06-03,2024,2,6,23,operasional,train,0.0,0.0,0.0,0,0,0,50.99443052992551,0.0,0.0,0.0,0,1,0.0,0.0
KRB,2024-06-10,2024,2,6,24,operasional,train,0.0,0.0,0.0,0,0,0,50.99443052992551,0.0,0.0,0.0,0,1,0.0,0.0
KRB,2024-06-17,2024,2,6,25,operasional,train,0.0,0.0,0.0,0,0,0,50.99443052992551,0.0,0.0,0.0,1,1,0.0,0.0
KRB,2024-06-24,2024,2,6,26,operasional,train,0.0,0.0,0.0,0,0,0,50.99443052992551,0.0,0.0,0.0,1,1,0.0,0.0
KRB,2024-07-01,2024,3,7,27,operasional,train,0.0,0.0,0.0,0,0,0,50.99443052992551,0.0,0.0,0.0,0,1,0.0,0.0
KRB,2024-07-08,2024,3,7,28,operasional,train,0.0,0.0,0.0,0,0,0,50.99443052992551,0.0,0.0,0.0,0,0,0.0,0.0
KRB,2024-07-15,2024,3,7,29,operasional,train,0.0,0.0,0.0,0,0,0,50.99443052992551,0.0,0.0,0.0,0,1,0.0,0.0
KRB,2024-07-22,2024,3,7,30,operasional,train,0.0,0.0,0.0,0,0,0,50.99443052992551,0.0,0.0,0.0,0,0,0.0,0.0
KRB,2024-07-29,2024,3,7,31,operasional,train,0.0,0.0,0.0,0,0,0,50.99443052992551,0.0,0.0,0.0,1,0,0.0,0.0
KRB,2024-08-05,2024,3,8,32,operasional,train,0.0,0.0,0.0,0,0,0,50.99443052992551,0.0,0.0,0.0,0,0,0.0,0.0
KRB,2024-08-12,2024,3,8,33,operasional,train,0.0,0.0,0.0,0,0,0,50.99443052992551,0.0,0.0,0.0,1,0,0.0,0.0
KRB,2024-08-19,2024,3,8,34,operasional,train,12.0,12.0,2.5649493574615367,0,0,0,50.99443052992551,96000.0,1.0,1.0,1,0,0.0,0.0
KRB,2024-08-26,2024,3,8,35,operasional,train,0.0,0.0,0.0,0,0,0,50.99443052992551,0.0,0.0,0.0,0,1,0.0,0.0
KRB,2024-09-02,2024,3,9,36,operasional,train,0.0,0.0,0.0,0,0,0,50.99443052992551,0.0,0.0,0.0,1,0,0.0,0.0
KRB,2024-09-09,2024,3,9,37,operasional,train,0.0,0.0,0.0,0,0,0,50.99443052992551,0.0,0.0,0.0,0,0,0.0,0.0
KRB,2024-09-16,2024,3,9,38,operasional,train,0.0,0.0,0.0,0,0,0,50.99443052992551,0.0,0.0,0.0,1,0,0.0,0.0
KRB,2024-09-23,2024,3,9,39,operasional,train,6.0,6.0,1.9459101490553132,0,0,0,50.99443052992551,48000.0,1.0,1.0,1,0,0.0,0.0
KRB,2024-09-30,2024,3,9,40,operasional,train,0.0,0.0,0.0,0,0,0,50.99443052992551,0.0,0.0,0.0,0,1,0.0,0.0
KRB,2024-10-07,2024,4,10,41,operasional,train,0.0,0.0,0.0,0,0,0,50.99443052992551,0.0,0.0,0.0,1,0,0.0,0.0
KRB,2024-10-14,2024,4,10,42,operasional,train,0.0,0.0,0.0,0,0,0,50.99443052992551,0.0,0.0,0.0,0,0,0.0,0.0
KRB,2024-10-21,2024,4,10,43,tidak_tercatat,train,,,,0,0,0,50.99443052992551,,,,0,0,,
KRB,2024-10-28,2024,4,10,44,tidak_tercatat,train,,,,0,0,0,50.99443052992551,,,,0,0,,
KRB,2024-11-04,2024,4,11,45,tidak_tercatat,train,,,,0,0,0,50.99443052992551,,,,0,0,,
KRB,2024-11-11,2024,4,11,46,tidak_tercatat,train,,,,0,0,0,50.99443052992551,,,,0,0,,
KRB,2024-11-18,2024,4,11,47,tidak_tercatat,train,,,,0,0,0,50.99443052992551,,,,0,0,,
KRB,2024-11-25,2024,4,11,48,tidak_tercatat,train,,,,0,0,0,50.99443052992551,,,,0,0,,
KRB,2024-12-02,2024,4,12,49,tidak_tercatat,train,,,,0,0,0,50.99443052992551,,,,0,0,,
KRB,2024-12-09,2024,4,12,50,tidak_tercatat,train,,,,0,0,0,50.99443052992551,,,,0,0,,
KRB,2024-12-16,2024,4,12,51,tidak_tercatat,train,,,,0,0,0,50.99443052992551,,,,0,0,,
KRB,2024-12-23,2024,4,12,52,tidak_tercatat,train,,,,0,0,0,50.99443052992551,,,,0,0,,
KRB,2024-12-30,2024,4,12,1,tidak_tercatat,train,,,,0,0,0,50.99443052992551,,,,0,0,,
KRB,2025-01-06,2025,1,1,2,tidak_tercatat,train,,,,0,0,0,50.99443052992551,,,,0,0,,
KRB,2025-01-13,2025,1,1,3,tidak_tercatat,train,,,,0,0,0,50.99443052992551,,,,0,0,,
KRB,2025-01-20,2025,1,1,4,tidak_tercatat,train,,,,0,0,0,50.99443052992551,,,,0,0,,
KRB,2025-01-27,2025,1,1,5,operasional,train,0.0,0.0,0.0,0,0,0,50.99443052992551,0.0,0.0,0.0,0,0,0.0,0.0
KRB,2025-02-03,2025,1,2,6,operasional,train,0.0,0.0,0.0,0,0,0,50.99443052992551,0.0,0.0,0.0,0,0,0.0,0.0
KRB,2025-02-10,2025,1,2,7,operasional,train,0.0,0.0,0.0,0,0,0,50.99443052992551,0.0,0.0,0.0,0,0,0.0,0.0
KRB,2025-02-17,2025,1,2,8,operasional,train,0.0,0.0,0.0,0,0,0,50.99443052992551,0.0,0.0,0.0,0,0,0.0,0.0
KRB,2025-02-24,2025,1,2,9,operasional,train,0.0,0.0,0.0,0,0,0,50.99443052992551,0.0,0.0,0.0,0,0,0.0,0.0
KRB,2025-03-03,2025,1,3,10,tidak_tercatat,train,,,,0,0,0,50.99443052992551,,,,0,0,,
KRB,2025-03-10,2025,1,3,11,tidak_tercatat,train,,,,0,0,0,50.99443052992551,,,,0,0,,
KRB,2025-03-17,2025,1,3,12,tidak_tercatat,train,,,,0,0,0,50.99443052992551,,,,0,0,,
KRB,2025-03-24,2025,1,3,13,tidak_tercatat,train,,,,0,0,0,50.99443052992551,,,,0,0,,
KRB,2025-03-31,2025,1,3,14,tidak_tercatat,train,,,,0,0,0,50.99443052992551,,,,0,0,,
KRB,2025-04-07,2025,2,4,15,tidak_tercatat,train,,,,0,0,0,50.99443052992551,,,,0,0,,
KRB,2025-04-14,2025,2,4,16,operasional,train,0.0,0.0,0.0,0,0,0,50.99443052992551,0.0,0.0,0.0,0,0,0.0,0.0
KRB,2025-04-21,2025,2,4,17,operasional,train,0.0,0.0,0.0,0,0,0,50.99443052992551,0.0,0.0,0.0,0,0,0.0,0.0
KRB,2025-04-28,2025,2,4,18,operasional,train,0.0,0.0,0.0,0,0,0,50.99443052992551,0.0,0.0,0.0,0,0,0.0,0.0
KRB,2025-05-05,2025,2,5,19,operasional,train,0.0,0.0,0.0,0,0,0,50.99443052992551,0.0,0.0,0.0,0,0,0.0,0.0
KRB,2025-05-12,2025,2,5,20,operasional,train,0.0,0.0,0.0,0,0,0,50.99443052992551,0.0,0.0,0.0,0,0,0.0,0.0
KRB,2025-05-19,2025,2,5,21,operasional,train,0.0,0.0,0.0,0,0,0,50.99443052992551,0.0,0.0,0.0,0,0,0.0,0.0
KRB,2025-05-26,2025,2,5,22,operasional,train,0.0,0.0,0.0,0,0,0,50.99443052992551,0.0,0.0,0.0,0,0,0.0,0.0
KRB,2025-06-02,2025,2,6,23,operasional,train,0.0,0.0,0.0,0,0,0,50.99443052992551,0.0,0.0,0.0,0,0,0.0,0.0
KRB,2025-06-09,2025,2,6,24,operasional,train,0.0,0.0,0.0,0,0,0,50.99443052992551,0.0,0.0,0.0,1,1,0.0,0.0
KRB,2025-06-16,2025,2,6,25,operasional,train,0.0,0.0,0.0,0,0,0,50.99443052992551,0.0,0.0,0.0,0,0,0.0,0.0
KRB,2025-06-23,2025,2,6,26,operasional,train,0.0,0.0,0.0,0,0,0,50.99443052992551,0.0,0.0,0.0,1,1,0.0,0.0
KRB,2025-06-30,2025,2,6,27,operasional,train,0.0,0.0,0.0,0,0,0,50.99443052992551,0.0,0.0,0.0,0,0,0.0,0.0
KRB,2025-07-07,2025,3,7,28,operasional,train,0.0,0.0,0.0,0,0,0,50.99443052992551,0.0,0.0,0.0,0,0,0.0,0.0
KRB,2025-07-14,2025,3,7,29,operasional,train,0.0,0.0,0.0,0,0,0,50.99443052992551,0.0,0.0,0.0,0,0,0.0,0.0
KRB,2025-07-21,2025,3,7,30,operasional,train,0.0,0.0,0.0,0,0,0,50.99443052992551,0.0,0.0,0.0,0,0,0.0,0.0
KRB,2025-07-28,2025,3,7,31,operasional,train,0.0,0.0,0.0,0,0,0,50.99443052992551,0.0,0.0,0.0,0,0,0.0,0.0
KRB,2025-08-04,2025,3,8,32,operasional,train,0.0,0.0,0.0,0,0,0,50.99443052992551,0.0,0.0,0.0,0,0,0.0,0.0
KRB,2025-08-11,2025,3,8,33,operasional,train,12.0,12.0,2.5649493574615367,0,0,0,50.99443052992551,96000.0,1.0,1.0,1,0,57.0,1.0
KRB,2025-08-18,2025,3,8,34,operasional,train,0.0,0.0,0.0,0,0,0,50.99443052992551,0.0,0.0,0.0,0,0,0.0,0.0
KRB,2025-08-25,2025,3,8,35,operasional,train,0.0,0.0,0.0,0,0,0,50.99443052992551,0.0,0.0,0.0,0,0,0.0,0.0
KRB,2025-09-01,2025,3,9,36,operasional,train,0.0,0.0,0.0,0,0,0,50.99443052992551,0.0,0.0,0.0,0,0,0.0,0.0
KRB,2025-09-08,2025,3,9,37,operasional,train,0.0,0.0,0.0,0,0,0,50.99443052992551,0.0,0.0,0.0,0,0,0.0,0.0
KRB,2025-09-15,2025,3,9,38,operasional,train,0.0,0.0,0.0,0,0,0,50.99443052992551,0.0,0.0,0.0,0,0,0.0,0.0
KRB,2025-09-22,2025,3,9,39,operasional,train,0.0,0.0,0.0,0,0,0,50.99443052992551,0.0,0.0,0.0,0,1,0.0,0.0
KRB,2025-09-29,2025,3,9,40,operasional,train,0.0,0.0,0.0,0,0,0,50.99443052992551,0.0,0.0,0.0,0,0,0.0,0.0
KRB,2025-10-06,2025,4,10,41,operasional,train,0.0,0.0,0.0,0,0,0,50.99443052992551,0.0,0.0,0.0,0,0,0.0,0.0
KRB,2025-10-13,2025,4,10,42,operasional,train,0.0,0.0,0.0,0,0,0,50.99443052992551,0.0,0.0,0.0,0,0,0.0,0.0
KRB,2025-10-20,2025,4,10,43,operasional,train,0.0,0.0,0.0,0,0,0,50.99443052992551,0.0,0.0,0.0,0,0,0.0,0.0
KRB,2025-10-27,2025,4,10,44,operasional,train,0.0,0.0,0.0,0,0,0,50.99443052992551,0.0,0.0,0.0,0,0,0.0,0.0
KRB,2025-11-03,2025,4,11,45,operasional,train,0.0,0.0,0.0,0,0,0,50.99443052992551,0.0,0.0,0.0,0,0,0.0,0.0
KRB,2025-11-10,2025,4,11,46,operasional,train,0.0,0.0,0.0,0,0,0,50.99443052992551,0.0,0.0,0.0,0,0,0.0,0.0
KRB,2025-11-17,2025,4,11,47,operasional,train,0.0,0.0,0.0,0,0,0,50.99443052992551,0.0,0.0,0.0,0,0,0.0,0.0
KRB,2025-11-24,2025,4,11,48,operasional,train,0.0,0.0,0.0,0,0,0,50.99443052992551,0.0,0.0,0.0,0,0,0.0,0.0
KRB,2025-12-01,2025,4,12,49,operasional,train,0.0,0.0,0.0,0,0,0,50.99443052992551,0.0,0.0,0.0,1,0,0.0,0.0
KRB,2025-12-08,2025,4,12,50,operasional,train,0.0,0.0,0.0,0,0,0,50.99443052992551,0.0,0.0,0.0,0,0,0.0,0.0
KRB,2025-12-15,2025,4,12,51,operasional,train,0.0,0.0,0.0,0,0,0,50.99443052992551,0.0,0.0,0.0,0,0,0.0,0.0
KRB,2025-12-22,2025,4,12,52,operasional,train,0.0,0.0,0.0,0,0,0,50.99443052992551,0.0,0.0,0.0,0,0,0.0,0.0
KRB,2025-12-29,2025,4,12,1,operasional,train,0.0,0.0,0.0,0,0,0,50.99443052992551,0.0,0.0,0.0,0,0,0.0,0.0
KRB,2026-01-05,2026,1,1,2,operasional,train,0.0,0.0,0.0,0,0,0,50.99443052992551,0.0,0.0,0.0,0,0,0.0,0.0
KRB,2026-01-12,2026,1,1,3,operasional,train,0.0,0.0,0.0,0,0,0,50.99443052992551,0.0,0.0,0.0,0,0,0.0,0.0
KRB,2026-01-19,2026,1,1,4,operasional,train,0.0,0.0,0.0,0,0,0,50.99443052992551,0.0,0.0,0.0,0,0,0.0,0.0
KRB,2026-01-26,2026,1,1,5,operasional,train,0.0,0.0,0.0,0,0,0,50.99443052992551,0.0,0.0,0.0,0,0,0.0,0.0
KRB,2026-02-02,2026,1,2,6,operasional,train,0.0,0.0,0.0,0,0,0,50.99443052992551,0.0,0.0,0.0,1,0,0.0,0.0
KRB,2026-02-09,2026,1,2,7,operasional,train,0.0,0.0,0.0,0,0,0,50.99443052992551,0.0,0.0,0.0,0,0,0.0,0.0
KRB,2026-02-16,2026,1,2,8,operasional,train,0.0,0.0,0.0,0,0,0,50.99443052992551,0.0,0.0,0.0,0,0,0.0,0.0
KRB,2026-02-23,2026,1,2,9,operasional,train,0.0,0.0,0.0,0,0,0,50.99443052992551,0.0,0.0,0.0,0,0,0.0,0.0
KRB,2026-03-02,2026,1,3,10,operasional,train,0.0,0.0,0.0,0,0,0,50.99443052992551,0.0,0.0,0.0,0,0,0.0,0.0
KRB,2026-03-09,2026,1,3,11,operasional,train,0.0,0.0,0.0,0,0,0,50.99443052992551,0.0,0.0,0.0,0,0,0.0,0.0
KRB,2026-03-16,2026,1,3,12,operasional,train,0.0,0.0,0.0,0,0,0,50.99443052992551,0.0,0.0,0.0,1,0,0.0,0.0
KRB,2026-03-23,2026,1,3,13,operasional,train,0.0,0.0,0.0,0,0,0,50.99443052992551,0.0,0.0,0.0,0,0,0.0,0.0
KRB,2026-03-30,2026,1,3,14,operasional,train,0.0,0.0,0.0,0,0,0,50.99443052992551,0.0,0.0,0.0,1,0,0.0,0.0
KRB,2026-04-06,2026,2,4,15,operasional,test,0.0,0.0,0.0,0,0,0,50.99443052992551,0.0,0.0,0.0,0,0,0.0,0.0
KRB,2026-04-13,2026,2,4,16,operasional,test,0.0,0.0,0.0,0,0,0,50.99443052992551,0.0,0.0,0.0,0,1,0.0,0.0
KRB,2026-04-20,2026,2,4,17,operasional,test,0.0,0.0,0.0,0,0,0,50.99443052992551,0.0,0.0,0.0,0,0,0.0,0.0
KRB,2026-04-27,2026,2,4,18,operasional,test,0.0,0.0,0.0,0,0,0,50.99443052992551,0.0,0.0,0.0,0,0,0.0,0.0
KRB,2026-05-04,2026,2,5,19,operasional,test,0.0,0.0,0.0,0,0,0,50.99443052992551,0.0,0.0,0.0,1,0,0.0,0.0
KRB,2026-05-11,2026,2,5,20,operasional,test,0.0,0.0,0.0,0,0,0,50.99443052992551,0.0,0.0,0.0,0,1,0.0,0.0
KRB,2026-05-18,2026,2,5,21,operasional,test,0.0,0.0,0.0,0,0,0,50.99443052992551,0.0,0.0,0.0,0,0,0.0,0.0
KRB,2026-05-25,2026,2,5,22,operasional,test,0.0,0.0,0.0,0,0,0,50.99443052992551,0.0,0.0,0.0,0,0,0.0,0.0
KRB,2026-06-01,2026,2,6,23,operasional,test,0.0,0.0,0.0,0,0,0,50.99443052992551,0.0,0.0,0.0,0,0,0.0,0.0
KRB,2026-06-08,2026,2,6,24,operasional,test,0.0,0.0,0.0,0,0,0,50.99443052992551,0.0,0.0,0.0,0,0,0.0,0.0
KRB,2026-06-15,2026,2,6,25,operasional,test,0.0,0.0,0.0,0,0,0,50.99443052992551,0.0,0.0,0.0,0,0,0.0,0.0
KRB,2026-06-22,2026,2,6,26,operasional,test,0.0,0.0,0.0,0,0,0,50.99443052992551,0.0,0.0,0.0,1,0,0.0,0.0
KRB,2026-06-29,2026,2,6,27,operasional,test,0.0,0.0,0.0,0,0,0,50.99443052992551,0.0,0.0,0.0,0,1,0.0,0.0
KRB,2026-07-06,2026,3,7,28,operasional,test,0.0,0.0,0.0,0,0,0,50.99443052992551,0.0,0.0,0.0,0,0,0.0,0.0
KRB,2026-07-13,2026,3,7,29,operasional,test,0.0,0.0,0.0,0,0,0,50.99443052992551,0.0,0.0,0.0,0,0,0.0,0.0
KRB,2026-07-20,2026,3,7,30,operasional,test,0.0,0.0,0.0,0,0,0,50.99443052992551,0.0,0.0,0.0,1,1,0.0,0.0
KRB,2026-07-27,2026,3,7,31,operasional,test,0.0,0.0,0.0,0,0,0,50.99443052992551,0.0,0.0,0.0,0,0,0.0,0.0
KRB,2026-08-03,2026,3,8,32,operasional,test,0.0,0.0,0.0,0,0,0,50.99443052992551,0.0,0.0,0.0,0,0,0.0,0.0
KRB,2026-08-10,2026,3,8,33,operasional,test,0.0,0.0,0.0,0,0,0,50.99443052992551,0.0,0.0,0.0,0,1,0.0,0.0
KRB,2026-08-17,2026,3,8,34,operasional,test,0.0,0.0,0.0,0,0,0,50.99443052992551,0.0,0.0,0.0,0,1,0.0,0.0
KRB,2026-08-24,2026,3,8,35,operasional,test,0.0,0.0,0.0,0,0,0,50.99443052992551,0.0,0.0,0.0,1,0,0.0,0.0
KRB,2026-08-31,2026,3,8,36,operasional,test,0.0,0.0,0.0,0,0,0,50.99443052992551,0.0,0.0,0.0,0,1,0.0,0.0
KRB,2026-09-07,2026,3,9,37,operasional,test,0.0,0.0,0.0,0,0,0,50.99443052992551,0.0,0.0,0.0,0,0,0.0,0.0
KRB,2026-09-14,2026,3,9,38,operasional,test,0.0,0.0,0.0,0,0,0,50.99443052992551,0.0,0.0,0.0,1,1,0.0,0.0
KRB,2026-09-21,2026,3,9,39,operasional,test,0.0,0.0,0.0,0,0,0,50.99443052992551,0.0,0.0,0.0,0,0,0.0,0.0
KRL,2024-01-01,2024,1,1,1,sebelum_produk_dijual,train,,,,0,0,0,,,,,1,0,,
KRL,2024-01-08,2024,1,1,2,sebelum_produk_dijual,train,,,,0,0,0,,,,,1,0,,
KRL,2024-01-15,2024,1,1,3,sebelum_produk_dijual,train,,,,0,0,0,,,,,0,0,,
KRL,2024-01-22,2024,1,1,4,sebelum_produk_dijual,train,,,,0,0,0,,,,,0,0,,
KRL,2024-01-29,2024,1,1,5,sebelum_produk_dijual,train,,,,0,0,0,,,,,0,0,,
KRL,2024-02-05,2024,1,2,6,sebelum_produk_dijual,train,,,,0,0,0,,,,,1,0,,
KRL,2024-02-12,2024,1,2,7,sebelum_produk_dijual,train,,,,0,0,0,,,,,1,0,,
KRL,2024-02-19,2024,1,2,8,sebelum_produk_dijual,train,,,,0,0,0,,,,,0,0,,
KRL,2024-02-26,2024,1,2,9,sebelum_produk_dijual,train,,,,0,0,0,,,,,1,0,,
KRL,2024-03-04,2024,1,3,10,sebelum_produk_dijual,train,,,,0,0,0,,,,,0,0,,
KRL,2024-03-11,2024,1,3,11,sebelum_produk_dijual,train,,,,0,0,0,,,,,1,0,,
KRL,2024-03-18,2024,1,3,12,sebelum_produk_dijual,train,,,,0,0,0,,,,,1,0,,
KRL,2024-03-25,2024,1,3,13,sebelum_produk_dijual,train,,,,0,0,0,,,,,0,1,,
KRL,2024-04-01,2024,2,4,14,sebelum_produk_dijual,train,,,,0,0,0,,,,,1,0,,
KRL,2024-04-08,2024,2,4,15,sebelum_produk_dijual,train,,,,0,0,0,,,,,0,0,,
KRL,2024-04-15,2024,2,4,16,sebelum_produk_dijual,train,,,,0,0,0,,,,,1,0,,
KRL,2024-04-22,2024,2,4,17,sebelum_produk_dijual,train,,,,0,0,0,,,,,1,0,,
KRL,2024-04-29,2024,2,4,18,sebelum_produk_dijual,train,,,,0,0,0,,,,,0,1,,
KRL,2024-05-06,2024,2,5,19,sebelum_produk_dijual,train,,,,0,0,0,,,,,1,0,,
KRL,2024-05-13,2024,2,5,20,sebelum_produk_dijual,train,,,,0,0,0,,,,,0,0,,
KRL,2024-05-20,2024,2,5,21,sebelum_produk_dijual,train,,,,0,0,0,,,,,0,1,,
KRL,2024-05-27,2024,2,5,22,sebelum_produk_dijual,train,,,,0,0,0,,,,,0,0,,
KRL,2024-06-03,2024,2,6,23,sebelum_produk_dijual,train,,,,0,0,0,,,,,0,1,,
KRL,2024-06-10,2024,2,6,24,operasional,train,4.0,4.0,1.6094379124341003,0,0,0,,40000.0,1.0,1.0,0,1,5.0,1.0
KRL,2024-06-17,2024,2,6,25,operasional,train,0.0,0.0,0.0,0,0,0,,0.0,0.0,0.0,1,1,0.0,0.0
KRL,2024-06-24,2024,2,6,26,operasional,train,0.0,0.0,0.0,0,0,0,,0.0,0.0,0.0,1,1,0.0,0.0
KRL,2024-07-01,2024,3,7,27,operasional,train,0.0,0.0,0.0,0,0,0,,0.0,0.0,0.0,0,1,0.0,0.0
KRL,2024-07-08,2024,3,7,28,operasional,train,0.0,0.0,0.0,0,0,0,,0.0,0.0,0.0,0,0,0.0,0.0
KRL,2024-07-15,2024,3,7,29,operasional,train,0.0,0.0,0.0,0,0,0,,0.0,0.0,0.0,0,1,0.0,0.0
KRL,2024-07-22,2024,3,7,30,operasional,train,0.0,0.0,0.0,0,0,0,,0.0,0.0,0.0,0,0,0.0,0.0
KRL,2024-07-29,2024,3,7,31,operasional,train,0.0,0.0,0.0,0,0,0,,0.0,0.0,0.0,1,0,0.0,0.0
KRL,2024-08-05,2024,3,8,32,operasional,train,0.0,0.0,0.0,0,0,0,,0.0,0.0,0.0,0,0,0.0,0.0
KRL,2024-08-12,2024,3,8,33,operasional,train,0.0,0.0,0.0,0,0,0,,0.0,0.0,0.0,1,0,0.0,0.0
KRL,2024-08-19,2024,3,8,34,operasional,train,0.0,0.0,0.0,0,0,0,,0.0,0.0,0.0,1,0,0.0,0.0
KRL,2024-08-26,2024,3,8,35,operasional,train,0.0,0.0,0.0,0,0,0,,0.0,0.0,0.0,0,1,0.0,0.0
KRL,2024-09-02,2024,3,9,36,operasional,train,0.0,0.0,0.0,0,0,0,,0.0,0.0,0.0,1,0,0.0,0.0
KRL,2024-09-09,2024,3,9,37,operasional,train,0.0,0.0,0.0,0,0,0,,0.0,0.0,0.0,0,0,0.0,0.0
KRL,2024-09-16,2024,3,9,38,operasional,train,0.0,0.0,0.0,0,0,0,,0.0,0.0,0.0,1,0,0.0,0.0
KRL,2024-09-23,2024,3,9,39,operasional,train,0.0,0.0,0.0,0,0,0,,0.0,0.0,0.0,1,0,0.0,0.0
KRL,2024-09-30,2024,3,9,40,operasional,train,0.0,0.0,0.0,0,0,0,,0.0,0.0,0.0,0,1,0.0,0.0
KRL,2024-10-07,2024,4,10,41,operasional,train,0.0,0.0,0.0,0,0,0,,0.0,0.0,0.0,1,0,0.0,0.0
KRL,2024-10-14,2024,4,10,42,operasional,train,0.0,0.0,0.0,0,0,0,,0.0,0.0,0.0,0,0,0.0,0.0
KRL,2024-10-21,2024,4,10,43,tidak_tercatat,train,,,,0,0,0,,,,,0,0,,
KRL,2024-10-28,2024,4,10,44,tidak_tercatat,train,,,,0,0,0,,,,,0,0,,
KRL,2024-11-04,2024,4,11,45,tidak_tercatat,train,,,,0,0,0,,,,,0,0,,
KRL,2024-11-11,2024,4,11,46,tidak_tercatat,train,,,,0,0,0,,,,,0,0,,
KRL,2024-11-18,2024,4,11,47,tidak_tercatat,train,,,,0,0,0,,,,,0,0,,
KRL,2024-11-25,2024,4,11,48,tidak_tercatat,train,,,,0,0,0,,,,,0,0,,
KRL,2024-12-02,2024,4,12,49,tidak_tercatat,train,,,,0,0,0,,,,,0,0,,
KRL,2024-12-09,2024,4,12,50,tidak_tercatat,train,,,,0,0,0,,,,,0,0,,
KRL,2024-12-16,2024,4,12,51,tidak_tercatat,train,,,,0,0,0,,,,,0,0,,
KRL,2024-12-23,2024,4,12,52,tidak_tercatat,train,,,,0,0,0,,,,,0,0,,
KRL,2024-12-30,2024,4,12,1,tidak_tercatat,train,,,,0,0,0,,,,,0,0,,
KRL,2025-01-06,2025,1,1,2,tidak_tercatat,train,,,,0,0,0,,,,,0,0,,
KRL,2025-01-13,2025,1,1,3,tidak_tercatat,train,,,,0,0,0,,,,,0,0,,
KRL,2025-01-20,2025,1,1,4,tidak_tercatat,train,,,,0,0,0,,,,,0,0,,
KRL,2025-01-27,2025,1,1,5,operasional,train,0.0,0.0,0.0,0,0,0,,0.0,0.0,0.0,0,0,0.0,0.0
KRL,2025-02-03,2025,1,2,6,operasional,train,0.0,0.0,0.0,0,0,0,,0.0,0.0,0.0,0,0,0.0,0.0
KRL,2025-02-10,2025,1,2,7,operasional,train,0.0,0.0,0.0,0,0,0,,0.0,0.0,0.0,0,0,0.0,0.0
KRL,2025-02-17,2025,1,2,8,operasional,train,0.0,0.0,0.0,0,0,0,,0.0,0.0,0.0,0,0,0.0,0.0
KRL,2025-02-24,2025,1,2,9,operasional,train,0.0,0.0,0.0,0,0,0,,0.0,0.0,0.0,0,0,0.0,0.0
KRL,2025-03-03,2025,1,3,10,tidak_tercatat,train,,,,0,0,0,,,,,0,0,,
KRL,2025-03-10,2025,1,3,11,tidak_tercatat,train,,,,0,0,0,,,,,0,0,,
KRL,2025-03-17,2025,1,3,12,tidak_tercatat,train,,,,0,0,0,,,,,0,0,,
KRL,2025-03-24,2025,1,3,13,tidak_tercatat,train,,,,0,0,0,,,,,0,0,,
KRL,2025-03-31,2025,1,3,14,tidak_tercatat,train,,,,0,0,0,,,,,0,0,,
KRL,2025-04-07,2025,2,4,15,tidak_tercatat,train,,,,0,0,0,,,,,0,0,,
KRL,2025-04-14,2025,2,4,16,operasional,train,0.0,0.0,0.0,0,0,0,,0.0,0.0,0.0,0,0,0.0,0.0
KRL,2025-04-21,2025,2,4,17,operasional,train,0.0,0.0,0.0,0,0,0,,0.0,0.0,0.0,0,0,0.0,0.0
KRL,2025-04-28,2025,2,4,18,operasional,train,0.0,0.0,0.0,0,0,0,,0.0,0.0,0.0,0,0,0.0,0.0
KRL,2025-05-05,2025,2,5,19,operasional,train,0.0,0.0,0.0,0,0,0,,0.0,0.0,0.0,0,0,0.0,0.0
KRL,2025-05-12,2025,2,5,20,operasional,train,0.0,0.0,0.0,0,0,0,,0.0,0.0,0.0,0,0,0.0,0.0
KRL,2025-05-19,2025,2,5,21,operasional,train,0.0,0.0,0.0,0,0,0,,0.0,0.0,0.0,0,0,0.0,0.0
KRL,2025-05-26,2025,2,5,22,operasional,train,0.0,0.0,0.0,0,0,0,,0.0,0.0,0.0,0,0,0.0,0.0
KRL,2025-06-02,2025,2,6,23,operasional,train,0.0,0.0,0.0,0,0,0,,0.0,0.0,0.0,0,0,0.0,0.0
KRL,2025-06-09,2025,2,6,24,operasional,train,0.0,0.0,0.0,0,0,0,,0.0,0.0,0.0,1,1,0.0,0.0
KRL,2025-06-16,2025,2,6,25,operasional,train,0.0,0.0,0.0,0,0,0,,0.0,0.0,0.0,0,0,0.0,0.0
KRL,2025-06-23,2025,2,6,26,operasional,train,0.0,0.0,0.0,0,0,0,,0.0,0.0,0.0,1,1,0.0,0.0
KRL,2025-06-30,2025,2,6,27,operasional,train,0.0,0.0,0.0,0,0,0,,0.0,0.0,0.0,0,0,0.0,0.0
KRL,2025-07-07,2025,3,7,28,operasional,train,0.0,0.0,0.0,0,0,0,,0.0,0.0,0.0,0,0,0.0,0.0
KRL,2025-07-14,2025,3,7,29,operasional,train,0.0,0.0,0.0,0,0,0,,0.0,0.0,0.0,0,0,0.0,0.0
KRL,2025-07-21,2025,3,7,30,operasional,train,0.0,0.0,0.0,0,0,0,,0.0,0.0,0.0,0,0,0.0,0.0
KRL,2025-07-28,2025,3,7,31,operasional,train,0.0,0.0,0.0,0,0,0,,0.0,0.0,0.0,0,0,0.0,0.0
KRL,2025-08-04,2025,3,8,32,operasional,train,0.0,0.0,0.0,0,0,0,,0.0,0.0,0.0,0,0,0.0,0.0
KRL,2025-08-11,2025,3,8,33,operasional,train,0.0,0.0,0.0,0,0,0,,0.0,0.0,0.0,1,0,0.0,0.0
KRL,2025-08-18,2025,3,8,34,operasional,train,0.0,0.0,0.0,0,0,0,,0.0,0.0,0.0,0,0,0.0,0.0
KRL,2025-08-25,2025,3,8,35,operasional,train,0.0,0.0,0.0,0,0,0,,0.0,0.0,0.0,0,0,0.0,0.0
KRL,2025-09-01,2025,3,9,36,operasional,train,0.0,0.0,0.0,0,0,0,,0.0,0.0,0.0,0,0,0.0,0.0
KRL,2025-09-08,2025,3,9,37,operasional,train,0.0,0.0,0.0,0,0,0,,0.0,0.0,0.0,0,0,0.0,0.0
KRL,2025-09-15,2025,3,9,38,operasional,train,0.0,0.0,0.0,0,0,0,,0.0,0.0,0.0,0,0,0.0,0.0
KRL,2025-09-22,2025,3,9,39,operasional,train,0.0,0.0,0.0,0,0,0,,0.0,0.0,0.0,0,1,0.0,0.0
KRL,2025-09-29,2025,3,9,40,operasional,train,0.0,0.0,0.0,0,0,0,,0.0,0.0,0.0,0,0,0.0,0.0
KRL,2025-10-06,2025,4,10,41,operasional,train,0.0,0.0,0.0,0,0,0,,0.0,0.0,0.0,0,0,0.0,0.0
KRL,2025-10-13,2025,4,10,42,operasional,train,0.0,0.0,0.0,0,0,0,,0.0,0.0,0.0,0,0,0.0,0.0
KRL,2025-10-20,2025,4,10,43,operasional,train,0.0,0.0,0.0,0,0,0,,0.0,0.0,0.0,0,0,0.0,0.0
KRL,2025-10-27,2025,4,10,44,operasional,train,0.0,0.0,0.0,0,0,0,,0.0,0.0,0.0,0,0,0.0,0.0
KRL,2025-11-03,2025,4,11,45,operasional,train,0.0,0.0,0.0,0,0,0,,0.0,0.0,0.0,0,0,0.0,0.0
KRL,2025-11-10,2025,4,11,46,operasional,train,0.0,0.0,0.0,0,0,0,,0.0,0.0,0.0,0,0,0.0,0.0
KRL,2025-11-17,2025,4,11,47,operasional,train,0.0,0.0,0.0,0,0,0,,0.0,0.0,0.0,0,0,0.0,0.0
KRL,2025-11-24,2025,4,11,48,operasional,train,0.0,0.0,0.0,0,0,0,,0.0,0.0,0.0,0,0,0.0,0.0
KRL,2025-12-01,2025,4,12,49,operasional,train,0.0,0.0,0.0,0,0,0,,0.0,0.0,0.0,1,0,0.0,0.0
KRL,2025-12-08,2025,4,12,50,operasional,train,0.0,0.0,0.0,0,0,0,,0.0,0.0,0.0,0,0,0.0,0.0
KRL,2025-12-15,2025,4,12,51,operasional,train,0.0,0.0,0.0,0,0,0,,0.0,0.0,0.0,0,0,0.0,0.0
KRL,2025-12-22,2025,4,12,52,operasional,train,0.0,0.0,0.0,0,0,0,,0.0,0.0,0.0,0,0,0.0,0.0
KRL,2025-12-29,2025,4,12,1,operasional,train,0.0,0.0,0.0,0,0,0,,0.0,0.0,0.0,0,0,0.0,0.0
KRL,2026-01-05,2026,1,1,2,operasional,train,0.0,0.0,0.0,0,0,0,,0.0,0.0,0.0,0,0,0.0,0.0
KRL,2026-01-12,2026,1,1,3,operasional,train,0.0,0.0,0.0,0,0,0,,0.0,0.0,0.0,0,0,0.0,0.0
KRL,2026-01-19,2026,1,1,4,operasional,train,0.0,0.0,0.0,0,0,0,,0.0,0.0,0.0,0,0,0.0,0.0
KRL,2026-01-26,2026,1,1,5,operasional,train,0.0,0.0,0.0,0,0,0,,0.0,0.0,0.0,0,0,0.0,0.0
KRL,2026-02-02,2026,1,2,6,operasional,train,0.0,0.0,0.0,0,0,0,,0.0,0.0,0.0,1,0,0.0,0.0
KRL,2026-02-09,2026,1,2,7,operasional,train,0.0,0.0,0.0,0,0,0,,0.0,0.0,0.0,0,0,0.0,0.0
KRL,2026-02-16,2026,1,2,8,operasional,train,0.0,0.0,0.0,0,0,0,,0.0,0.0,0.0,0,0,0.0,0.0
KRL,2026-02-23,2026,1,2,9,operasional,train,0.0,0.0,0.0,0,0,0,,0.0,0.0,0.0,0,0,0.0,0.0
KRL,2026-03-02,2026,1,3,10,operasional,train,0.0,0.0,0.0,0,0,0,,0.0,0.0,0.0,0,0,0.0,0.0
KRL,2026-03-09,2026,1,3,11,operasional,train,0.0,0.0,0.0,0,0,0,,0.0,0.0,0.0,0,0,0.0,0.0
KRL,2026-03-16,2026,1,3,12,operasional,train,0.0,0.0,0.0,0,0,0,,0.0,0.0,0.0,1,0,0.0,0.0
KRL,2026-03-23,2026,1,3,13,operasional,train,0.0,0.0,0.0,0,0,0,,0.0,0.0,0.0,0,0,0.0,0.0
KRL,2026-03-30,2026,1,3,14,operasional,train,0.0,0.0,0.0,0,0,0,,0.0,0.0,0.0,1,0,0.0,0.0
KRL,2026-04-06,2026,2,4,15,operasional,test,0.0,0.0,0.0,0,0,0,,0.0,0.0,0.0,0,0,0.0,0.0
KRL,2026-04-13,2026,2,4,16,operasional,test,0.0,0.0,0.0,0,0,0,,0.0,0.0,0.0,0,1,0.0,0.0
KRL,2026-04-20,2026,2,4,17,operasional,test,0.0,0.0,0.0,0,0,0,,0.0,0.0,0.0,0,0,0.0,0.0
KRL,2026-04-27,2026,2,4,18,operasional,test,0.0,0.0,0.0,0,0,0,,0.0,0.0,0.0,0,0,0.0,0.0
KRL,2026-05-04,2026,2,5,19,operasional,test,0.0,0.0,0.0,0,0,0,,0.0,0.0,0.0,1,0,0.0,0.0
KRL,2026-05-11,2026,2,5,20,operasional,test,8.0,8.0,2.1972245773362196,0,0,0,,80000.0,1.0,1.0,0,1,4.0,1.0
KRL,2026-05-18,2026,2,5,21,operasional,test,0.0,0.0,0.0,0,0,0,,0.0,0.0,0.0,0,0,0.0,0.0
KRL,2026-05-25,2026,2,5,22,operasional,test,0.0,0.0,0.0,0,0,0,,0.0,0.0,0.0,0,0,0.0,0.0
KRL,2026-06-01,2026,2,6,23,operasional,test,0.0,0.0,0.0,0,0,0,,0.0,0.0,0.0,0,0,0.0,0.0
KRL,2026-06-08,2026,2,6,24,operasional,test,0.0,0.0,0.0,0,0,0,,0.0,0.0,0.0,0,0,0.0,0.0
KRL,2026-06-15,2026,2,6,25,operasional,test,0.0,0.0,0.0,0,0,0,,0.0,0.0,0.0,0,0,0.0,0.0
KRL,2026-06-22,2026,2,6,26,operasional,test,6.0,6.0,1.9459101490553132,0,0,0,,60000.0,1.0,1.0,1,0,0.0,0.0
KRL,2026-06-29,2026,2,6,27,operasional,test,2.0,2.0,1.0986122886681096,0,0,0,,20000.0,1.0,1.0,0,1,0.0,0.0
KRL,2026-07-06,2026,3,7,28,operasional,test,0.0,0.0,0.0,0,0,0,,0.0,0.0,0.0,0,0,0.0,0.0
KRL,2026-07-13,2026,3,7,29,operasional,test,0.0,0.0,0.0,0,0,0,,0.0,0.0,0.0,0,0,0.0,0.0
KRL,2026-07-20,2026,3,7,30,operasional,test,0.0,0.0,0.0,0,0,0,,0.0,0.0,0.0,1,1,0.0,0.0
KRL,2026-07-27,2026,3,7,31,operasional,test,0.0,0.0,0.0,0,0,0,,0.0,0.0,0.0,0,0,0.0,0.0
KRL,2026-08-03,2026,3,8,32,operasional,test,0.0,0.0,0.0,0,0,0,,0.0,0.0,0.0,0,0,0.0,0.0
KRL,2026-08-10,2026,3,8,33,operasional,test,0.0,0.0,0.0,0,0,0,,0.0,0.0,0.0,0,1,0.0,0.0
KRL,2026-08-17,2026,3,8,34,operasional,test,10.0,10.0,2.3978952727983707,0,0,0,,100000.0,1.0,1.0,0,1,0.0,0.0
KRL,2026-08-24,2026,3,8,35,operasional,test,0.0,0.0,0.0,0,0,0,,0.0,0.0,0.0,1,0,0.0,0.0
KRL,2026-08-31,2026,3,8,36,operasional,test,0.0,0.0,0.0,0,0,0,,0.0,0.0,0.0,0,1,0.0,0.0
KRL,2026-09-07,2026,3,9,37,operasional,test,0.0,0.0,0.0,0,0,0,,0.0,0.0,0.0,0,0,0.0,0.0
KRL,2026-09-14,2026,3,9,38,operasional,test,0.0,0.0,0.0,0,0,0,,0.0,0.0,0.0,1,1,0.0,0.0
KRL,2026-09-21,2026,3,9,39,operasional,test,0.0,0.0,0.0,0,0,0,,0.0,0.0,0.0,0,0,0.0,0.0
KRY,2024-01-01,2024,1,1,1,sebelum_produk_dijual,train,,,,0,0,0,62.32652620324228,,,,1,0,,
KRY,2024-01-08,2024,1,1,2,sebelum_produk_dijual,train,,,,0,0,0,62.32652620324228,,,,1,0,,
KRY,2024-01-15,2024,1,1,3,sebelum_produk_dijual,train,,,,0,0,0,62.32652620324228,,,,0,0,,
KRY,2024-01-22,2024,1,1,4,sebelum_produk_dijual,train,,,,0,0,0,62.32652620324228,,,,0,0,,
KRY,2024-01-29,2024,1,1,5,sebelum_produk_dijual,train,,,,0,0,0,62.32652620324228,,,,0,0,,
KRY,2024-02-05,2024,1,2,6,sebelum_produk_dijual,train,,,,0,0,0,62.32652620324228,,,,1,0,,
KRY,2024-02-12,2024,1,2,7,sebelum_produk_dijual,train,,,,0,0,0,62.32652620324228,,,,1,0,,
KRY,2024-02-19,2024,1,2,8,sebelum_produk_dijual,train,,,,0,0,0,62.32652620324228,,,,0,0,,
KRY,2024-02-26,2024,1,2,9,sebelum_produk_dijual,train,,,,0,0,0,62.32652620324228,,,,1,0,,
KRY,2024-03-04,2024,1,3,10,sebelum_produk_dijual,train,,,,0,0,0,62.32652620324228,,,,0,0,,
KRY,2024-03-11,2024,1,3,11,sebelum_produk_dijual,train,,,,0,0,0,62.32652620324228,,,,1,0,,
KRY,2024-03-18,2024,1,3,12,sebelum_produk_dijual,train,,,,0,0,0,62.32652620324228,,,,1,0,,
KRY,2024-03-25,2024,1,3,13,sebelum_produk_dijual,train,,,,0,0,0,62.32652620324228,,,,0,1,,
KRY,2024-04-01,2024,2,4,14,sebelum_produk_dijual,train,,,,0,0,0,62.32652620324228,,,,1,0,,
KRY,2024-04-08,2024,2,4,15,sebelum_produk_dijual,train,,,,0,0,0,62.32652620324228,,,,0,0,,
KRY,2024-04-15,2024,2,4,16,sebelum_produk_dijual,train,,,,0,0,0,62.32652620324228,,,,1,0,,
KRY,2024-04-22,2024,2,4,17,sebelum_produk_dijual,train,,,,0,0,0,62.32652620324228,,,,1,0,,
KRY,2024-04-29,2024,2,4,18,sebelum_produk_dijual,train,,,,0,0,0,62.32652620324228,,,,0,1,,
KRY,2024-05-06,2024,2,5,19,sebelum_produk_dijual,train,,,,0,0,0,62.32652620324228,,,,1,0,,
KRY,2024-05-13,2024,2,5,20,sebelum_produk_dijual,train,,,,0,0,0,62.32652620324228,,,,0,0,,
KRY,2024-05-20,2024,2,5,21,sebelum_produk_dijual,train,,,,0,0,0,62.32652620324228,,,,0,1,,
KRY,2024-05-27,2024,2,5,22,sebelum_produk_dijual,train,,,,0,0,0,62.32652620324228,,,,0,0,,
KRY,2024-06-03,2024,2,6,23,sebelum_produk_dijual,train,,,,0,0,0,62.32652620324228,,,,0,1,,
KRY,2024-06-10,2024,2,6,24,sebelum_produk_dijual,train,,,,0,0,0,62.32652620324228,,,,0,1,,
KRY,2024-06-17,2024,2,6,25,sebelum_produk_dijual,train,,,,0,0,0,62.32652620324228,,,,1,1,,
KRY,2024-06-24,2024,2,6,26,operasional,train,11.0,11.0,2.4849066497880004,0,0,0,62.32652620324228,110000.0,1.0,1.0,1,1,14.0,1.0
KRY,2024-07-01,2024,3,7,27,operasional,train,0.0,0.0,0.0,0,0,0,62.32652620324228,0.0,0.0,0.0,0,1,0.0,0.0
KRY,2024-07-08,2024,3,7,28,operasional,train,0.0,0.0,0.0,0,0,0,62.32652620324228,0.0,0.0,0.0,0,0,0.0,0.0
KRY,2024-07-15,2024,3,7,29,operasional,train,0.0,0.0,0.0,0,0,0,62.32652620324228,0.0,0.0,0.0,0,1,0.0,0.0
KRY,2024-07-22,2024,3,7,30,operasional,train,0.0,0.0,0.0,0,0,0,62.32652620324228,0.0,0.0,0.0,0,0,0.0,0.0
KRY,2024-07-29,2024,3,7,31,operasional,train,0.0,0.0,0.0,0,0,0,62.32652620324228,0.0,0.0,0.0,1,0,0.0,0.0
KRY,2024-08-05,2024,3,8,32,operasional,train,0.0,0.0,0.0,0,0,0,62.32652620324228,0.0,0.0,0.0,0,0,0.0,0.0
KRY,2024-08-12,2024,3,8,33,operasional,train,0.0,0.0,0.0,0,0,0,62.32652620324228,0.0,0.0,0.0,1,0,0.0,0.0
KRY,2024-08-19,2024,3,8,34,operasional,train,0.0,0.0,0.0,0,0,0,62.32652620324228,0.0,0.0,0.0,1,0,0.0,0.0
KRY,2024-08-26,2024,3,8,35,operasional,train,0.0,0.0,0.0,0,0,0,62.32652620324228,0.0,0.0,0.0,0,1,0.0,0.0
KRY,2024-09-02,2024,3,9,36,operasional,train,0.0,0.0,0.0,0,0,0,62.32652620324228,0.0,0.0,0.0,1,0,0.0,0.0
KRY,2024-09-09,2024,3,9,37,operasional,train,0.0,0.0,0.0,0,0,0,62.32652620324228,0.0,0.0,0.0,0,0,0.0,0.0
KRY,2024-09-16,2024,3,9,38,operasional,train,0.0,0.0,0.0,0,0,0,62.32652620324228,0.0,0.0,0.0,1,0,0.0,0.0
KRY,2024-09-23,2024,3,9,39,operasional,train,0.0,0.0,0.0,0,0,0,62.32652620324228,0.0,0.0,0.0,1,0,0.0,0.0
KRY,2024-09-30,2024,3,9,40,operasional,train,0.0,0.0,0.0,0,0,0,62.32652620324228,0.0,0.0,0.0,0,1,0.0,0.0
KRY,2024-10-07,2024,4,10,41,operasional,train,0.0,0.0,0.0,0,0,0,62.32652620324228,0.0,0.0,0.0,1,0,0.0,0.0
KRY,2024-10-14,2024,4,10,42,operasional,train,0.0,0.0,0.0,0,0,0,62.32652620324228,0.0,0.0,0.0,0,0,0.0,0.0
KRY,2024-10-21,2024,4,10,43,tidak_tercatat,train,,,,0,0,0,62.32652620324228,,,,0,0,,
KRY,2024-10-28,2024,4,10,44,tidak_tercatat,train,,,,0,0,0,62.32652620324228,,,,0,0,,
KRY,2024-11-04,2024,4,11,45,tidak_tercatat,train,,,,0,0,0,62.32652620324228,,,,0,0,,
KRY,2024-11-11,2024,4,11,46,tidak_tercatat,train,,,,0,0,0,62.32652620324228,,,,0,0,,
KRY,2024-11-18,2024,4,11,47,tidak_tercatat,train,,,,0,0,0,62.32652620324228,,,,0,0,,
KRY,2024-11-25,2024,4,11,48,tidak_tercatat,train,,,,0,0,0,62.32652620324228,,,,0,0,,
KRY,2024-12-02,2024,4,12,49,tidak_tercatat,train,,,,0,0,0,62.32652620324228,,,,0,0,,
KRY,2024-12-09,2024,4,12,50,tidak_tercatat,train,,,,0,0,0,62.32652620324228,,,,0,0,,
KRY,2024-12-16,2024,4,12,51,tidak_tercatat,train,,,,0,0,0,62.32652620324228,,,,0,0,,
KRY,2024-12-23,2024,4,12,52,tidak_tercatat,train,,,,0,0,0,62.32652620324228,,,,0,0,,
KRY,2024-12-30,2024,4,12,1,tidak_tercatat,train,,,,0,0,0,62.32652620324228,,,,0,0,,
KRY,2025-01-06,2025,1,1,2,tidak_tercatat,train,,,,0,0,0,62.32652620324228,,,,0,0,,
KRY,2025-01-13,2025,1,1,3,tidak_tercatat,train,,,,0,0,0,62.32652620324228,,,,0,0,,
KRY,2025-01-20,2025,1,1,4,tidak_tercatat,train,,,,0,0,0,62.32652620324228,,,,0,0,,
KRY,2025-01-27,2025,1,1,5,operasional,train,0.0,0.0,0.0,0,0,0,62.32652620324228,0.0,0.0,0.0,0,0,0.0,0.0
KRY,2025-02-03,2025,1,2,6,operasional,train,0.0,0.0,0.0,0,0,0,62.32652620324228,0.0,0.0,0.0,0,0,0.0,0.0
KRY,2025-02-10,2025,1,2,7,operasional,train,0.0,0.0,0.0,0,0,0,62.32652620324228,0.0,0.0,0.0,0,0,0.0,0.0
KRY,2025-02-17,2025,1,2,8,operasional,train,0.0,0.0,0.0,0,0,0,62.32652620324228,0.0,0.0,0.0,0,0,0.0,0.0
KRY,2025-02-24,2025,1,2,9,operasional,train,0.0,0.0,0.0,0,0,0,62.32652620324228,0.0,0.0,0.0,0,0,0.0,0.0
KRY,2025-03-03,2025,1,3,10,tidak_tercatat,train,,,,0,0,0,62.32652620324228,,,,0,0,,
KRY,2025-03-10,2025,1,3,11,tidak_tercatat,train,,,,0,0,0,62.32652620324228,,,,0,0,,
KRY,2025-03-17,2025,1,3,12,tidak_tercatat,train,,,,0,0,0,62.32652620324228,,,,0,0,,
KRY,2025-03-24,2025,1,3,13,tidak_tercatat,train,,,,0,0,0,62.32652620324228,,,,0,0,,
KRY,2025-03-31,2025,1,3,14,tidak_tercatat,train,,,,0,0,0,62.32652620324228,,,,0,0,,
KRY,2025-04-07,2025,2,4,15,tidak_tercatat,train,,,,0,0,0,62.32652620324228,,,,0,0,,
KRY,2025-04-14,2025,2,4,16,operasional,train,0.0,0.0,0.0,0,0,0,62.32652620324228,0.0,0.0,0.0,0,0,0.0,0.0
KRY,2025-04-21,2025,2,4,17,operasional,train,0.0,0.0,0.0,0,0,0,62.32652620324228,0.0,0.0,0.0,0,0,0.0,0.0
KRY,2025-04-28,2025,2,4,18,operasional,train,0.0,0.0,0.0,0,0,0,62.32652620324228,0.0,0.0,0.0,0,0,0.0,0.0
KRY,2025-05-05,2025,2,5,19,operasional,train,0.0,0.0,0.0,0,0,0,62.32652620324228,0.0,0.0,0.0,0,0,0.0,0.0
KRY,2025-05-12,2025,2,5,20,operasional,train,0.0,0.0,0.0,0,0,0,62.32652620324228,0.0,0.0,0.0,0,0,0.0,0.0
KRY,2025-05-19,2025,2,5,21,operasional,train,0.0,0.0,0.0,0,0,0,62.32652620324228,0.0,0.0,0.0,0,0,0.0,0.0
KRY,2025-05-26,2025,2,5,22,operasional,train,0.0,0.0,0.0,0,0,0,62.32652620324228,0.0,0.0,0.0,0,0,0.0,0.0
KRY,2025-06-02,2025,2,6,23,operasional,train,0.0,0.0,0.0,0,0,0,62.32652620324228,0.0,0.0,0.0,0,0,0.0,0.0
KRY,2025-06-09,2025,2,6,24,operasional,train,6.0,6.0,1.9459101490553132,0,0,0,62.32652620324228,60000.0,1.0,1.0,1,1,13.0,1.0
KRY,2025-06-16,2025,2,6,25,operasional,train,0.0,0.0,0.0,0,0,0,62.32652620324228,0.0,0.0,0.0,0,0,0.0,0.0
KRY,2025-06-23,2025,2,6,26,operasional,train,0.0,0.0,0.0,0,0,0,62.32652620324228,0.0,0.0,0.0,1,1,0.0,0.0
KRY,2025-06-30,2025,2,6,27,operasional,train,0.0,0.0,0.0,0,0,0,62.32652620324228,0.0,0.0,0.0,0,0,0.0,0.0
KRY,2025-07-07,2025,3,7,28,operasional,train,0.0,0.0,0.0,0,0,0,62.32652620324228,0.0,0.0,0.0,0,0,0.0,0.0
KRY,2025-07-14,2025,3,7,29,operasional,train,0.0,0.0,0.0,0,0,0,62.32652620324228,0.0,0.0,0.0,0,0,0.0,0.0
KRY,2025-07-21,2025,3,7,30,operasional,train,0.0,0.0,0.0,0,0,0,62.32652620324228,0.0,0.0,0.0,0,0,0.0,0.0
KRY,2025-07-28,2025,3,7,31,operasional,train,0.0,0.0,0.0,0,0,0,62.32652620324228,0.0,0.0,0.0,0,0,0.0,0.0
KRY,2025-08-04,2025,3,8,32,operasional,train,0.0,0.0,0.0,0,0,0,62.32652620324228,0.0,0.0,0.0,0,0,0.0,0.0
KRY,2025-08-11,2025,3,8,33,operasional,train,0.0,0.0,0.0,0,0,0,62.32652620324228,0.0,0.0,0.0,1,0,0.0,0.0
KRY,2025-08-18,2025,3,8,34,operasional,train,0.0,0.0,0.0,0,0,0,62.32652620324228,0.0,0.0,0.0,0,0,0.0,0.0
KRY,2025-08-25,2025,3,8,35,operasional,train,0.0,0.0,0.0,0,0,0,62.32652620324228,0.0,0.0,0.0,0,0,0.0,0.0
KRY,2025-09-01,2025,3,9,36,operasional,train,0.0,0.0,0.0,0,0,0,62.32652620324228,0.0,0.0,0.0,0,0,0.0,0.0
KRY,2025-09-08,2025,3,9,37,operasional,train,0.0,0.0,0.0,0,0,0,62.32652620324228,0.0,0.0,0.0,0,0,0.0,0.0
KRY,2025-09-15,2025,3,9,38,operasional,train,0.0,0.0,0.0,0,0,0,62.32652620324228,0.0,0.0,0.0,0,0,0.0,0.0
KRY,2025-09-22,2025,3,9,39,operasional,train,0.0,0.0,0.0,0,0,0,62.32652620324228,0.0,0.0,0.0,0,1,0.0,0.0
KRY,2025-09-29,2025,3,9,40,operasional,train,0.0,0.0,0.0,0,0,0,62.32652620324228,0.0,0.0,0.0,0,0,0.0,0.0
KRY,2025-10-06,2025,4,10,41,operasional,train,0.0,0.0,0.0,0,0,0,62.32652620324228,0.0,0.0,0.0,0,0,0.0,0.0
KRY,2025-10-13,2025,4,10,42,operasional,train,0.0,0.0,0.0,0,0,0,62.32652620324228,0.0,0.0,0.0,0,0,0.0,0.0
KRY,2025-10-20,2025,4,10,43,operasional,train,0.0,0.0,0.0,0,0,0,62.32652620324228,0.0,0.0,0.0,0,0,0.0,0.0
KRY,2025-10-27,2025,4,10,44,operasional,train,0.0,0.0,0.0,0,0,0,62.32652620324228,0.0,0.0,0.0,0,0,0.0,0.0
KRY,2025-11-03,2025,4,11,45,operasional,train,0.0,0.0,0.0,0,0,0,62.32652620324228,0.0,0.0,0.0,0,0,0.0,0.0
KRY,2025-11-10,2025,4,11,46,operasional,train,0.0,0.0,0.0,0,0,0,62.32652620324228,0.0,0.0,0.0,0,0,0.0,0.0
KRY,2025-11-17,2025,4,11,47,operasional,train,0.0,0.0,0.0,0,0,0,62.32652620324228,0.0,0.0,0.0,0,0,0.0,0.0
KRY,2025-11-24,2025,4,11,48,operasional,train,0.0,0.0,0.0,0,0,0,62.32652620324228,0.0,0.0,0.0,0,0,0.0,0.0
KRY,2025-12-01,2025,4,12,49,operasional,train,0.0,0.0,0.0,0,0,0,62.32652620324228,0.0,0.0,0.0,1,0,0.0,0.0
KRY,2025-12-08,2025,4,12,50,operasional,train,0.0,0.0,0.0,0,0,0,62.32652620324228,0.0,0.0,0.0,0,0,0.0,0.0
KRY,2025-12-15,2025,4,12,51,operasional,train,0.0,0.0,0.0,0,0,0,62.32652620324228,0.0,0.0,0.0,0,0,0.0,0.0
KRY,2025-12-22,2025,4,12,52,operasional,train,0.0,0.0,0.0,0,0,0,62.32652620324228,0.0,0.0,0.0,0,0,0.0,0.0
KRY,2025-12-29,2025,4,12,1,operasional,train,0.0,0.0,0.0,0,0,0,62.32652620324228,0.0,0.0,0.0,0,0,0.0,0.0
KRY,2026-01-05,2026,1,1,2,operasional,train,0.0,0.0,0.0,0,0,0,62.32652620324228,0.0,0.0,0.0,0,0,0.0,0.0
KRY,2026-01-12,2026,1,1,3,operasional,train,0.0,0.0,0.0,0,0,0,62.32652620324228,0.0,0.0,0.0,0,0,0.0,0.0
KRY,2026-01-19,2026,1,1,4,operasional,train,0.0,0.0,0.0,0,0,0,62.32652620324228,0.0,0.0,0.0,0,0,0.0,0.0
KRY,2026-01-26,2026,1,1,5,operasional,train,0.0,0.0,0.0,0,0,0,62.32652620324228,0.0,0.0,0.0,0,0,0.0,0.0
KRY,2026-02-02,2026,1,2,6,operasional,train,12.0,12.0,2.5649493574615367,0,0,0,62.32652620324228,120000.0,1.0,1.0,1,0,33.0,1.0
KRY,2026-02-09,2026,1,2,7,operasional,train,0.0,0.0,0.0,0,0,0,62.32652620324228,0.0,0.0,0.0,0,0,0.0,0.0
KRY,2026-02-16,2026,1,2,8,operasional,train,0.0,0.0,0.0,0,0,0,62.32652620324228,0.0,0.0,0.0,0,0,0.0,0.0
KRY,2026-02-23,2026,1,2,9,operasional,train,0.0,0.0,0.0,0,0,0,62.32652620324228,0.0,0.0,0.0,0,0,0.0,0.0
KRY,2026-03-02,2026,1,3,10,operasional,train,0.0,0.0,0.0,0,0,0,62.32652620324228,0.0,0.0,0.0,0,0,0.0,0.0
KRY,2026-03-09,2026,1,3,11,operasional,train,0.0,0.0,0.0,0,0,0,62.32652620324228,0.0,0.0,0.0,0,0,0.0,0.0
KRY,2026-03-16,2026,1,3,12,operasional,train,0.0,0.0,0.0,0,0,0,62.32652620324228,0.0,0.0,0.0,1,0,0.0,0.0
KRY,2026-03-23,2026,1,3,13,operasional,train,0.0,0.0,0.0,0,0,0,62.32652620324228,0.0,0.0,0.0,0,0,0.0,0.0
KRY,2026-03-30,2026,1,3,14,operasional,train,0.0,0.0,0.0,0,0,0,62.32652620324228,0.0,0.0,0.0,1,0,0.0,0.0
KRY,2026-04-06,2026,2,4,15,operasional,test,0.0,0.0,0.0,0,0,0,62.32652620324228,0.0,0.0,0.0,0,0,0.0,0.0
KRY,2026-04-13,2026,2,4,16,operasional,test,0.0,0.0,0.0,0,0,0,62.32652620324228,0.0,0.0,0.0,0,1,0.0,0.0
KRY,2026-04-20,2026,2,4,17,operasional,test,0.0,0.0,0.0,0,0,0,62.32652620324228,0.0,0.0,0.0,0,0,0.0,0.0
KRY,2026-04-27,2026,2,4,18,operasional,test,0.0,0.0,0.0,0,0,0,62.32652620324228,0.0,0.0,0.0,0,0,0.0,0.0
KRY,2026-05-04,2026,2,5,19,operasional,test,0.0,0.0,0.0,0,0,0,62.32652620324228,0.0,0.0,0.0,1,0,0.0,0.0
KRY,2026-05-11,2026,2,5,20,operasional,test,3.0,3.0,1.3862943611198906,0,0,0,62.32652620324228,30000.0,1.0,1.0,0,1,0.0,0.0
KRY,2026-05-18,2026,2,5,21,operasional,test,0.0,0.0,0.0,0,0,0,62.32652620324228,0.0,0.0,0.0,0,0,0.0,0.0
KRY,2026-05-25,2026,2,5,22,operasional,test,0.0,0.0,0.0,0,0,0,62.32652620324228,0.0,0.0,0.0,0,0,0.0,0.0
KRY,2026-06-01,2026,2,6,23,operasional,test,0.0,0.0,0.0,0,0,0,62.32652620324228,0.0,0.0,0.0,0,0,0.0,0.0
KRY,2026-06-08,2026,2,6,24,operasional,test,0.0,0.0,0.0,0,0,0,62.32652620324228,0.0,0.0,0.0,0,0,0.0,0.0
KRY,2026-06-15,2026,2,6,25,operasional,test,0.0,0.0,0.0,0,0,0,62.32652620324228,0.0,0.0,0.0,0,0,0.0,0.0
KRY,2026-06-22,2026,2,6,26,operasional,test,1.0,1.0,0.6931471805599453,0,0,0,62.32652620324228,10000.0,1.0,1.0,1,0,0.0,0.0
KRY,2026-06-29,2026,2,6,27,operasional,test,2.0,2.0,1.0986122886681096,0,0,0,62.32652620324228,20000.0,1.0,1.0,0,1,0.0,0.0
KRY,2026-07-06,2026,3,7,28,operasional,test,0.0,0.0,0.0,0,0,0,62.32652620324228,0.0,0.0,0.0,0,0,0.0,0.0
KRY,2026-07-13,2026,3,7,29,operasional,test,0.0,0.0,0.0,0,0,0,62.32652620324228,0.0,0.0,0.0,0,0,0.0,0.0
KRY,2026-07-20,2026,3,7,30,operasional,test,9.0,9.0,2.302585092994046,0,0,0,62.32652620324228,90000.0,1.0,1.0,1,1,0.0,0.0
KRY,2026-07-27,2026,3,7,31,operasional,test,0.0,0.0,0.0,0,0,0,62.32652620324228,0.0,0.0,0.0,0,0,0.0,0.0
KRY,2026-08-03,2026,3,8,32,operasional,test,0.0,0.0,0.0,0,0,0,62.32652620324228,0.0,0.0,0.0,0,0,0.0,0.0
KRY,2026-08-10,2026,3,8,33,operasional,test,0.0,0.0,0.0,0,0,0,62.32652620324228,0.0,0.0,0.0,0,1,0.0,0.0
KRY,2026-08-17,2026,3,8,34,operasional,test,0.0,0.0,0.0,0,0,0,62.32652620324228,0.0,0.0,0.0,0,1,0.0,0.0
KRY,2026-08-24,2026,3,8,35,operasional,test,0.0,0.0,0.0,0,0,0,62.32652620324228,0.0,0.0,0.0,1,0,0.0,0.0
KRY,2026-08-31,2026,3,8,36,operasional,test,0.0,0.0,0.0,0,0,0,62.32652620324228,0.0,0.0,0.0,0,1,0.0,0.0
KRY,2026-09-07,2026,3,9,37,operasional,test,0.0,0.0,0.0,0,0,0,62.32652620324228,0.0,0.0,0.0,0,0,0.0,0.0
KRY,2026-09-14,2026,3,9,38,operasional,test,6.0,6.0,1.9459101490553132,0,0,0,62.32652620324228,60000.0,1.0,1.0,1,1,0.0,0.0
KRY,2026-09-21,2026,3,9,39,operasional,test,0.0,0.0,0.0,0,0,0,62.32652620324228,0.0,0.0,0.0,0,0,0.0,0.0
LBP,2024-01-01,2024,1,1,1,sebelum_produk_dijual,train,,,,0,0,0,41.92875399127208,,,,1,0,,
LBP,2024-01-08,2024,1,1,2,sebelum_produk_dijual,train,,,,0,0,0,41.92875399127208,,,,1,0,,
LBP,2024-01-15,2024,1,1,3,sebelum_produk_dijual,train,,,,0,0,0,41.92875399127208,,,,0,0,,
LBP,2024-01-22,2024,1,1,4,sebelum_produk_dijual,train,,,,0,0,0,41.92875399127208,,,,0,0,,
LBP,2024-01-29,2024,1,1,5,sebelum_produk_dijual,train,,,,0,0,0,41.92875399127208,,,,0,0,,
LBP,2024-02-05,2024,1,2,6,sebelum_produk_dijual,train,,,,0,0,0,41.92875399127208,,,,1,0,,
LBP,2024-02-12,2024,1,2,7,sebelum_produk_dijual,train,,,,0,0,0,41.92875399127208,,,,1,0,,
LBP,2024-02-19,2024,1,2,8,sebelum_produk_dijual,train,,,,0,0,0,41.92875399127208,,,,0,0,,
LBP,2024-02-26,2024,1,2,9,sebelum_produk_dijual,train,,,,0,0,0,41.92875399127208,,,,1,0,,
LBP,2024-03-04,2024,1,3,10,sebelum_produk_dijual,train,,,,0,0,0,41.92875399127208,,,,0,0,,
LBP,2024-03-11,2024,1,3,11,sebelum_produk_dijual,train,,,,0,0,0,41.92875399127208,,,,1,0,,
LBP,2024-03-18,2024,1,3,12,sebelum_produk_dijual,train,,,,0,0,0,41.92875399127208,,,,1,0,,
LBP,2024-03-25,2024,1,3,13,sebelum_produk_dijual,train,,,,0,0,0,41.92875399127208,,,,0,1,,
LBP,2024-04-01,2024,2,4,14,sebelum_produk_dijual,train,,,,0,0,0,41.92875399127208,,,,1,0,,
LBP,2024-04-08,2024,2,4,15,sebelum_produk_dijual,train,,,,0,0,0,41.92875399127208,,,,0,0,,
LBP,2024-04-15,2024,2,4,16,sebelum_produk_dijual,train,,,,0,0,0,41.92875399127208,,,,1,0,,
LBP,2024-04-22,2024,2,4,17,sebelum_produk_dijual,train,,,,0,0,0,41.92875399127208,,,,1,0,,
LBP,2024-04-29,2024,2,4,18,sebelum_produk_dijual,train,,,,0,0,0,41.92875399127208,,,,0,1,,
LBP,2024-05-06,2024,2,5,19,sebelum_produk_dijual,train,,,,0,0,0,41.92875399127208,,,,1,0,,
LBP,2024-05-13,2024,2,5,20,sebelum_produk_dijual,train,,,,0,0,0,41.92875399127208,,,,0,0,,
LBP,2024-05-20,2024,2,5,21,sebelum_produk_dijual,train,,,,0,0,0,41.92875399127208,,,,0,1,,
LBP,2024-05-27,2024,2,5,22,operasional,train,17.0,17.0,2.8903717578961645,0,0,0,41.92875399127208,170000.0,3.0,2.0,0,0,50.0,1.0
LBP,2024-06-03,2024,2,6,23,operasional,train,0.0,0.0,0.0,0,0,0,41.92875399127208,0.0,0.0,0.0,0,1,0.0,0.0
LBP,2024-06-10,2024,2,6,24,operasional,train,0.0,0.0,0.0,0,0,0,41.92875399127208,0.0,0.0,0.0,0,1,0.0,0.0
LBP,2024-06-17,2024,2,6,25,operasional,train,0.0,0.0,0.0,0,0,0,41.92875399127208,0.0,0.0,0.0,1,1,0.0,0.0
LBP,2024-06-24,2024,2,6,26,operasional,train,0.0,0.0,0.0,0,0,0,41.92875399127208,0.0,0.0,0.0,1,1,0.0,0.0
LBP,2024-07-01,2024,3,7,27,operasional,train,0.0,0.0,0.0,0,0,0,41.92875399127208,0.0,0.0,0.0,0,1,0.0,0.0
LBP,2024-07-08,2024,3,7,28,operasional,train,24.0,24.0,3.2188758248682006,0,0,0,41.92875399127208,240000.0,3.0,2.0,0,0,0.0,0.0
LBP,2024-07-15,2024,3,7,29,operasional,train,0.0,0.0,0.0,0,0,0,41.92875399127208,0.0,0.0,0.0,0,1,0.0,0.0
LBP,2024-07-22,2024,3,7,30,operasional,train,0.0,0.0,0.0,0,0,0,41.92875399127208,0.0,0.0,0.0,0,0,0.0,0.0
LBP,2024-07-29,2024,3,7,31,operasional,train,0.0,0.0,0.0,0,0,0,41.92875399127208,0.0,0.0,0.0,1,0,0.0,0.0
LBP,2024-08-05,2024,3,8,32,operasional,train,0.0,0.0,0.0,0,0,0,41.92875399127208,0.0,0.0,0.0,0,0,0.0,0.0
LBP,2024-08-12,2024,3,8,33,operasional,train,0.0,0.0,0.0,0,0,0,41.92875399127208,0.0,0.0,0.0,1,0,0.0,0.0
LBP,2024-08-19,2024,3,8,34,operasional,train,0.0,0.0,0.0,0,0,0,41.92875399127208,0.0,0.0,0.0,1,0,0.0,0.0
LBP,2024-08-26,2024,3,8,35,operasional,train,0.0,0.0,0.0,0,0,0,41.92875399127208,0.0,0.0,0.0,0,1,0.0,0.0
LBP,2024-09-02,2024,3,9,36,operasional,train,0.0,0.0,0.0,0,0,0,41.92875399127208,0.0,0.0,0.0,1,0,0.0,0.0
LBP,2024-09-09,2024,3,9,37,operasional,train,0.0,0.0,0.0,0,0,0,41.92875399127208,0.0,0.0,0.0,0,0,0.0,0.0
LBP,2024-09-16,2024,3,9,38,operasional,train,0.0,0.0,0.0,0,0,0,41.92875399127208,0.0,0.0,0.0,1,0,0.0,0.0
LBP,2024-09-23,2024,3,9,39,operasional,train,0.0,0.0,0.0,0,0,0,41.92875399127208,0.0,0.0,0.0,1,0,0.0,0.0
LBP,2024-09-30,2024,3,9,40,operasional,train,0.0,0.0,0.0,0,0,0,41.92875399127208,0.0,0.0,0.0,0,1,0.0,0.0
LBP,2024-10-07,2024,4,10,41,operasional,train,0.0,0.0,0.0,0,0,0,41.92875399127208,0.0,0.0,0.0,1,0,0.0,0.0
LBP,2024-10-14,2024,4,10,42,operasional,train,0.0,0.0,0.0,0,0,0,41.92875399127208,0.0,0.0,0.0,0,0,0.0,0.0
LBP,2024-10-21,2024,4,10,43,tidak_tercatat,train,,,,0,0,0,41.92875399127208,,,,0,0,,
LBP,2024-10-28,2024,4,10,44,tidak_tercatat,train,,,,0,0,0,41.92875399127208,,,,0,0,,
LBP,2024-11-04,2024,4,11,45,tidak_tercatat,train,,,,0,0,0,41.92875399127208,,,,0,0,,
LBP,2024-11-11,2024,4,11,46,tidak_tercatat,train,,,,0,0,0,41.92875399127208,,,,0,0,,
LBP,2024-11-18,2024,4,11,47,tidak_tercatat,train,,,,0,0,0,41.92875399127208,,,,0,0,,
LBP,2024-11-25,2024,4,11,48,tidak_tercatat,train,,,,0,0,0,41.92875399127208,,,,0,0,,
LBP,2024-12-02,2024,4,12,49,tidak_tercatat,train,,,,0,0,0,41.92875399127208,,,,0,0,,
LBP,2024-12-09,2024,4,12,50,tidak_tercatat,train,,,,0,0,0,41.92875399127208,,,,0,0,,
LBP,2024-12-16,2024,4,12,51,tidak_tercatat,train,,,,0,0,0,41.92875399127208,,,,0,0,,
LBP,2024-12-23,2024,4,12,52,tidak_tercatat,train,,,,0,0,0,41.92875399127208,,,,0,0,,
LBP,2024-12-30,2024,4,12,1,tidak_tercatat,train,,,,0,0,0,41.92875399127208,,,,0,0,,
LBP,2025-01-06,2025,1,1,2,tidak_tercatat,train,,,,0,0,0,41.92875399127208,,,,0,0,,
LBP,2025-01-13,2025,1,1,3,tidak_tercatat,train,,,,0,0,0,41.92875399127208,,,,0,0,,
LBP,2025-01-20,2025,1,1,4,tidak_tercatat,train,,,,0,0,0,41.92875399127208,,,,0,0,,
LBP,2025-01-27,2025,1,1,5,operasional,train,0.0,0.0,0.0,0,0,0,41.92875399127208,0.0,0.0,0.0,0,0,0.0,0.0
LBP,2025-02-03,2025,1,2,6,operasional,train,0.0,0.0,0.0,0,0,0,41.92875399127208,0.0,0.0,0.0,0,0,0.0,0.0
LBP,2025-02-10,2025,1,2,7,operasional,train,0.0,0.0,0.0,0,0,0,41.92875399127208,0.0,0.0,0.0,0,0,0.0,0.0
LBP,2025-02-17,2025,1,2,8,operasional,train,0.0,0.0,0.0,0,0,0,41.92875399127208,0.0,0.0,0.0,0,0,0.0,0.0
LBP,2025-02-24,2025,1,2,9,operasional,train,0.0,0.0,0.0,0,0,0,41.92875399127208,0.0,0.0,0.0,0,0,0.0,0.0
LBP,2025-03-03,2025,1,3,10,tidak_tercatat,train,,,,0,0,0,41.92875399127208,,,,0,0,,
LBP,2025-03-10,2025,1,3,11,tidak_tercatat,train,,,,0,0,0,41.92875399127208,,,,0,0,,
LBP,2025-03-17,2025,1,3,12,tidak_tercatat,train,,,,0,0,0,41.92875399127208,,,,0,0,,
LBP,2025-03-24,2025,1,3,13,tidak_tercatat,train,,,,0,0,0,41.92875399127208,,,,0,0,,
LBP,2025-03-31,2025,1,3,14,tidak_tercatat,train,,,,0,0,0,41.92875399127208,,,,0,0,,
LBP,2025-04-07,2025,2,4,15,tidak_tercatat,train,,,,0,0,0,41.92875399127208,,,,0,0,,
LBP,2025-04-14,2025,2,4,16,operasional,train,0.0,0.0,0.0,0,0,0,41.92875399127208,0.0,0.0,0.0,0,0,0.0,0.0
LBP,2025-04-21,2025,2,4,17,operasional,train,0.0,0.0,0.0,0,0,0,41.92875399127208,0.0,0.0,0.0,0,0,0.0,0.0
LBP,2025-04-28,2025,2,4,18,operasional,train,0.0,0.0,0.0,0,0,0,41.92875399127208,0.0,0.0,0.0,0,0,0.0,0.0
LBP,2025-05-05,2025,2,5,19,operasional,train,0.0,0.0,0.0,0,0,0,41.92875399127208,0.0,0.0,0.0,0,0,0.0,0.0
LBP,2025-05-12,2025,2,5,20,operasional,train,0.0,0.0,0.0,0,0,0,41.92875399127208,0.0,0.0,0.0,0,0,0.0,0.0
LBP,2025-05-19,2025,2,5,21,operasional,train,0.0,0.0,0.0,0,0,0,41.92875399127208,0.0,0.0,0.0,0,0,0.0,0.0
LBP,2025-05-26,2025,2,5,22,operasional,train,0.0,0.0,0.0,0,0,0,41.92875399127208,0.0,0.0,0.0,0,0,0.0,0.0
LBP,2025-06-02,2025,2,6,23,operasional,train,2.1,2.1,1.1314021114911006,0,0,0,41.92875399127208,21000.0,1.0,1.0,0,0,46.0,1.0
LBP,2025-06-09,2025,2,6,24,operasional,train,0.0,0.0,0.0,0,0,0,41.92875399127208,0.0,0.0,0.0,1,1,0.0,0.0
LBP,2025-06-16,2025,2,6,25,operasional,train,0.0,0.0,0.0,0,0,0,41.92875399127208,0.0,0.0,0.0,0,0,0.0,0.0
LBP,2025-06-23,2025,2,6,26,operasional,train,0.0,0.0,0.0,0,0,0,41.92875399127208,0.0,0.0,0.0,1,1,0.0,0.0
LBP,2025-06-30,2025,2,6,27,operasional,train,0.0,0.0,0.0,0,0,0,41.92875399127208,0.0,0.0,0.0,0,0,0.0,0.0
LBP,2025-07-07,2025,3,7,28,operasional,train,0.0,0.0,0.0,0,0,0,41.92875399127208,0.0,0.0,0.0,0,0,0.0,0.0
LBP,2025-07-14,2025,3,7,29,operasional,train,0.0,0.0,0.0,0,0,0,41.92875399127208,0.0,0.0,0.0,0,0,0.0,0.0
LBP,2025-07-21,2025,3,7,30,operasional,train,0.0,0.0,0.0,0,0,0,41.92875399127208,0.0,0.0,0.0,0,0,0.0,0.0
LBP,2025-07-28,2025,3,7,31,operasional,train,0.0,0.0,0.0,0,0,0,41.92875399127208,0.0,0.0,0.0,0,0,0.0,0.0
LBP,2025-08-04,2025,3,8,32,operasional,train,0.0,0.0,0.0,0,0,0,41.92875399127208,0.0,0.0,0.0,0,0,0.0,0.0
LBP,2025-08-11,2025,3,8,33,operasional,train,0.0,0.0,0.0,0,0,0,41.92875399127208,0.0,0.0,0.0,1,0,0.0,0.0
LBP,2025-08-18,2025,3,8,34,operasional,train,0.0,0.0,0.0,0,0,0,41.92875399127208,0.0,0.0,0.0,0,0,0.0,0.0
LBP,2025-08-25,2025,3,8,35,operasional,train,0.0,0.0,0.0,0,0,0,41.92875399127208,0.0,0.0,0.0,0,0,0.0,0.0
LBP,2025-09-01,2025,3,9,36,operasional,train,0.0,0.0,0.0,0,0,0,41.92875399127208,0.0,0.0,0.0,0,0,0.0,0.0
LBP,2025-09-08,2025,3,9,37,operasional,train,0.0,0.0,0.0,0,0,0,41.92875399127208,0.0,0.0,0.0,0,0,0.0,0.0
LBP,2025-09-15,2025,3,9,38,operasional,train,0.0,0.0,0.0,0,0,0,41.92875399127208,0.0,0.0,0.0,0,0,0.0,0.0
LBP,2025-09-22,2025,3,9,39,operasional,train,0.0,0.0,0.0,0,0,0,41.92875399127208,0.0,0.0,0.0,0,1,0.0,0.0
LBP,2025-09-29,2025,3,9,40,operasional,train,0.0,0.0,0.0,0,0,0,41.92875399127208,0.0,0.0,0.0,0,0,0.0,0.0
LBP,2025-10-06,2025,4,10,41,operasional,train,0.0,0.0,0.0,0,0,0,41.92875399127208,0.0,0.0,0.0,0,0,0.0,0.0
LBP,2025-10-13,2025,4,10,42,operasional,train,0.0,0.0,0.0,0,0,0,41.92875399127208,0.0,0.0,0.0,0,0,0.0,0.0
LBP,2025-10-20,2025,4,10,43,operasional,train,0.0,0.0,0.0,0,0,0,41.92875399127208,0.0,0.0,0.0,0,0,0.0,0.0
LBP,2025-10-27,2025,4,10,44,operasional,train,0.0,0.0,0.0,0,0,0,41.92875399127208,0.0,0.0,0.0,0,0,0.0,0.0
LBP,2025-11-03,2025,4,11,45,operasional,train,0.0,0.0,0.0,0,0,0,41.92875399127208,0.0,0.0,0.0,0,0,0.0,0.0
LBP,2025-11-10,2025,4,11,46,operasional,train,0.0,0.0,0.0,0,0,0,41.92875399127208,0.0,0.0,0.0,0,0,0.0,0.0
LBP,2025-11-17,2025,4,11,47,operasional,train,0.0,0.0,0.0,0,0,0,41.92875399127208,0.0,0.0,0.0,0,0,0.0,0.0
LBP,2025-11-24,2025,4,11,48,operasional,train,0.0,0.0,0.0,0,0,0,41.92875399127208,0.0,0.0,0.0,0,0,0.0,0.0
LBP,2025-12-01,2025,4,12,49,operasional,train,0.0,0.0,0.0,0,0,0,41.92875399127208,0.0,0.0,0.0,1,0,0.0,0.0
LBP,2025-12-08,2025,4,12,50,operasional,train,0.0,0.0,0.0,0,0,0,41.92875399127208,0.0,0.0,0.0,0,0,0.0,0.0
LBP,2025-12-15,2025,4,12,51,operasional,train,0.0,0.0,0.0,0,0,0,41.92875399127208,0.0,0.0,0.0,0,0,0.0,0.0
LBP,2025-12-22,2025,4,12,52,operasional,train,0.0,0.0,0.0,0,0,0,41.92875399127208,0.0,0.0,0.0,0,0,0.0,0.0
LBP,2025-12-29,2025,4,12,1,operasional,train,0.0,0.0,0.0,0,0,0,41.92875399127208,0.0,0.0,0.0,0,0,0.0,0.0
LBP,2026-01-05,2026,1,1,2,operasional,train,0.0,0.0,0.0,0,0,0,41.92875399127208,0.0,0.0,0.0,0,0,0.0,0.0
LBP,2026-01-12,2026,1,1,3,operasional,train,0.0,0.0,0.0,0,0,0,41.92875399127208,0.0,0.0,0.0,0,0,0.0,0.0
LBP,2026-01-19,2026,1,1,4,operasional,train,0.0,0.0,0.0,0,0,0,41.92875399127208,0.0,0.0,0.0,0,0,0.0,0.0
LBP,2026-01-26,2026,1,1,5,operasional,train,0.0,0.0,0.0,0,0,0,41.92875399127208,0.0,0.0,0.0,0,0,0.0,0.0
LBP,2026-02-02,2026,1,2,6,operasional,train,0.0,0.0,0.0,0,0,0,41.92875399127208,0.0,0.0,0.0,1,0,0.0,0.0
LBP,2026-02-09,2026,1,2,7,operasional,train,0.0,0.0,0.0,0,0,0,41.92875399127208,0.0,0.0,0.0,0,0,0.0,0.0
LBP,2026-02-16,2026,1,2,8,operasional,train,7.4,7.4,2.128231705849268,0,0,0,41.92875399127208,74000.0,3.0,1.0,0,0,24.0,1.0
LBP,2026-02-23,2026,1,2,9,operasional,train,0.0,0.0,0.0,0,0,0,41.92875399127208,0.0,0.0,0.0,0,0,0.0,0.0
LBP,2026-03-02,2026,1,3,10,operasional,train,0.0,0.0,0.0,0,0,0,41.92875399127208,0.0,0.0,0.0,0,0,0.0,0.0
LBP,2026-03-09,2026,1,3,11,operasional,train,0.0,0.0,0.0,0,0,0,41.92875399127208,0.0,0.0,0.0,0,0,0.0,0.0
LBP,2026-03-16,2026,1,3,12,operasional,train,0.0,0.0,0.0,0,0,0,41.92875399127208,0.0,0.0,0.0,1,0,0.0,0.0
LBP,2026-03-23,2026,1,3,13,operasional,train,0.0,0.0,0.0,0,0,0,41.92875399127208,0.0,0.0,0.0,0,0,0.0,0.0
LBP,2026-03-30,2026,1,3,14,operasional,train,5.0,5.0,1.791759469228055,0,0,0,41.92875399127208,50000.0,2.0,2.0,1,0,0.0,0.0
LBP,2026-04-06,2026,2,4,15,operasional,test,0.0,0.0,0.0,0,0,0,41.92875399127208,0.0,0.0,0.0,0,0,0.0,0.0
LBP,2026-04-13,2026,2,4,16,operasional,test,0.0,0.0,0.0,0,0,0,41.92875399127208,0.0,0.0,0.0,0,1,0.0,0.0
LBP,2026-04-20,2026,2,4,17,operasional,test,0.0,0.0,0.0,0,0,0,41.92875399127208,0.0,0.0,0.0,0,0,0.0,0.0
LBP,2026-04-27,2026,2,4,18,operasional,test,0.0,0.0,0.0,0,0,0,41.92875399127208,0.0,0.0,0.0,0,0,0.0,0.0
LBP,2026-05-04,2026,2,5,19,operasional,test,0.0,0.0,0.0,0,0,0,41.92875399127208,0.0,0.0,0.0,1,0,0.0,0.0
LBP,2026-05-11,2026,2,5,20,operasional,test,0.0,0.0,0.0,0,0,0,41.92875399127208,0.0,0.0,0.0,0,1,0.0,0.0
LBP,2026-05-18,2026,2,5,21,operasional,test,0.0,0.0,0.0,0,0,0,41.92875399127208,0.0,0.0,0.0,0,0,0.0,0.0
LBP,2026-05-25,2026,2,5,22,operasional,test,0.0,0.0,0.0,0,0,0,41.92875399127208,0.0,0.0,0.0,0,0,0.0,0.0
LBP,2026-06-01,2026,2,6,23,operasional,test,0.0,0.0,0.0,0,0,0,41.92875399127208,0.0,0.0,0.0,0,0,0.0,0.0
LBP,2026-06-08,2026,2,6,24,operasional,test,0.0,0.0,0.0,0,0,0,41.92875399127208,0.0,0.0,0.0,0,0,0.0,0.0
LBP,2026-06-15,2026,2,6,25,operasional,test,0.0,0.0,0.0,0,0,0,41.92875399127208,0.0,0.0,0.0,0,0,0.0,0.0
LBP,2026-06-22,2026,2,6,26,operasional,test,0.0,0.0,0.0,0,0,0,41.92875399127208,0.0,0.0,0.0,1,0,0.0,0.0
LBP,2026-06-29,2026,2,6,27,operasional,test,0.0,0.0,0.0,0,0,0,41.92875399127208,0.0,0.0,0.0,0,1,0.0,0.0
LBP,2026-07-06,2026,3,7,28,operasional,test,0.0,0.0,0.0,0,0,0,41.92875399127208,0.0,0.0,0.0,0,0,0.0,0.0
LBP,2026-07-13,2026,3,7,29,operasional,test,0.0,0.0,0.0,0,0,0,41.92875399127208,0.0,0.0,0.0,0,0,0.0,0.0
LBP,2026-07-20,2026,3,7,30,operasional,test,7.4,7.4,2.128231705849268,0,0,0,41.92875399127208,74000.0,3.0,1.0,1,1,21.0,1.0
LBP,2026-07-27,2026,3,7,31,operasional,test,0.0,0.0,0.0,0,0,0,41.92875399127208,0.0,0.0,0.0,0,0,0.0,0.0
LBP,2026-08-03,2026,3,8,32,operasional,test,0.0,0.0,0.0,0,0,0,41.92875399127208,0.0,0.0,0.0,0,0,0.0,0.0
LBP,2026-08-10,2026,3,8,33,operasional,test,0.0,0.0,0.0,0,0,0,41.92875399127208,0.0,0.0,0.0,0,1,0.0,0.0
LBP,2026-08-17,2026,3,8,34,operasional,test,0.0,0.0,0.0,0,0,0,41.92875399127208,0.0,0.0,0.0,0,1,0.0,0.0
LBP,2026-08-24,2026,3,8,35,operasional,test,0.0,0.0,0.0,0,0,0,41.92875399127208,0.0,0.0,0.0,1,0,0.0,0.0
LBP,2026-08-31,2026,3,8,36,operasional,test,0.0,0.0,0.0,0,0,0,41.92875399127208,0.0,0.0,0.0,0,1,0.0,0.0
LBP,2026-09-07,2026,3,9,37,operasional,test,0.0,0.0,0.0,0,0,0,41.92875399127208,0.0,0.0,0.0,0,0,0.0,0.0
LBP,2026-09-14,2026,3,9,38,operasional,test,0.0,0.0,0.0,0,0,0,41.92875399127208,0.0,0.0,0.0,1,1,0.0,0.0
LBP,2026-09-21,2026,3,9,39,operasional,test,7.4,7.4,2.128231705849268,0,0,0,41.92875399127208,74000.0,3.0,3.0,0,0,0.0,0.0
LDB,2024-01-01,2024,1,1,1,sebelum_produk_dijual,train,,,,0,0,0,13.160117268838125,,,,1,0,,
LDB,2024-01-08,2024,1,1,2,sebelum_produk_dijual,train,,,,0,0,0,13.160117268838125,,,,1,0,,
LDB,2024-01-15,2024,1,1,3,sebelum_produk_dijual,train,,,,0,0,0,13.160117268838125,,,,0,0,,
LDB,2024-01-22,2024,1,1,4,sebelum_produk_dijual,train,,,,0,0,0,13.160117268838125,,,,0,0,,
LDB,2024-01-29,2024,1,1,5,operasional,train,5.0,5.0,1.791759469228055,0,0,0,13.160117268838125,50000.0,1.0,1.0,0,0,63.0,1.0
LDB,2024-02-05,2024,1,2,6,operasional,train,0.0,0.0,0.0,0,0,0,13.160117268838125,0.0,0.0,0.0,1,0,0.0,0.0
LDB,2024-02-12,2024,1,2,7,operasional,train,0.0,0.0,0.0,0,0,0,13.160117268838125,0.0,0.0,0.0,1,0,0.0,0.0
LDB,2024-02-19,2024,1,2,8,operasional,train,0.0,0.0,0.0,0,0,0,13.160117268838125,0.0,0.0,0.0,0,0,0.0,0.0
LDB,2024-02-26,2024,1,2,9,operasional,train,10.0,10.0,2.3978952727983707,0,0,0,13.160117268838125,100000.0,1.0,1.0,1,0,0.0,0.0
LDB,2024-03-04,2024,1,3,10,operasional,train,0.0,0.0,0.0,0,0,0,13.160117268838125,0.0,0.0,0.0,0,0,0.0,0.0
LDB,2024-03-11,2024,1,3,11,operasional,train,0.0,0.0,0.0,0,0,0,13.160117268838125,0.0,0.0,0.0,1,0,0.0,0.0
LDB,2024-03-18,2024,1,3,12,operasional,train,0.0,0.0,0.0,0,0,0,13.160117268838125,0.0,0.0,0.0,1,0,0.0,0.0
LDB,2024-03-25,2024,1,3,13,operasional,train,0.0,0.0,0.0,0,0,0,13.160117268838125,0.0,0.0,0.0,0,1,0.0,0.0
LDB,2024-04-01,2024,2,4,14,operasional,train,0.0,0.0,0.0,0,0,0,13.160117268838125,0.0,0.0,0.0,1,0,0.0,0.0
LDB,2024-04-08,2024,2,4,15,operasional,train,7.0,7.0,2.0794415416798357,0,0,0,13.160117268838125,70000.0,1.0,1.0,0,0,0.0,0.0
LDB,2024-04-15,2024,2,4,16,operasional,train,0.0,0.0,0.0,0,0,0,13.160117268838125,0.0,0.0,0.0,1,0,0.0,0.0
LDB,2024-04-22,2024,2,4,17,operasional,train,0.0,0.0,0.0,0,0,0,13.160117268838125,0.0,0.0,0.0,1,0,0.0,0.0
LDB,2024-04-29,2024,2,4,18,operasional,train,0.0,0.0,0.0,0,0,0,13.160117268838125,0.0,0.0,0.0,0,1,0.0,0.0
LDB,2024-05-06,2024,2,5,19,operasional,train,0.0,0.0,0.0,0,0,0,13.160117268838125,0.0,0.0,0.0,1,0,0.0,0.0
LDB,2024-05-13,2024,2,5,20,operasional,train,4.0,4.0,1.6094379124341003,0,0,0,13.160117268838125,40000.0,1.0,1.0,0,0,0.0,0.0
LDB,2024-05-20,2024,2,5,21,operasional,train,0.0,0.0,0.0,0,0,0,13.160117268838125,0.0,0.0,0.0,0,1,0.0,0.0
LDB,2024-05-27,2024,2,5,22,operasional,train,0.0,0.0,0.0,0,0,0,13.160117268838125,0.0,0.0,0.0,0,0,0.0,0.0
LDB,2024-06-03,2024,2,6,23,operasional,train,0.0,0.0,0.0,0,0,0,13.160117268838125,0.0,0.0,0.0,0,1,0.0,0.0
LDB,2024-06-10,2024,2,6,24,operasional,train,0.0,0.0,0.0,0,0,0,13.160117268838125,0.0,0.0,0.0,0,1,0.0,0.0
LDB,2024-06-17,2024,2,6,25,operasional,train,0.0,0.0,0.0,0,0,0,13.160117268838125,0.0,0.0,0.0,1,1,0.0,0.0
LDB,2024-06-24,2024,2,6,26,operasional,train,5.0,5.0,1.791759469228055,0,0,0,13.160117268838125,50000.0,1.0,1.0,1,1,0.0,0.0
LDB,2024-07-01,2024,3,7,27,operasional,train,0.0,0.0,0.0,0,0,0,13.160117268838125,0.0,0.0,0.0,0,1,0.0,0.0
LDB,2024-07-08,2024,3,7,28,operasional,train,0.0,0.0,0.0,0,0,0,13.160117268838125,0.0,0.0,0.0,0,0,0.0,0.0
LDB,2024-07-15,2024,3,7,29,operasional,train,0.0,0.0,0.0,0,0,0,13.160117268838125,0.0,0.0,0.0,0,1,0.0,0.0
LDB,2024-07-22,2024,3,7,30,operasional,train,0.0,0.0,0.0,0,0,0,13.160117268838125,0.0,0.0,0.0,0,0,0.0,0.0
LDB,2024-07-29,2024,3,7,31,operasional,train,10.0,10.0,2.3978952727983707,0,0,0,13.160117268838125,100000.0,1.0,1.0,1,0,0.0,0.0
LDB,2024-08-05,2024,3,8,32,operasional,train,0.0,0.0,0.0,0,0,0,13.160117268838125,0.0,0.0,0.0,0,0,0.0,0.0
LDB,2024-08-12,2024,3,8,33,operasional,train,0.0,0.0,0.0,0,0,0,13.160117268838125,0.0,0.0,0.0,1,0,0.0,0.0
LDB,2024-08-19,2024,3,8,34,operasional,train,0.0,0.0,0.0,0,0,0,13.160117268838125,0.0,0.0,0.0,1,0,0.0,0.0
LDB,2024-08-26,2024,3,8,35,operasional,train,0.0,0.0,0.0,0,0,0,13.160117268838125,0.0,0.0,0.0,0,1,0.0,0.0
LDB,2024-09-02,2024,3,9,36,operasional,train,0.0,0.0,0.0,0,0,0,13.160117268838125,0.0,0.0,0.0,1,0,0.0,0.0
LDB,2024-09-09,2024,3,9,37,operasional,train,7.0,7.0,2.0794415416798357,0,0,0,13.160117268838125,70000.0,1.0,1.0,0,0,0.0,0.0
LDB,2024-09-16,2024,3,9,38,operasional,train,0.0,0.0,0.0,0,0,0,13.160117268838125,0.0,0.0,0.0,1,0,0.0,0.0
LDB,2024-09-23,2024,3,9,39,operasional,train,0.0,0.0,0.0,0,0,0,13.160117268838125,0.0,0.0,0.0,1,0,0.0,0.0
LDB,2024-09-30,2024,3,9,40,operasional,train,0.0,0.0,0.0,0,0,0,13.160117268838125,0.0,0.0,0.0,0,1,0.0,0.0
LDB,2024-10-07,2024,4,10,41,operasional,train,0.0,0.0,0.0,0,0,0,13.160117268838125,0.0,0.0,0.0,1,0,0.0,0.0
LDB,2024-10-14,2024,4,10,42,operasional,train,4.0,4.0,1.6094379124341003,0,0,0,13.160117268838125,40000.0,1.0,1.0,0,0,0.0,0.0
LDB,2024-10-21,2024,4,10,43,tidak_tercatat,train,,,,0,0,0,13.160117268838125,,,,0,0,,
LDB,2024-10-28,2024,4,10,44,tidak_tercatat,train,,,,0,0,0,13.160117268838125,,,,0,0,,
LDB,2024-11-04,2024,4,11,45,tidak_tercatat,train,,,,0,0,0,13.160117268838125,,,,0,0,,
LDB,2024-11-11,2024,4,11,46,tidak_tercatat,train,,,,0,0,0,13.160117268838125,,,,0,0,,
LDB,2024-11-18,2024,4,11,47,tidak_tercatat,train,,,,0,0,0,13.160117268838125,,,,0,0,,
LDB,2024-11-25,2024,4,11,48,tidak_tercatat,train,,,,0,0,0,13.160117268838125,,,,0,0,,
LDB,2024-12-02,2024,4,12,49,tidak_tercatat,train,,,,0,0,0,13.160117268838125,,,,0,0,,
LDB,2024-12-09,2024,4,12,50,tidak_tercatat,train,,,,0,0,0,13.160117268838125,,,,0,0,,
LDB,2024-12-16,2024,4,12,51,tidak_tercatat,train,,,,0,0,0,13.160117268838125,,,,0,0,,
LDB,2024-12-23,2024,4,12,52,tidak_tercatat,train,,,,0,0,0,13.160117268838125,,,,0,0,,
LDB,2024-12-30,2024,4,12,1,tidak_tercatat,train,,,,0,0,0,13.160117268838125,,,,0,0,,
LDB,2025-01-06,2025,1,1,2,tidak_tercatat,train,,,,0,0,0,13.160117268838125,,,,0,0,,
LDB,2025-01-13,2025,1,1,3,tidak_tercatat,train,,,,0,0,0,13.160117268838125,,,,0,0,,
LDB,2025-01-20,2025,1,1,4,tidak_tercatat,train,,,,0,0,0,13.160117268838125,,,,0,0,,
LDB,2025-01-27,2025,1,1,5,operasional,train,0.0,0.0,0.0,0,0,0,13.160117268838125,0.0,0.0,0.0,0,0,0.0,0.0
LDB,2025-02-03,2025,1,2,6,operasional,train,0.0,0.0,0.0,0,0,0,13.160117268838125,0.0,0.0,0.0,0,0,0.0,0.0
LDB,2025-02-10,2025,1,2,7,operasional,train,0.0,0.0,0.0,0,0,0,13.160117268838125,0.0,0.0,0.0,0,0,0.0,0.0
LDB,2025-02-17,2025,1,2,8,operasional,train,0.0,0.0,0.0,0,0,0,13.160117268838125,0.0,0.0,0.0,0,0,0.0,0.0
LDB,2025-02-24,2025,1,2,9,operasional,train,10.0,10.0,2.3978952727983707,0,0,0,13.160117268838125,100000.0,1.0,1.0,0,0,58.0,1.0
LDB,2025-03-03,2025,1,3,10,tidak_tercatat,train,,,,0,0,0,13.160117268838125,,,,0,0,,
LDB,2025-03-10,2025,1,3,11,tidak_tercatat,train,,,,0,0,0,13.160117268838125,,,,0,0,,
LDB,2025-03-17,2025,1,3,12,tidak_tercatat,train,,,,0,0,0,13.160117268838125,,,,0,0,,
LDB,2025-03-24,2025,1,3,13,tidak_tercatat,train,,,,0,0,0,13.160117268838125,,,,0,0,,
LDB,2025-03-31,2025,1,3,14,tidak_tercatat,train,,,,0,0,0,13.160117268838125,,,,0,0,,
LDB,2025-04-07,2025,2,4,15,tidak_tercatat,train,,,,0,0,0,13.160117268838125,,,,0,0,,
LDB,2025-04-14,2025,2,4,16,operasional,train,5.0,5.0,1.791759469228055,0,0,0,13.160117268838125,50000.0,1.0,1.0,0,0,0.0,0.0
LDB,2025-04-21,2025,2,4,17,operasional,train,0.0,0.0,0.0,0,0,0,13.160117268838125,0.0,0.0,0.0,0,0,0.0,0.0
LDB,2025-04-28,2025,2,4,18,operasional,train,0.0,0.0,0.0,0,0,0,13.160117268838125,0.0,0.0,0.0,0,0,0.0,0.0
LDB,2025-05-05,2025,2,5,19,operasional,train,0.0,0.0,0.0,0,0,0,13.160117268838125,0.0,0.0,0.0,0,0,0.0,0.0
LDB,2025-05-12,2025,2,5,20,operasional,train,0.0,0.0,0.0,0,0,0,13.160117268838125,0.0,0.0,0.0,0,0,0.0,0.0
LDB,2025-05-19,2025,2,5,21,operasional,train,0.0,0.0,0.0,0,0,0,13.160117268838125,0.0,0.0,0.0,0,0,0.0,0.0
LDB,2025-05-26,2025,2,5,22,operasional,train,0.0,0.0,0.0,0,0,0,13.160117268838125,0.0,0.0,0.0,0,0,0.0,0.0
LDB,2025-06-02,2025,2,6,23,operasional,train,0.0,0.0,0.0,0,0,0,13.160117268838125,0.0,0.0,0.0,0,0,0.0,0.0
LDB,2025-06-09,2025,2,6,24,operasional,train,5.0,5.0,1.791759469228055,0,0,0,13.160117268838125,50000.0,1.0,1.0,1,1,0.0,0.0
LDB,2025-06-16,2025,2,6,25,operasional,train,0.0,0.0,0.0,0,0,0,13.160117268838125,0.0,0.0,0.0,0,0,0.0,0.0
LDB,2025-06-23,2025,2,6,26,operasional,train,0.0,0.0,0.0,0,0,0,13.160117268838125,0.0,0.0,0.0,1,1,0.0,0.0
LDB,2025-06-30,2025,2,6,27,operasional,train,0.0,0.0,0.0,0,0,0,13.160117268838125,0.0,0.0,0.0,0,0,0.0,0.0
LDB,2025-07-07,2025,3,7,28,operasional,train,0.0,0.0,0.0,0,0,0,13.160117268838125,0.0,0.0,0.0,0,0,0.0,0.0
LDB,2025-07-14,2025,3,7,29,operasional,train,0.0,0.0,0.0,0,0,0,13.160117268838125,0.0,0.0,0.0,0,0,0.0,0.0
LDB,2025-07-21,2025,3,7,30,operasional,train,0.0,0.0,0.0,0,0,0,13.160117268838125,0.0,0.0,0.0,0,0,0.0,0.0
LDB,2025-07-28,2025,3,7,31,operasional,train,0.0,0.0,0.0,0,0,0,13.160117268838125,0.0,0.0,0.0,0,0,0.0,0.0
LDB,2025-08-04,2025,3,8,32,operasional,train,5.0,5.0,1.791759469228055,0,0,0,13.160117268838125,50000.0,1.0,1.0,0,0,0.0,0.0
LDB,2025-08-11,2025,3,8,33,operasional,train,3.0,3.0,1.3862943611198906,0,0,0,13.160117268838125,30000.0,1.0,1.0,1,0,0.0,0.0
LDB,2025-08-18,2025,3,8,34,operasional,train,0.0,0.0,0.0,0,0,0,13.160117268838125,0.0,0.0,0.0,0,0,0.0,0.0
LDB,2025-08-25,2025,3,8,35,operasional,train,0.0,0.0,0.0,0,0,0,13.160117268838125,0.0,0.0,0.0,0,0,0.0,0.0
LDB,2025-09-01,2025,3,9,36,operasional,train,0.0,0.0,0.0,0,0,0,13.160117268838125,0.0,0.0,0.0,0,0,0.0,0.0
LDB,2025-09-08,2025,3,9,37,operasional,train,0.0,0.0,0.0,0,0,0,13.160117268838125,0.0,0.0,0.0,0,0,0.0,0.0
LDB,2025-09-15,2025,3,9,38,operasional,train,0.0,0.0,0.0,0,0,0,13.160117268838125,0.0,0.0,0.0,0,0,0.0,0.0
LDB,2025-09-22,2025,3,9,39,operasional,train,0.0,0.0,0.0,0,0,0,13.160117268838125,0.0,0.0,0.0,0,1,0.0,0.0
LDB,2025-09-29,2025,3,9,40,operasional,train,0.0,0.0,0.0,0,0,0,13.160117268838125,0.0,0.0,0.0,0,0,0.0,0.0
LDB,2025-10-06,2025,4,10,41,operasional,train,0.0,0.0,0.0,0,0,0,13.160117268838125,0.0,0.0,0.0,0,0,0.0,0.0
LDB,2025-10-13,2025,4,10,42,operasional,train,0.0,0.0,0.0,0,0,0,13.160117268838125,0.0,0.0,0.0,0,0,0.0,0.0
LDB,2025-10-20,2025,4,10,43,operasional,train,0.0,0.0,0.0,0,0,0,13.160117268838125,0.0,0.0,0.0,0,0,0.0,0.0
LDB,2025-10-27,2025,4,10,44,operasional,train,0.0,0.0,0.0,0,0,0,13.160117268838125,0.0,0.0,0.0,0,0,0.0,0.0
LDB,2025-11-03,2025,4,11,45,operasional,train,0.0,0.0,0.0,0,0,0,13.160117268838125,0.0,0.0,0.0,0,0,0.0,0.0
LDB,2025-11-10,2025,4,11,46,operasional,train,0.0,0.0,0.0,0,0,0,13.160117268838125,0.0,0.0,0.0,0,0,0.0,0.0
LDB,2025-11-17,2025,4,11,47,operasional,train,0.0,0.0,0.0,0,0,0,13.160117268838125,0.0,0.0,0.0,0,0,0.0,0.0
LDB,2025-11-24,2025,4,11,48,operasional,train,0.0,0.0,0.0,0,0,0,13.160117268838125,0.0,0.0,0.0,0,0,0.0,0.0
LDB,2025-12-01,2025,4,12,49,operasional,train,5.0,5.0,1.791759469228055,0,0,0,13.160117268838125,50000.0,1.0,1.0,1,0,44.0,1.0
LDB,2025-12-08,2025,4,12,50,operasional,train,0.0,0.0,0.0,0,0,0,13.160117268838125,0.0,0.0,0.0,0,0,0.0,0.0
LDB,2025-12-15,2025,4,12,51,operasional,train,9.0,9.0,2.302585092994046,0,0,0,13.160117268838125,90000.0,1.0,1.0,0,0,0.0,0.0
LDB,2025-12-22,2025,4,12,52,operasional,train,0.0,0.0,0.0,0,0,0,13.160117268838125,0.0,0.0,0.0,0,0,0.0,0.0
LDB,2025-12-29,2025,4,12,1,operasional,train,0.0,0.0,0.0,0,0,0,13.160117268838125,0.0,0.0,0.0,0,0,0.0,0.0
LDB,2026-01-05,2026,1,1,2,operasional,train,0.0,0.0,0.0,0,0,0,13.160117268838125,0.0,0.0,0.0,0,0,0.0,0.0
LDB,2026-01-12,2026,1,1,3,operasional,train,0.0,0.0,0.0,0,0,0,13.160117268838125,0.0,0.0,0.0,0,0,0.0,0.0
LDB,2026-01-19,2026,1,1,4,operasional,train,0.0,0.0,0.0,0,0,0,13.160117268838125,0.0,0.0,0.0,0,0,0.0,0.0
LDB,2026-01-26,2026,1,1,5,operasional,train,0.0,0.0,0.0,0,0,0,13.160117268838125,0.0,0.0,0.0,0,0,0.0,0.0
LDB,2026-02-02,2026,1,2,6,operasional,train,5.0,5.0,1.791759469228055,0,0,0,13.160117268838125,50000.0,1.0,1.0,1,0,0.0,0.0
LDB,2026-02-09,2026,1,2,7,operasional,train,0.0,0.0,0.0,0,0,0,13.160117268838125,0.0,0.0,0.0,0,0,0.0,0.0
LDB,2026-02-16,2026,1,2,8,operasional,train,0.0,0.0,0.0,0,0,0,13.160117268838125,0.0,0.0,0.0,0,0,0.0,0.0
LDB,2026-02-23,2026,1,2,9,operasional,train,0.0,0.0,0.0,0,0,0,13.160117268838125,0.0,0.0,0.0,0,0,0.0,0.0
LDB,2026-03-02,2026,1,3,10,operasional,train,0.0,0.0,0.0,0,0,0,13.160117268838125,0.0,0.0,0.0,0,0,0.0,0.0
LDB,2026-03-09,2026,1,3,11,operasional,train,0.0,0.0,0.0,0,0,0,13.160117268838125,0.0,0.0,0.0,0,0,0.0,0.0
LDB,2026-03-16,2026,1,3,12,operasional,train,0.0,0.0,0.0,0,0,0,13.160117268838125,0.0,0.0,0.0,1,0,0.0,0.0
LDB,2026-03-23,2026,1,3,13,operasional,train,0.0,0.0,0.0,0,0,0,13.160117268838125,0.0,0.0,0.0,0,0,0.0,0.0
LDB,2026-03-30,2026,1,3,14,operasional,train,0.0,0.0,0.0,0,0,0,13.160117268838125,0.0,0.0,0.0,1,0,0.0,0.0
LDB,2026-04-06,2026,2,4,15,operasional,test,0.0,0.0,0.0,0,0,0,13.160117268838125,0.0,0.0,0.0,0,0,0.0,0.0
LDB,2026-04-13,2026,2,4,16,operasional,test,0.0,0.0,0.0,0,0,0,13.160117268838125,0.0,0.0,0.0,0,1,0.0,0.0
LDB,2026-04-20,2026,2,4,17,operasional,test,0.0,0.0,0.0,0,0,0,13.160117268838125,0.0,0.0,0.0,0,0,0.0,0.0
LDB,2026-04-27,2026,2,4,18,operasional,test,0.0,0.0,0.0,0,0,0,13.160117268838125,0.0,0.0,0.0,0,0,0.0,0.0
LDB,2026-05-04,2026,2,5,19,operasional,test,0.0,0.0,0.0,0,0,0,13.160117268838125,0.0,0.0,0.0,1,0,0.0,0.0
LDB,2026-05-11,2026,2,5,20,operasional,test,0.0,0.0,0.0,0,0,0,13.160117268838125,0.0,0.0,0.0,0,1,0.0,0.0
LDB,2026-05-18,2026,2,5,21,operasional,test,0.0,0.0,0.0,0,0,0,13.160117268838125,0.0,0.0,0.0,0,0,0.0,0.0
LDB,2026-05-25,2026,2,5,22,operasional,test,0.0,0.0,0.0,0,0,0,13.160117268838125,0.0,0.0,0.0,0,0,0.0,0.0
LDB,2026-06-01,2026,2,6,23,operasional,test,0.0,0.0,0.0,0,0,0,13.160117268838125,0.0,0.0,0.0,0,0,0.0,0.0
LDB,2026-06-08,2026,2,6,24,operasional,test,0.0,0.0,0.0,0,0,0,13.160117268838125,0.0,0.0,0.0,0,0,0.0,0.0
LDB,2026-06-15,2026,2,6,25,operasional,test,0.0,0.0,0.0,0,0,0,13.160117268838125,0.0,0.0,0.0,0,0,0.0,0.0
LDB,2026-06-22,2026,2,6,26,operasional,test,0.0,0.0,0.0,0,0,0,13.160117268838125,0.0,0.0,0.0,1,0,0.0,0.0
LDB,2026-06-29,2026,2,6,27,operasional,test,0.0,0.0,0.0,0,0,0,13.160117268838125,0.0,0.0,0.0,0,1,0.0,0.0
LDB,2026-07-06,2026,3,7,28,operasional,test,0.0,0.0,0.0,0,0,0,13.160117268838125,0.0,0.0,0.0,0,0,0.0,0.0
LDB,2026-07-13,2026,3,7,29,operasional,test,5.0,5.0,1.791759469228055,0,0,0,13.160117268838125,50000.0,1.0,1.0,0,0,37.0,1.0
LDB,2026-07-20,2026,3,7,30,operasional,test,0.0,0.0,0.0,0,0,0,13.160117268838125,0.0,0.0,0.0,1,1,0.0,0.0
LDB,2026-07-27,2026,3,7,31,operasional,test,0.0,0.0,0.0,0,0,0,13.160117268838125,0.0,0.0,0.0,0,0,0.0,0.0
LDB,2026-08-03,2026,3,8,32,operasional,test,0.0,0.0,0.0,0,0,0,13.160117268838125,0.0,0.0,0.0,0,0,0.0,0.0
LDB,2026-08-10,2026,3,8,33,operasional,test,0.0,0.0,0.0,0,0,0,13.160117268838125,0.0,0.0,0.0,0,1,0.0,0.0
LDB,2026-08-17,2026,3,8,34,operasional,test,0.0,0.0,0.0,0,0,0,13.160117268838125,0.0,0.0,0.0,0,1,0.0,0.0
LDB,2026-08-24,2026,3,8,35,operasional,test,5.0,5.0,1.791759469228055,0,0,0,13.160117268838125,50000.0,1.0,1.0,1,0,0.0,0.0
LDB,2026-08-31,2026,3,8,36,operasional,test,0.0,0.0,0.0,0,0,0,13.160117268838125,0.0,0.0,0.0,0,1,0.0,0.0
LDB,2026-09-07,2026,3,9,37,operasional,test,0.0,0.0,0.0,0,0,0,13.160117268838125,0.0,0.0,0.0,0,0,0.0,0.0
LDB,2026-09-14,2026,3,9,38,operasional,test,5.0,5.0,1.791759469228055,0,0,0,13.160117268838125,50000.0,1.0,1.0,1,1,0.0,0.0
LDB,2026-09-21,2026,3,9,39,operasional,test,0.0,0.0,0.0,0,0,0,13.160117268838125,0.0,0.0,0.0,0,0,0.0,0.0
MDT,2024-01-01,2024,1,1,1,sebelum_produk_dijual,train,,,,0,0,0,76.94228634059951,,,,1,0,,
MDT,2024-01-08,2024,1,1,2,operasional,train,7.0,7.0,2.0794415416798357,0,0,0,76.94228634059951,118000.0,2.0,1.0,1,0,201.0,1.0
MDT,2024-01-15,2024,1,1,3,operasional,train,0.0,0.0,0.0,0,0,0,76.94228634059951,0.0,0.0,0.0,0,0,0.0,0.0
MDT,2024-01-22,2024,1,1,4,operasional,train,8.0,8.0,2.1972245773362196,0,0,0,76.94228634059951,136000.0,1.0,1.0,0,0,0.0,0.0
MDT,2024-01-29,2024,1,1,5,operasional,train,22.0,22.0,3.1354942159291497,0,0,0,76.94228634059951,374000.0,2.0,2.0,0,0,0.0,0.0
MDT,2024-02-05,2024,1,2,6,operasional,train,0.0,0.0,0.0,0,0,0,76.94228634059951,0.0,0.0,0.0,1,0,0.0,0.0
MDT,2024-02-12,2024,1,2,7,operasional,train,18.0,18.0,2.9444389791664403,0,0,0,76.94228634059951,300000.0,2.0,2.0,1,0,0.0,0.0
MDT,2024-02-19,2024,1,2,8,operasional,train,0.0,0.0,0.0,0,0,0,76.94228634059951,0.0,0.0,0.0,0,0,0.0,0.0
MDT,2024-02-26,2024,1,2,9,operasional,train,14.0,14.0,2.70805020110221,0,0,0,76.94228634059951,236000.0,2.0,1.0,1,0,0.0,0.0
MDT,2024-03-04,2024,1,3,10,operasional,train,7.0,7.0,2.0794415416798357,0,0,0,76.94228634059951,119000.0,1.0,1.0,0,0,0.0,0.0
MDT,2024-03-11,2024,1,3,11,operasional,train,0.0,0.0,0.0,0,0,0,76.94228634059951,0.0,0.0,0.0,1,0,0.0,0.0
MDT,2024-03-18,2024,1,3,12,operasional,train,12.0,12.0,2.5649493574615367,0,0,0,76.94228634059951,204000.0,2.0,2.0,1,0,0.0,0.0
MDT,2024-03-25,2024,1,3,13,operasional,train,0.0,0.0,0.0,0,0,0,76.94228634059951,0.0,0.0,0.0,0,1,0.0,0.0
MDT,2024-04-01,2024,2,4,14,operasional,train,0.0,0.0,0.0,0,0,0,76.94228634059951,0.0,0.0,0.0,1,0,0.0,0.0
MDT,2024-04-08,2024,2,4,15,operasional,train,18.0,18.0,2.9444389791664403,0,0,0,76.94228634059951,306000.0,3.0,3.0,0,0,0.0,0.0
MDT,2024-04-15,2024,2,4,16,operasional,train,0.0,0.0,0.0,0,0,0,76.94228634059951,0.0,0.0,0.0,1,0,0.0,0.0
MDT,2024-04-22,2024,2,4,17,operasional,train,15.0,15.0,2.772588722239781,0,0,0,76.94228634059951,255000.0,2.0,2.0,1,0,0.0,0.0
MDT,2024-04-29,2024,2,4,18,operasional,train,0.0,0.0,0.0,0,0,0,76.94228634059951,0.0,0.0,0.0,0,1,0.0,0.0
MDT,2024-05-06,2024,2,5,19,operasional,train,0.0,0.0,0.0,0,0,0,76.94228634059951,0.0,0.0,0.0,1,0,0.0,0.0
MDT,2024-05-13,2024,2,5,20,operasional,train,27.0,27.0,3.332204510175204,0,0,0,76.94228634059951,459000.0,3.0,3.0,0,0,0.0,0.0
MDT,2024-05-20,2024,2,5,21,operasional,train,0.0,0.0,0.0,0,0,0,76.94228634059951,0.0,0.0,0.0,0,1,0.0,0.0
MDT,2024-05-27,2024,2,5,22,operasional,train,0.0,0.0,0.0,0,0,0,76.94228634059951,0.0,0.0,0.0,0,0,0.0,0.0
MDT,2024-06-03,2024,2,6,23,operasional,train,2.0,2.0,1.0986122886681096,0,0,0,76.94228634059951,34000.0,1.0,1.0,0,1,0.0,0.0
MDT,2024-06-10,2024,2,6,24,operasional,train,13.0,13.0,2.639057329615259,0,0,0,76.94228634059951,219000.0,4.0,3.0,0,1,0.0,0.0
MDT,2024-06-17,2024,2,6,25,operasional,train,0.0,0.0,0.0,0,0,0,76.94228634059951,0.0,0.0,0.0,1,1,0.0,0.0
MDT,2024-06-24,2024,2,6,26,operasional,train,4.0,4.0,1.6094379124341003,0,0,0,76.94228634059951,68000.0,2.0,1.0,1,1,0.0,0.0
MDT,2024-07-01,2024,3,7,27,operasional,train,0.0,0.0,0.0,0,0,0,76.94228634059951,0.0,0.0,0.0,0,1,0.0,0.0
MDT,2024-07-08,2024,3,7,28,operasional,train,0.0,0.0,0.0,0,0,0,76.94228634059951,0.0,0.0,0.0,0,0,0.0,0.0
MDT,2024-07-15,2024,3,7,29,operasional,train,11.0,11.0,2.4849066497880004,0,0,0,76.94228634059951,187000.0,1.0,1.0,0,1,184.0,1.0
MDT,2024-07-22,2024,3,7,30,operasional,train,10.0,10.0,2.3978952727983707,0,0,0,76.94228634059951,170000.0,1.0,1.0,0,0,0.0,0.0
MDT,2024-07-29,2024,3,7,31,operasional,train,14.0,14.0,2.70805020110221,0,0,0,76.94228634059951,238000.0,2.0,1.0,1,0,0.0,0.0
MDT,2024-08-05,2024,3,8,32,operasional,train,7.0,7.0,2.0794415416798357,0,0,0,76.94228634059951,119000.0,1.0,1.0,0,0,0.0,0.0
MDT,2024-08-12,2024,3,8,33,operasional,train,0.0,0.0,0.0,0,0,0,76.94228634059951,0.0,0.0,0.0,1,0,0.0,0.0
MDT,2024-08-19,2024,3,8,34,operasional,train,12.0,12.0,2.5649493574615367,0,0,0,76.94228634059951,204000.0,2.0,2.0,1,0,0.0,0.0
MDT,2024-08-26,2024,3,8,35,operasional,train,0.0,0.0,0.0,0,0,0,76.94228634059951,0.0,0.0,0.0,0,1,0.0,0.0
MDT,2024-09-02,2024,3,9,36,operasional,train,0.0,0.0,0.0,0,0,0,76.94228634059951,0.0,0.0,0.0,1,0,0.0,0.0
MDT,2024-09-09,2024,3,9,37,operasional,train,18.0,18.0,2.9444389791664403,0,0,0,76.94228634059951,306000.0,3.0,3.0,0,0,0.0,0.0
MDT,2024-09-16,2024,3,9,38,operasional,train,0.0,0.0,0.0,0,0,0,76.94228634059951,0.0,0.0,0.0,1,0,0.0,0.0
MDT,2024-09-23,2024,3,9,39,operasional,train,15.0,15.0,2.772588722239781,0,0,0,76.94228634059951,255000.0,2.0,2.0,1,0,0.0,0.0
MDT,2024-09-30,2024,3,9,40,operasional,train,0.0,0.0,0.0,0,0,0,76.94228634059951,0.0,0.0,0.0,0,1,0.0,0.0
MDT,2024-10-07,2024,4,10,41,operasional,train,0.0,0.0,0.0,0,0,0,76.94228634059951,0.0,0.0,0.0,1,0,0.0,0.0
MDT,2024-10-14,2024,4,10,42,operasional,train,27.0,27.0,3.332204510175204,0,0,0,76.94228634059951,459000.0,3.0,3.0,0,0,0.0,0.0
MDT,2024-10-21,2024,4,10,43,tidak_tercatat,train,,,,0,0,0,76.94228634059951,,,,0,0,,
MDT,2024-10-28,2024,4,10,44,tidak_tercatat,train,,,,0,0,0,76.94228634059951,,,,0,0,,
MDT,2024-11-04,2024,4,11,45,tidak_tercatat,train,,,,0,0,0,76.94228634059951,,,,0,0,,
MDT,2024-11-11,2024,4,11,46,tidak_tercatat,train,,,,0,0,0,76.94228634059951,,,,0,0,,
MDT,2024-11-18,2024,4,11,47,tidak_tercatat,train,,,,0,0,0,76.94228634059951,,,,0,0,,
MDT,2024-11-25,2024,4,11,48,tidak_tercatat,train,,,,0,0,0,76.94228634059951,,,,0,0,,
MDT,2024-12-02,2024,4,12,49,tidak_tercatat,train,,,,0,0,0,76.94228634059951,,,,0,0,,
MDT,2024-12-09,2024,4,12,50,tidak_tercatat,train,,,,0,0,0,76.94228634059951,,,,0,0,,
MDT,2024-12-16,2024,4,12,51,tidak_tercatat,train,,,,0,0,0,76.94228634059951,,,,0,0,,
MDT,2024-12-23,2024,4,12,52,tidak_tercatat,train,,,,0,0,0,76.94228634059951,,,,0,0,,
MDT,2024-12-30,2024,4,12,1,tidak_tercatat,train,,,,0,0,0,76.94228634059951,,,,0,0,,
MDT,2025-01-06,2025,1,1,2,tidak_tercatat,train,,,,0,0,0,76.94228634059951,,,,0,0,,
MDT,2025-01-13,2025,1,1,3,tidak_tercatat,train,,,,0,0,0,76.94228634059951,,,,0,0,,
MDT,2025-01-20,2025,1,1,4,tidak_tercatat,train,,,,0,0,0,76.94228634059951,,,,0,0,,
MDT,2025-01-27,2025,1,1,5,operasional,train,0.0,0.0,0.0,0,0,0,76.94228634059951,0.0,0.0,0.0,0,0,0.0,0.0
MDT,2025-02-03,2025,1,2,6,operasional,train,0.0,0.0,0.0,0,0,0,76.94228634059951,0.0,0.0,0.0,0,0,0.0,0.0
MDT,2025-02-10,2025,1,2,7,operasional,train,0.0,0.0,0.0,0,0,0,76.94228634059951,0.0,0.0,0.0,0,0,0.0,0.0
MDT,2025-02-17,2025,1,2,8,operasional,train,0.0,0.0,0.0,0,0,0,76.94228634059951,0.0,0.0,0.0,0,0,0.0,0.0
MDT,2025-02-24,2025,1,2,9,operasional,train,3.0,3.0,1.3862943611198906,0,0,0,76.94228634059951,50000.0,1.0,1.0,0,0,155.0,1.0
MDT,2025-03-03,2025,1,3,10,tidak_tercatat,train,,,,0,0,0,76.94228634059951,,,,0,0,,
MDT,2025-03-10,2025,1,3,11,tidak_tercatat,train,,,,0,0,0,76.94228634059951,,,,0,0,,
MDT,2025-03-17,2025,1,3,12,tidak_tercatat,train,,,,0,0,0,76.94228634059951,,,,0,0,,
MDT,2025-03-24,2025,1,3,13,tidak_tercatat,train,,,,0,0,0,76.94228634059951,,,,0,0,,
MDT,2025-03-31,2025,1,3,14,tidak_tercatat,train,,,,0,0,0,76.94228634059951,,,,0,0,,
MDT,2025-04-07,2025,2,4,15,tidak_tercatat,train,,,,0,0,0,76.94228634059951,,,,0,0,,
MDT,2025-04-14,2025,2,4,16,operasional,train,5.0,5.0,1.791759469228055,0,0,0,76.94228634059951,85000.0,2.0,1.0,0,0,105.0,1.0
MDT,2025-04-21,2025,2,4,17,operasional,train,3.0,3.0,1.3862943611198906,0,0,0,76.94228634059951,51000.0,1.0,1.0,0,0,0.0,0.0
MDT,2025-04-28,2025,2,4,18,operasional,train,3.0,3.0,1.3862943611198906,0,0,0,76.94228634059951,51000.0,1.0,1.0,0,0,0.0,0.0
MDT,2025-05-05,2025,2,5,19,operasional,train,0.0,0.0,0.0,0,0,0,76.94228634059951,0.0,0.0,0.0,0,0,0.0,0.0
MDT,2025-05-12,2025,2,5,20,operasional,train,0.0,0.0,0.0,0,0,0,76.94228634059951,0.0,0.0,0.0,0,0,0.0,0.0
MDT,2025-05-19,2025,2,5,21,operasional,train,2.0,2.0,1.0986122886681096,0,0,0,76.94228634059951,34000.0,1.0,1.0,0,0,47.0,1.0
MDT,2025-05-26,2025,2,5,22,operasional,train,0.0,0.0,0.0,0,0,0,76.94228634059951,0.0,0.0,0.0,0,0,0.0,0.0
MDT,2025-06-02,2025,2,6,23,operasional,train,4.0,4.0,1.6094379124341003,0,0,0,76.94228634059951,68000.0,2.0,1.0,0,0,0.0,0.0
MDT,2025-06-09,2025,2,6,24,operasional,train,0.0,0.0,0.0,0,0,0,76.94228634059951,0.0,0.0,0.0,1,1,0.0,0.0
MDT,2025-06-16,2025,2,6,25,operasional,train,0.0,0.0,0.0,0,0,0,76.94228634059951,0.0,0.0,0.0,0,0,0.0,0.0
MDT,2025-06-23,2025,2,6,26,operasional,train,0.0,0.0,0.0,0,0,0,76.94228634059951,0.0,0.0,0.0,1,1,0.0,0.0
MDT,2025-06-30,2025,2,6,27,operasional,train,0.0,0.0,0.0,0,0,0,76.94228634059951,0.0,0.0,0.0,0,0,0.0,0.0
MDT,2025-07-07,2025,3,7,28,operasional,train,3.0,3.0,1.3862943611198906,0,0,0,76.94228634059951,51000.0,1.0,1.0,0,0,8.0,1.0
MDT,2025-07-14,2025,3,7,29,operasional,train,0.0,0.0,0.0,0,0,0,76.94228634059951,0.0,0.0,0.0,0,0,0.0,0.0
MDT,2025-07-21,2025,3,7,30,operasional,train,0.0,0.0,0.0,0,0,0,76.94228634059951,0.0,0.0,0.0,0,0,0.0,0.0
MDT,2025-07-28,2025,3,7,31,operasional,train,0.0,0.0,0.0,0,0,0,76.94228634059951,0.0,0.0,0.0,0,0,0.0,0.0
MDT,2025-08-04,2025,3,8,32,operasional,train,5.0,5.0,1.791759469228055,0,0,0,76.94228634059951,85000.0,2.0,1.0,0,0,9.0,1.0
MDT,2025-08-11,2025,3,8,33,operasional,train,4.0,4.0,1.6094379124341003,0,0,0,76.94228634059951,68000.0,1.0,1.0,1,0,0.0,0.0
MDT,2025-08-18,2025,3,8,34,operasional,train,0.0,0.0,0.0,0,0,0,76.94228634059951,0.0,0.0,0.0,0,0,0.0,0.0
MDT,2025-08-25,2025,3,8,35,operasional,train,0.0,0.0,0.0,0,0,0,76.94228634059951,0.0,0.0,0.0,0,0,0.0,0.0
MDT,2025-09-01,2025,3,9,36,operasional,train,0.0,0.0,0.0,0,0,0,76.94228634059951,0.0,0.0,0.0,0,0,0.0,0.0
MDT,2025-09-08,2025,3,9,37,operasional,train,0.0,0.0,0.0,0,0,0,76.94228634059951,0.0,0.0,0.0,0,0,0.0,0.0
MDT,2025-09-15,2025,3,9,38,operasional,train,0.0,0.0,0.0,0,0,0,76.94228634059951,0.0,0.0,0.0,0,0,0.0,0.0
MDT,2025-09-22,2025,3,9,39,operasional,train,7.0,7.0,2.0794415416798357,0,0,0,76.94228634059951,119000.0,1.0,1.0,0,1,14.0,1.0
MDT,2025-09-29,2025,3,9,40,operasional,train,0.0,0.0,0.0,0,0,0,76.94228634059951,0.0,0.0,0.0,0,0,0.0,0.0
MDT,2025-10-06,2025,4,10,41,operasional,train,4.0,4.0,1.6094379124341003,0,0,0,76.94228634059951,68000.0,1.0,1.0,0,0,0.0,0.0
MDT,2025-10-13,2025,4,10,42,operasional,train,3.0,3.0,1.3862943611198906,0,0,0,76.94228634059951,51000.0,1.0,1.0,0,0,0.0,0.0
MDT,2025-10-20,2025,4,10,43,operasional,train,0.0,0.0,0.0,0,0,0,76.94228634059951,0.0,0.0,0.0,0,0,0.0,0.0
MDT,2025-10-27,2025,4,10,44,operasional,train,0.0,0.0,0.0,0,0,0,76.94228634059951,0.0,0.0,0.0,0,0,0.0,0.0
MDT,2025-11-03,2025,4,11,45,operasional,train,0.0,0.0,0.0,0,0,0,76.94228634059951,0.0,0.0,0.0,0,0,0.0,0.0
MDT,2025-11-10,2025,4,11,46,operasional,train,0.0,0.0,0.0,0,0,0,76.94228634059951,0.0,0.0,0.0,0,0,0.0,0.0
MDT,2025-11-17,2025,4,11,47,operasional,train,0.0,0.0,0.0,0,0,0,76.94228634059951,0.0,0.0,0.0,0,0,0.0,0.0
MDT,2025-11-24,2025,4,11,48,operasional,train,0.0,0.0,0.0,0,0,0,76.94228634059951,0.0,0.0,0.0,0,0,0.0,0.0
MDT,2025-12-01,2025,4,12,49,operasional,train,0.0,0.0,0.0,0,0,0,76.94228634059951,0.0,0.0,0.0,1,0,0.0,0.0
MDT,2025-12-08,2025,4,12,50,operasional,train,6.0,6.0,1.9459101490553132,0,0,0,76.94228634059951,102000.0,2.0,2.0,0,0,15.0,1.0
MDT,2025-12-15,2025,4,12,51,operasional,train,5.0,5.0,1.791759469228055,0,0,0,76.94228634059951,85000.0,1.0,1.0,0,0,0.0,0.0
MDT,2025-12-22,2025,4,12,52,operasional,train,4.0,4.0,1.6094379124341003,0,0,0,76.94228634059951,68000.0,1.0,1.0,0,0,0.0,0.0
MDT,2025-12-29,2025,4,12,1,operasional,train,0.0,0.0,0.0,0,0,0,76.94228634059951,0.0,0.0,0.0,0,0,0.0,0.0
MDT,2026-01-05,2026,1,1,2,operasional,train,0.0,0.0,0.0,0,0,0,76.94228634059951,0.0,0.0,0.0,0,0,0.0,0.0
MDT,2026-01-12,2026,1,1,3,operasional,train,0.0,0.0,0.0,0,0,0,76.94228634059951,0.0,0.0,0.0,0,0,0.0,0.0
MDT,2026-01-19,2026,1,1,4,operasional,train,0.0,0.0,0.0,0,0,0,76.94228634059951,0.0,0.0,0.0,0,0,0.0,0.0
MDT,2026-01-26,2026,1,1,5,operasional,train,0.0,0.0,0.0,0,0,0,76.94228634059951,0.0,0.0,0.0,0,0,0.0,0.0
MDT,2026-02-02,2026,1,2,6,operasional,train,0.0,0.0,0.0,0,0,0,76.94228634059951,0.0,0.0,0.0,1,0,0.0,0.0
MDT,2026-02-09,2026,1,2,7,operasional,train,0.0,0.0,0.0,0,0,0,76.94228634059951,0.0,0.0,0.0,0,0,0.0,0.0
MDT,2026-02-16,2026,1,2,8,operasional,train,0.0,0.0,0.0,0,0,0,76.94228634059951,0.0,0.0,0.0,0,0,0.0,0.0
MDT,2026-02-23,2026,1,2,9,operasional,train,0.0,0.0,0.0,0,0,0,76.94228634059951,0.0,0.0,0.0,0,0,0.0,0.0
MDT,2026-03-02,2026,1,3,10,operasional,train,0.0,0.0,0.0,0,0,0,76.94228634059951,0.0,0.0,0.0,0,0,0.0,0.0
MDT,2026-03-09,2026,1,3,11,operasional,train,0.0,0.0,0.0,0,0,0,76.94228634059951,0.0,0.0,0.0,0,0,0.0,0.0
MDT,2026-03-16,2026,1,3,12,operasional,train,0.0,0.0,0.0,0,0,0,76.94228634059951,0.0,0.0,0.0,1,0,0.0,0.0
MDT,2026-03-23,2026,1,3,13,operasional,train,0.0,0.0,0.0,0,0,0,76.94228634059951,0.0,0.0,0.0,0,0,0.0,0.0
MDT,2026-03-30,2026,1,3,14,operasional,train,0.0,0.0,0.0,0,0,0,76.94228634059951,0.0,0.0,0.0,1,0,0.0,0.0
MDT,2026-04-06,2026,2,4,15,operasional,test,3.0,3.0,1.3862943611198906,0,0,0,76.94228634059951,51000.0,1.0,1.0,0,0,342.0,1.0
MDT,2026-04-13,2026,2,4,16,operasional,test,3.0,3.0,1.3862943611198906,0,0,0,76.94228634059951,51000.0,1.0,1.0,0,1,0.0,0.0
MDT,2026-04-20,2026,2,4,17,operasional,test,4.0,4.0,1.6094379124341003,0,0,0,76.94228634059951,68000.0,2.0,1.0,0,0,0.0,0.0
MDT,2026-04-27,2026,2,4,18,operasional,test,6.0,6.0,1.9459101490553132,0,0,0,76.94228634059951,102000.0,1.0,1.0,0,0,0.0,0.0
MDT,2026-05-04,2026,2,5,19,operasional,test,4.0,4.0,1.6094379124341003,0,0,0,76.94228634059951,68000.0,2.0,2.0,1,0,0.0,0.0
MDT,2026-05-11,2026,2,5,20,operasional,test,11.0,11.0,2.4849066497880004,0,0,0,76.94228634059951,186000.0,4.0,3.0,0,1,0.0,0.0
MDT,2026-05-18,2026,2,5,21,operasional,test,0.0,0.0,0.0,0,0,0,76.94228634059951,0.0,0.0,0.0,0,0,0.0,0.0
MDT,2026-05-25,2026,2,5,22,operasional,test,0.0,0.0,0.0,0,0,0,76.94228634059951,0.0,0.0,0.0,0,0,0.0,0.0
MDT,2026-06-01,2026,2,6,23,operasional,test,0.0,0.0,0.0,0,0,0,76.94228634059951,0.0,0.0,0.0,0,0,0.0,0.0
MDT,2026-06-08,2026,2,6,24,operasional,test,6.0,6.0,1.9459101490553132,0,0,0,76.94228634059951,102000.0,1.0,1.0,0,0,22.0,1.0
MDT,2026-06-15,2026,2,6,25,operasional,test,0.0,0.0,0.0,0,0,0,76.94228634059951,0.0,0.0,0.0,0,0,0.0,0.0
MDT,2026-06-22,2026,2,6,26,operasional,test,0.0,0.0,0.0,0,0,0,76.94228634059951,0.0,0.0,0.0,1,0,0.0,0.0
MDT,2026-06-29,2026,2,6,27,operasional,test,0.0,0.0,0.0,0,0,0,76.94228634059951,0.0,0.0,0.0,0,1,0.0,0.0
MDT,2026-07-06,2026,3,7,28,operasional,test,0.0,0.0,0.0,0,0,0,76.94228634059951,0.0,0.0,0.0,0,0,0.0,0.0
MDT,2026-07-13,2026,3,7,29,operasional,test,4.0,4.0,1.6094379124341003,0,0,0,76.94228634059951,68000.0,2.0,1.0,0,0,20.0,1.0
MDT,2026-07-20,2026,3,7,30,operasional,test,0.0,0.0,0.0,0,0,0,76.94228634059951,0.0,0.0,0.0,1,1,0.0,0.0
MDT,2026-07-27,2026,3,7,31,operasional,test,0.0,0.0,0.0,0,0,0,76.94228634059951,0.0,0.0,0.0,0,0,0.0,0.0
MDT,2026-08-03,2026,3,8,32,operasional,test,3.0,3.0,1.3862943611198906,0,0,0,76.94228634059951,51000.0,1.0,1.0,0,0,24.0,1.0
MDT,2026-08-10,2026,3,8,33,operasional,test,6.0,6.0,1.9459101490553132,0,0,0,76.94228634059951,102000.0,1.0,1.0,0,1,0.0,0.0
MDT,2026-08-17,2026,3,8,34,operasional,test,7.0,7.0,2.0794415416798357,0,0,0,76.94228634059951,119000.0,3.0,3.0,0,1,0.0,0.0
MDT,2026-08-24,2026,3,8,35,operasional,test,4.0,4.0,1.6094379124341003,0,0,0,76.94228634059951,68000.0,2.0,2.0,1,0,0.0,0.0
MDT,2026-08-31,2026,3,8,36,operasional,test,0.0,0.0,0.0,0,0,0,76.94228634059951,0.0,0.0,0.0,0,1,0.0,0.0
MDT,2026-09-07,2026,3,9,37,operasional,test,4.0,4.0,1.6094379124341003,0,0,0,76.94228634059951,68000.0,2.0,2.0,0,0,0.0,0.0
MDT,2026-09-14,2026,3,9,38,operasional,test,0.0,0.0,0.0,0,0,0,76.94228634059951,0.0,0.0,0.0,1,1,0.0,0.0
MDT,2026-09-21,2026,3,9,39,operasional,test,0.0,0.0,0.0,0,0,0,76.94228634059951,0.0,0.0,0.0,0,0,0.0,0.0
MLB,2024-01-01,2024,1,1,1,operasional,train,9.0,9.0,2.302585092994046,0,0,0,31.381723240124177,50000.0,1.0,1.0,1,0,81.0,1.0
MLB,2024-01-08,2024,1,1,2,operasional,train,0.0,0.0,0.0,0,0,0,31.381723240124177,0.0,0.0,0.0,1,0,0.0,0.0
MLB,2024-01-15,2024,1,1,3,operasional,train,0.0,0.0,0.0,0,0,0,31.381723240124177,0.0,0.0,0.0,0,0,0.0,0.0
MLB,2024-01-22,2024,1,1,4,operasional,train,0.0,0.0,0.0,0,0,0,31.381723240124177,0.0,0.0,0.0,0,0,0.0,0.0
MLB,2024-01-29,2024,1,1,5,operasional,train,0.0,0.0,0.0,0,0,0,31.381723240124177,0.0,0.0,0.0,0,0,0.0,0.0
MLB,2024-02-05,2024,1,2,6,operasional,train,4.0,4.0,1.6094379124341003,0,0,0,31.381723240124177,24000.0,1.0,1.0,1,0,0.0,0.0
MLB,2024-02-12,2024,1,2,7,operasional,train,0.0,0.0,0.0,0,0,0,31.381723240124177,0.0,0.0,0.0,1,0,0.0,0.0
MLB,2024-02-19,2024,1,2,8,operasional,train,0.0,0.0,0.0,0,0,0,31.381723240124177,0.0,0.0,0.0,0,0,0.0,0.0
MLB,2024-02-26,2024,1,2,9,operasional,train,0.0,0.0,0.0,0,0,0,31.381723240124177,0.0,0.0,0.0,1,0,0.0,0.0
MLB,2024-03-04,2024,1,3,10,operasional,train,0.0,0.0,0.0,0,0,0,31.381723240124177,0.0,0.0,0.0,0,0,0.0,0.0
MLB,2024-03-11,2024,1,3,11,operasional,train,10.0,10.0,2.3978952727983707,0,0,0,31.381723240124177,60000.0,1.0,1.0,1,0,0.0,0.0
MLB,2024-03-18,2024,1,3,12,operasional,train,0.0,0.0,0.0,0,0,0,31.381723240124177,0.0,0.0,0.0,1,0,0.0,0.0
MLB,2024-03-25,2024,1,3,13,operasional,train,0.0,0.0,0.0,0,0,0,31.381723240124177,0.0,0.0,0.0,0,1,0.0,0.0
MLB,2024-04-01,2024,2,4,14,operasional,train,0.0,0.0,0.0,0,0,0,31.381723240124177,0.0,0.0,0.0,1,0,0.0,0.0
MLB,2024-04-08,2024,2,4,15,operasional,train,0.0,0.0,0.0,0,0,0,31.381723240124177,0.0,0.0,0.0,0,0,0.0,0.0
MLB,2024-04-15,2024,2,4,16,operasional,train,7.0,7.0,2.0794415416798357,0,0,0,31.381723240124177,42000.0,1.0,1.0,1,0,0.0,0.0
MLB,2024-04-22,2024,2,4,17,operasional,train,0.0,0.0,0.0,0,0,0,31.381723240124177,0.0,0.0,0.0,1,0,0.0,0.0
MLB,2024-04-29,2024,2,4,18,operasional,train,0.0,0.0,0.0,0,0,0,31.381723240124177,0.0,0.0,0.0,0,1,0.0,0.0
MLB,2024-05-06,2024,2,5,19,operasional,train,0.0,0.0,0.0,0,0,0,31.381723240124177,0.0,0.0,0.0,1,0,0.0,0.0
MLB,2024-05-13,2024,2,5,20,operasional,train,0.0,0.0,0.0,0,0,0,31.381723240124177,0.0,0.0,0.0,0,0,0.0,0.0
MLB,2024-05-20,2024,2,5,21,operasional,train,0.0,0.0,0.0,0,0,0,31.381723240124177,0.0,0.0,0.0,0,1,0.0,0.0
MLB,2024-05-27,2024,2,5,22,operasional,train,0.0,0.0,0.0,0,0,0,31.381723240124177,0.0,0.0,0.0,0,0,0.0,0.0
MLB,2024-06-03,2024,2,6,23,operasional,train,10.0,10.0,2.3978952727983707,0,0,0,31.381723240124177,60000.0,1.0,1.0,0,1,0.0,0.0
MLB,2024-06-10,2024,2,6,24,operasional,train,0.0,0.0,0.0,0,0,0,31.381723240124177,0.0,0.0,0.0,0,1,0.0,0.0
MLB,2024-06-17,2024,2,6,25,operasional,train,0.0,0.0,0.0,0,0,0,31.381723240124177,0.0,0.0,0.0,1,1,0.0,0.0
MLB,2024-06-24,2024,2,6,26,operasional,train,0.0,0.0,0.0,0,0,0,31.381723240124177,0.0,0.0,0.0,1,1,0.0,0.0
MLB,2024-07-01,2024,3,7,27,operasional,train,0.0,0.0,0.0,0,0,0,31.381723240124177,0.0,0.0,0.0,0,1,0.0,0.0
MLB,2024-07-08,2024,3,7,28,operasional,train,0.0,0.0,0.0,0,0,0,31.381723240124177,0.0,0.0,0.0,0,0,0.0,0.0
MLB,2024-07-15,2024,3,7,29,operasional,train,10.0,10.0,2.3978952727983707,0,0,0,31.381723240124177,60000.0,1.0,1.0,0,1,0.0,0.0
MLB,2024-07-22,2024,3,7,30,operasional,train,0.0,0.0,0.0,0,0,0,31.381723240124177,0.0,0.0,0.0,0,0,0.0,0.0
MLB,2024-07-29,2024,3,7,31,operasional,train,0.0,0.0,0.0,0,0,0,31.381723240124177,0.0,0.0,0.0,1,0,0.0,0.0
MLB,2024-08-05,2024,3,8,32,operasional,train,0.0,0.0,0.0,0,0,0,31.381723240124177,0.0,0.0,0.0,0,0,0.0,0.0
MLB,2024-08-12,2024,3,8,33,operasional,train,10.0,10.0,2.3978952727983707,0,0,0,31.381723240124177,60000.0,1.0,1.0,1,0,0.0,0.0
MLB,2024-08-19,2024,3,8,34,operasional,train,0.0,0.0,0.0,0,0,0,31.381723240124177,0.0,0.0,0.0,1,0,0.0,0.0
MLB,2024-08-26,2024,3,8,35,operasional,train,0.0,0.0,0.0,0,0,0,31.381723240124177,0.0,0.0,0.0,0,1,0.0,0.0
MLB,2024-09-02,2024,3,9,36,operasional,train,0.0,0.0,0.0,0,0,0,31.381723240124177,0.0,0.0,0.0,1,0,0.0,0.0
MLB,2024-09-09,2024,3,9,37,operasional,train,0.0,0.0,0.0,0,0,0,31.381723240124177,0.0,0.0,0.0,0,0,0.0,0.0
MLB,2024-09-16,2024,3,9,38,operasional,train,7.0,7.0,2.0794415416798357,0,0,0,31.381723240124177,40000.0,1.0,1.0,1,0,0.0,0.0
MLB,2024-09-23,2024,3,9,39,operasional,train,0.0,0.0,0.0,0,0,0,31.381723240124177,0.0,0.0,0.0,1,0,0.0,0.0
MLB,2024-09-30,2024,3,9,40,operasional,train,0.0,0.0,0.0,0,0,0,31.381723240124177,0.0,0.0,0.0,0,1,0.0,0.0
MLB,2024-10-07,2024,4,10,41,operasional,train,0.0,0.0,0.0,0,0,0,31.381723240124177,0.0,0.0,0.0,1,0,0.0,0.0
MLB,2024-10-14,2024,4,10,42,operasional,train,0.0,0.0,0.0,0,0,0,31.381723240124177,0.0,0.0,0.0,0,0,0.0,0.0
MLB,2024-10-21,2024,4,10,43,tidak_tercatat,train,,,,0,0,0,31.381723240124177,,,,0,0,,
MLB,2024-10-28,2024,4,10,44,tidak_tercatat,train,,,,0,0,0,31.381723240124177,,,,0,0,,
MLB,2024-11-04,2024,4,11,45,tidak_tercatat,train,,,,0,0,0,31.381723240124177,,,,0,0,,
MLB,2024-11-11,2024,4,11,46,tidak_tercatat,train,,,,0,0,0,31.381723240124177,,,,0,0,,
MLB,2024-11-18,2024,4,11,47,tidak_tercatat,train,,,,0,0,0,31.381723240124177,,,,0,0,,
MLB,2024-11-25,2024,4,11,48,tidak_tercatat,train,,,,0,0,0,31.381723240124177,,,,0,0,,
MLB,2024-12-02,2024,4,12,49,tidak_tercatat,train,,,,0,0,0,31.381723240124177,,,,0,0,,
MLB,2024-12-09,2024,4,12,50,tidak_tercatat,train,,,,0,0,0,31.381723240124177,,,,0,0,,
MLB,2024-12-16,2024,4,12,51,tidak_tercatat,train,,,,0,0,0,31.381723240124177,,,,0,0,,
MLB,2024-12-23,2024,4,12,52,tidak_tercatat,train,,,,0,0,0,31.381723240124177,,,,0,0,,
MLB,2024-12-30,2024,4,12,1,tidak_tercatat,train,,,,0,0,0,31.381723240124177,,,,0,0,,
MLB,2025-01-06,2025,1,1,2,tidak_tercatat,train,,,,0,0,0,31.381723240124177,,,,0,0,,
MLB,2025-01-13,2025,1,1,3,tidak_tercatat,train,,,,0,0,0,31.381723240124177,,,,0,0,,
MLB,2025-01-20,2025,1,1,4,tidak_tercatat,train,,,,0,0,0,31.381723240124177,,,,0,0,,
MLB,2025-01-27,2025,1,1,5,operasional,train,0.0,0.0,0.0,0,0,0,31.381723240124177,0.0,0.0,0.0,0,0,0.0,0.0
MLB,2025-02-03,2025,1,2,6,operasional,train,0.0,0.0,0.0,0,0,0,31.381723240124177,0.0,0.0,0.0,0,0,0.0,0.0
MLB,2025-02-10,2025,1,2,7,operasional,train,0.0,0.0,0.0,0,0,0,31.381723240124177,0.0,0.0,0.0,0,0,0.0,0.0
MLB,2025-02-17,2025,1,2,8,operasional,train,0.0,0.0,0.0,0,0,0,31.381723240124177,0.0,0.0,0.0,0,0,0.0,0.0
MLB,2025-02-24,2025,1,2,9,operasional,train,0.0,0.0,0.0,0,0,0,31.381723240124177,0.0,0.0,0.0,0,0,0.0,0.0
MLB,2025-03-03,2025,1,3,10,tidak_tercatat,train,,,,0,0,0,31.381723240124177,,,,0,0,,
MLB,2025-03-10,2025,1,3,11,tidak_tercatat,train,,,,0,0,0,31.381723240124177,,,,0,0,,
MLB,2025-03-17,2025,1,3,12,tidak_tercatat,train,,,,0,0,0,31.381723240124177,,,,0,0,,
MLB,2025-03-24,2025,1,3,13,tidak_tercatat,train,,,,0,0,0,31.381723240124177,,,,0,0,,
MLB,2025-03-31,2025,1,3,14,tidak_tercatat,train,,,,0,0,0,31.381723240124177,,,,0,0,,
MLB,2025-04-07,2025,2,4,15,tidak_tercatat,train,,,,0,0,0,31.381723240124177,,,,0,0,,
MLB,2025-04-14,2025,2,4,16,operasional,train,0.0,0.0,0.0,0,0,0,31.381723240124177,0.0,0.0,0.0,0,0,0.0,0.0
MLB,2025-04-21,2025,2,4,17,operasional,train,0.0,0.0,0.0,0,0,0,31.381723240124177,0.0,0.0,0.0,0,0,0.0,0.0
MLB,2025-04-28,2025,2,4,18,operasional,train,0.0,0.0,0.0,0,0,0,31.381723240124177,0.0,0.0,0.0,0,0,0.0,0.0
MLB,2025-05-05,2025,2,5,19,operasional,train,0.0,0.0,0.0,0,0,0,31.381723240124177,0.0,0.0,0.0,0,0,0.0,0.0
MLB,2025-05-12,2025,2,5,20,operasional,train,0.0,0.0,0.0,0,0,0,31.381723240124177,0.0,0.0,0.0,0,0,0.0,0.0
MLB,2025-05-19,2025,2,5,21,operasional,train,0.0,0.0,0.0,0,0,0,31.381723240124177,0.0,0.0,0.0,0,0,0.0,0.0
MLB,2025-05-26,2025,2,5,22,operasional,train,0.0,0.0,0.0,0,0,0,31.381723240124177,0.0,0.0,0.0,0,0,0.0,0.0
MLB,2025-06-02,2025,2,6,23,operasional,train,0.0,0.0,0.0,0,0,0,31.381723240124177,0.0,0.0,0.0,0,0,0.0,0.0
MLB,2025-06-09,2025,2,6,24,operasional,train,0.0,0.0,0.0,0,0,0,31.381723240124177,0.0,0.0,0.0,1,1,0.0,0.0
MLB,2025-06-16,2025,2,6,25,operasional,train,0.0,0.0,0.0,0,0,0,31.381723240124177,0.0,0.0,0.0,0,0,0.0,0.0
MLB,2025-06-23,2025,2,6,26,operasional,train,15.0,15.0,2.772588722239781,0,0,0,31.381723240124177,90000.0,1.0,1.0,1,1,67.0,1.0
MLB,2025-06-30,2025,2,6,27,operasional,train,0.0,0.0,0.0,0,0,0,31.381723240124177,0.0,0.0,0.0,0,0,0.0,0.0
MLB,2025-07-07,2025,3,7,28,operasional,train,0.0,0.0,0.0,0,0,0,31.381723240124177,0.0,0.0,0.0,0,0,0.0,0.0
MLB,2025-07-14,2025,3,7,29,operasional,train,0.0,0.0,0.0,0,0,0,31.381723240124177,0.0,0.0,0.0,0,0,0.0,0.0
MLB,2025-07-21,2025,3,7,30,operasional,train,0.0,0.0,0.0,0,0,0,31.381723240124177,0.0,0.0,0.0,0,0,0.0,0.0
MLB,2025-07-28,2025,3,7,31,operasional,train,0.0,0.0,0.0,0,0,0,31.381723240124177,0.0,0.0,0.0,0,0,0.0,0.0
MLB,2025-08-04,2025,3,8,32,operasional,train,0.0,0.0,0.0,0,0,0,31.381723240124177,0.0,0.0,0.0,0,0,0.0,0.0
MLB,2025-08-11,2025,3,8,33,operasional,train,22.0,22.0,3.1354942159291497,0,0,0,31.381723240124177,132000.0,1.0,1.0,1,0,0.0,0.0
MLB,2025-08-18,2025,3,8,34,operasional,train,0.0,0.0,0.0,0,0,0,31.381723240124177,0.0,0.0,0.0,0,0,0.0,0.0
MLB,2025-08-25,2025,3,8,35,operasional,train,0.0,0.0,0.0,0,0,0,31.381723240124177,0.0,0.0,0.0,0,0,0.0,0.0
MLB,2025-09-01,2025,3,9,36,operasional,train,0.0,0.0,0.0,0,0,0,31.381723240124177,0.0,0.0,0.0,0,0,0.0,0.0
MLB,2025-09-08,2025,3,9,37,operasional,train,0.0,0.0,0.0,0,0,0,31.381723240124177,0.0,0.0,0.0,0,0,0.0,0.0
MLB,2025-09-15,2025,3,9,38,operasional,train,0.0,0.0,0.0,0,0,0,31.381723240124177,0.0,0.0,0.0,0,0,0.0,0.0
MLB,2025-09-22,2025,3,9,39,operasional,train,35.0,31.381723240124177,3.477594166108384,1,1,1,31.381723240124177,210000.0,1.0,1.0,0,1,0.0,0.0
MLB,2025-09-29,2025,3,9,40,operasional,train,0.0,0.0,0.0,0,0,0,31.381723240124177,0.0,0.0,0.0,0,0,0.0,0.0
MLB,2025-10-06,2025,4,10,41,operasional,train,0.0,0.0,0.0,0,0,0,31.381723240124177,0.0,0.0,0.0,0,0,0.0,0.0
MLB,2025-10-13,2025,4,10,42,operasional,train,0.0,0.0,0.0,0,0,0,31.381723240124177,0.0,0.0,0.0,0,0,0.0,0.0
MLB,2025-10-20,2025,4,10,43,operasional,train,0.0,0.0,0.0,0,0,0,31.381723240124177,0.0,0.0,0.0,0,0,0.0,0.0
MLB,2025-10-27,2025,4,10,44,operasional,train,0.0,0.0,0.0,0,0,0,31.381723240124177,0.0,0.0,0.0,0,0,0.0,0.0
MLB,2025-11-03,2025,4,11,45,operasional,train,0.0,0.0,0.0,0,0,0,31.381723240124177,0.0,0.0,0.0,0,0,0.0,0.0
MLB,2025-11-10,2025,4,11,46,operasional,train,0.0,0.0,0.0,0,0,0,31.381723240124177,0.0,0.0,0.0,0,0,0.0,0.0
MLB,2025-11-17,2025,4,11,47,operasional,train,0.0,0.0,0.0,0,0,0,31.381723240124177,0.0,0.0,0.0,0,0,0.0,0.0
MLB,2025-11-24,2025,4,11,48,operasional,train,0.0,0.0,0.0,0,0,0,31.381723240124177,0.0,0.0,0.0,0,0,0.0,0.0
MLB,2025-12-01,2025,4,12,49,operasional,train,15.0,15.0,2.772588722239781,0,0,0,31.381723240124177,90000.0,1.0,1.0,1,0,69.5,1.0
MLB,2025-12-08,2025,4,12,50,operasional,train,0.0,0.0,0.0,0,0,0,31.381723240124177,0.0,0.0,0.0,0,0,0.0,0.0
MLB,2025-12-15,2025,4,12,51,operasional,train,0.0,0.0,0.0,0,0,0,31.381723240124177,0.0,0.0,0.0,0,0,0.0,0.0
MLB,2025-12-22,2025,4,12,52,operasional,train,0.0,0.0,0.0,0,0,0,31.381723240124177,0.0,0.0,0.0,0,0,0.0,0.0
MLB,2025-12-29,2025,4,12,1,operasional,train,0.0,0.0,0.0,0,0,0,31.381723240124177,0.0,0.0,0.0,0,0,0.0,0.0
MLB,2026-01-05,2026,1,1,2,operasional,train,0.0,0.0,0.0,0,0,0,31.381723240124177,0.0,0.0,0.0,0,0,0.0,0.0
MLB,2026-01-12,2026,1,1,3,operasional,train,0.0,0.0,0.0,0,0,0,31.381723240124177,0.0,0.0,0.0,0,0,0.0,0.0
MLB,2026-01-19,2026,1,1,4,operasional,train,0.0,0.0,0.0,0,0,0,31.381723240124177,0.0,0.0,0.0,0,0,0.0,0.0
MLB,2026-01-26,2026,1,1,5,operasional,train,0.0,0.0,0.0,0,0,0,31.381723240124177,0.0,0.0,0.0,0,0,0.0,0.0
MLB,2026-02-02,2026,1,2,6,operasional,train,0.0,0.0,0.0,0,0,0,31.381723240124177,0.0,0.0,0.0,1,0,0.0,0.0
MLB,2026-02-09,2026,1,2,7,operasional,train,0.0,0.0,0.0,0,0,0,31.381723240124177,0.0,0.0,0.0,0,0,0.0,0.0
MLB,2026-02-16,2026,1,2,8,operasional,train,0.0,0.0,0.0,0,0,0,31.381723240124177,0.0,0.0,0.0,0,0,0.0,0.0
MLB,2026-02-23,2026,1,2,9,operasional,train,0.0,0.0,0.0,0,0,0,31.381723240124177,0.0,0.0,0.0,0,0,0.0,0.0
MLB,2026-03-02,2026,1,3,10,operasional,train,0.0,0.0,0.0,0,0,0,31.381723240124177,0.0,0.0,0.0,0,0,0.0,0.0
MLB,2026-03-09,2026,1,3,11,operasional,train,0.0,0.0,0.0,0,0,0,31.381723240124177,0.0,0.0,0.0,0,0,0.0,0.0
MLB,2026-03-16,2026,1,3,12,operasional,train,0.0,0.0,0.0,0,0,0,31.381723240124177,0.0,0.0,0.0,1,0,0.0,0.0
MLB,2026-03-23,2026,1,3,13,operasional,train,0.0,0.0,0.0,0,0,0,31.381723240124177,0.0,0.0,0.0,0,0,0.0,0.0
MLB,2026-03-30,2026,1,3,14,operasional,train,26.0,26.0,3.295836866004329,0,0,0,31.381723240124177,156000.0,1.0,1.0,1,0,123.0,1.0
MLB,2026-04-06,2026,2,4,15,operasional,test,0.0,0.0,0.0,0,0,0,31.381723240124177,0.0,0.0,0.0,0,0,0.0,0.0
MLB,2026-04-13,2026,2,4,16,operasional,test,4.0,4.0,1.6094379124341003,0,0,0,31.381723240124177,24000.0,1.0,1.0,0,1,0.0,0.0
MLB,2026-04-20,2026,2,4,17,operasional,test,0.0,0.0,0.0,0,0,0,31.381723240124177,0.0,0.0,0.0,0,0,0.0,0.0
MLB,2026-04-27,2026,2,4,18,operasional,test,0.0,0.0,0.0,0,0,0,31.381723240124177,0.0,0.0,0.0,0,0,0.0,0.0
MLB,2026-05-04,2026,2,5,19,operasional,test,0.0,0.0,0.0,0,0,0,31.381723240124177,0.0,0.0,0.0,1,0,0.0,0.0
MLB,2026-05-11,2026,2,5,20,operasional,test,0.0,0.0,0.0,0,0,0,31.381723240124177,0.0,0.0,0.0,0,1,0.0,0.0
MLB,2026-05-18,2026,2,5,21,operasional,test,0.0,0.0,0.0,0,0,0,31.381723240124177,0.0,0.0,0.0,0,0,0.0,0.0
MLB,2026-05-25,2026,2,5,22,operasional,test,0.0,0.0,0.0,0,0,0,31.381723240124177,0.0,0.0,0.0,0,0,0.0,0.0
MLB,2026-06-01,2026,2,6,23,operasional,test,0.0,0.0,0.0,0,0,0,31.381723240124177,0.0,0.0,0.0,0,0,0.0,0.0
MLB,2026-06-08,2026,2,6,24,operasional,test,0.0,0.0,0.0,0,0,0,31.381723240124177,0.0,0.0,0.0,0,0,0.0,0.0
MLB,2026-06-15,2026,2,6,25,operasional,test,0.0,0.0,0.0,0,0,0,31.381723240124177,0.0,0.0,0.0,0,0,0.0,0.0
MLB,2026-06-22,2026,2,6,26,operasional,test,55.0,55.0,4.02535169073515,1,0,1,31.381723240124177,330000.0,1.0,1.0,1,0,39.0,1.0
MLB,2026-06-29,2026,2,6,27,operasional,test,27.0,27.0,3.332204510175204,0,0,0,31.381723240124177,162000.0,1.0,1.0,0,1,0.0,0.0
MLB,2026-07-06,2026,3,7,28,operasional,test,0.0,0.0,0.0,0,0,0,31.381723240124177,0.0,0.0,0.0,0,0,0.0,0.0
MLB,2026-07-13,2026,3,7,29,operasional,test,0.0,0.0,0.0,0,0,0,31.381723240124177,0.0,0.0,0.0,0,0,0.0,0.0
MLB,2026-07-20,2026,3,7,30,operasional,test,0.0,0.0,0.0,0,0,0,31.381723240124177,0.0,0.0,0.0,1,1,0.0,0.0
MLB,2026-07-27,2026,3,7,31,operasional,test,0.0,0.0,0.0,0,0,0,31.381723240124177,0.0,0.0,0.0,0,0,0.0,0.0
MLB,2026-08-03,2026,3,8,32,operasional,test,0.0,0.0,0.0,0,0,0,31.381723240124177,0.0,0.0,0.0,0,0,0.0,0.0
MLB,2026-08-10,2026,3,8,33,operasional,test,7.0,7.0,2.0794415416798357,0,0,0,31.381723240124177,42000.0,1.0,1.0,0,1,0.0,0.0
MLB,2026-08-17,2026,3,8,34,operasional,test,0.0,0.0,0.0,0,0,0,31.381723240124177,0.0,0.0,0.0,0,1,0.0,0.0
MLB,2026-08-24,2026,3,8,35,operasional,test,0.0,0.0,0.0,0,0,0,31.381723240124177,0.0,0.0,0.0,1,0,0.0,0.0
MLB,2026-08-31,2026,3,8,36,operasional,test,0.0,0.0,0.0,0,0,0,31.381723240124177,0.0,0.0,0.0,0,1,0.0,0.0
MLB,2026-09-07,2026,3,9,37,operasional,test,0.0,0.0,0.0,0,0,0,31.381723240124177,0.0,0.0,0.0,0,0,0.0,0.0
MLB,2026-09-14,2026,3,9,38,operasional,test,0.0,0.0,0.0,0,0,0,31.381723240124177,0.0,0.0,0.0,1,1,0.0,0.0
MLB,2026-09-21,2026,3,9,39,operasional,test,0.0,0.0,0.0,0,0,0,31.381723240124177,0.0,0.0,0.0,0,0,0.0,0.0
MNJ,2024-01-01,2024,1,1,1,sebelum_produk_dijual,train,,,,0,0,0,,,,,1,0,,
MNJ,2024-01-08,2024,1,1,2,sebelum_produk_dijual,train,,,,0,0,0,,,,,1,0,,
MNJ,2024-01-15,2024,1,1,3,sebelum_produk_dijual,train,,,,0,0,0,,,,,0,0,,
MNJ,2024-01-22,2024,1,1,4,sebelum_produk_dijual,train,,,,0,0,0,,,,,0,0,,
MNJ,2024-01-29,2024,1,1,5,sebelum_produk_dijual,train,,,,0,0,0,,,,,0,0,,
MNJ,2024-02-05,2024,1,2,6,sebelum_produk_dijual,train,,,,0,0,0,,,,,1,0,,
MNJ,2024-02-12,2024,1,2,7,sebelum_produk_dijual,train,,,,0,0,0,,,,,1,0,,
MNJ,2024-02-19,2024,1,2,8,sebelum_produk_dijual,train,,,,0,0,0,,,,,0,0,,
MNJ,2024-02-26,2024,1,2,9,sebelum_produk_dijual,train,,,,0,0,0,,,,,1,0,,
MNJ,2024-03-04,2024,1,3,10,sebelum_produk_dijual,train,,,,0,0,0,,,,,0,0,,
MNJ,2024-03-11,2024,1,3,11,sebelum_produk_dijual,train,,,,0,0,0,,,,,1,0,,
MNJ,2024-03-18,2024,1,3,12,sebelum_produk_dijual,train,,,,0,0,0,,,,,1,0,,
MNJ,2024-03-25,2024,1,3,13,sebelum_produk_dijual,train,,,,0,0,0,,,,,0,1,,
MNJ,2024-04-01,2024,2,4,14,sebelum_produk_dijual,train,,,,0,0,0,,,,,1,0,,
MNJ,2024-04-08,2024,2,4,15,sebelum_produk_dijual,train,,,,0,0,0,,,,,0,0,,
MNJ,2024-04-15,2024,2,4,16,sebelum_produk_dijual,train,,,,0,0,0,,,,,1,0,,
MNJ,2024-04-22,2024,2,4,17,sebelum_produk_dijual,train,,,,0,0,0,,,,,1,0,,
MNJ,2024-04-29,2024,2,4,18,sebelum_produk_dijual,train,,,,0,0,0,,,,,0,1,,
MNJ,2024-05-06,2024,2,5,19,sebelum_produk_dijual,train,,,,0,0,0,,,,,1,0,,
MNJ,2024-05-13,2024,2,5,20,sebelum_produk_dijual,train,,,,0,0,0,,,,,0,0,,
MNJ,2024-05-20,2024,2,5,21,sebelum_produk_dijual,train,,,,0,0,0,,,,,0,1,,
MNJ,2024-05-27,2024,2,5,22,sebelum_produk_dijual,train,,,,0,0,0,,,,,0,0,,
MNJ,2024-06-03,2024,2,6,23,sebelum_produk_dijual,train,,,,0,0,0,,,,,0,1,,
MNJ,2024-06-10,2024,2,6,24,sebelum_produk_dijual,train,,,,0,0,0,,,,,0,1,,
MNJ,2024-06-17,2024,2,6,25,operasional,train,10.0,10.0,2.3978952727983707,0,0,0,,60000.0,1.0,1.0,1,1,12.0,1.0
MNJ,2024-06-24,2024,2,6,26,operasional,train,0.0,0.0,0.0,0,0,0,,0.0,0.0,0.0,1,1,0.0,0.0
MNJ,2024-07-01,2024,3,7,27,operasional,train,0.0,0.0,0.0,0,0,0,,0.0,0.0,0.0,0,1,0.0,0.0
MNJ,2024-07-08,2024,3,7,28,operasional,train,0.0,0.0,0.0,0,0,0,,0.0,0.0,0.0,0,0,0.0,0.0
MNJ,2024-07-15,2024,3,7,29,operasional,train,0.0,0.0,0.0,0,0,0,,0.0,0.0,0.0,0,1,0.0,0.0
MNJ,2024-07-22,2024,3,7,30,operasional,train,0.0,0.0,0.0,0,0,0,,0.0,0.0,0.0,0,0,0.0,0.0
MNJ,2024-07-29,2024,3,7,31,operasional,train,0.0,0.0,0.0,0,0,0,,0.0,0.0,0.0,1,0,0.0,0.0
MNJ,2024-08-05,2024,3,8,32,operasional,train,0.0,0.0,0.0,0,0,0,,0.0,0.0,0.0,0,0,0.0,0.0
MNJ,2024-08-12,2024,3,8,33,operasional,train,0.0,0.0,0.0,0,0,0,,0.0,0.0,0.0,1,0,0.0,0.0
MNJ,2024-08-19,2024,3,8,34,operasional,train,0.0,0.0,0.0,0,0,0,,0.0,0.0,0.0,1,0,0.0,0.0
MNJ,2024-08-26,2024,3,8,35,operasional,train,0.0,0.0,0.0,0,0,0,,0.0,0.0,0.0,0,1,0.0,0.0
MNJ,2024-09-02,2024,3,9,36,operasional,train,0.0,0.0,0.0,0,0,0,,0.0,0.0,0.0,1,0,0.0,0.0
MNJ,2024-09-09,2024,3,9,37,operasional,train,0.0,0.0,0.0,0,0,0,,0.0,0.0,0.0,0,0,0.0,0.0
MNJ,2024-09-16,2024,3,9,38,operasional,train,0.0,0.0,0.0,0,0,0,,0.0,0.0,0.0,1,0,0.0,0.0
MNJ,2024-09-23,2024,3,9,39,operasional,train,0.0,0.0,0.0,0,0,0,,0.0,0.0,0.0,1,0,0.0,0.0
MNJ,2024-09-30,2024,3,9,40,operasional,train,0.0,0.0,0.0,0,0,0,,0.0,0.0,0.0,0,1,0.0,0.0
MNJ,2024-10-07,2024,4,10,41,operasional,train,0.0,0.0,0.0,0,0,0,,0.0,0.0,0.0,1,0,0.0,0.0
MNJ,2024-10-14,2024,4,10,42,operasional,train,0.0,0.0,0.0,0,0,0,,0.0,0.0,0.0,0,0,0.0,0.0
MNJ,2024-10-21,2024,4,10,43,tidak_tercatat,train,,,,0,0,0,,,,,0,0,,
MNJ,2024-10-28,2024,4,10,44,tidak_tercatat,train,,,,0,0,0,,,,,0,0,,
MNJ,2024-11-04,2024,4,11,45,tidak_tercatat,train,,,,0,0,0,,,,,0,0,,
MNJ,2024-11-11,2024,4,11,46,tidak_tercatat,train,,,,0,0,0,,,,,0,0,,
MNJ,2024-11-18,2024,4,11,47,tidak_tercatat,train,,,,0,0,0,,,,,0,0,,
MNJ,2024-11-25,2024,4,11,48,tidak_tercatat,train,,,,0,0,0,,,,,0,0,,
MNJ,2024-12-02,2024,4,12,49,tidak_tercatat,train,,,,0,0,0,,,,,0,0,,
MNJ,2024-12-09,2024,4,12,50,tidak_tercatat,train,,,,0,0,0,,,,,0,0,,
MNJ,2024-12-16,2024,4,12,51,tidak_tercatat,train,,,,0,0,0,,,,,0,0,,
MNJ,2024-12-23,2024,4,12,52,tidak_tercatat,train,,,,0,0,0,,,,,0,0,,
MNJ,2024-12-30,2024,4,12,1,tidak_tercatat,train,,,,0,0,0,,,,,0,0,,
MNJ,2025-01-06,2025,1,1,2,tidak_tercatat,train,,,,0,0,0,,,,,0,0,,
MNJ,2025-01-13,2025,1,1,3,tidak_tercatat,train,,,,0,0,0,,,,,0,0,,
MNJ,2025-01-20,2025,1,1,4,tidak_tercatat,train,,,,0,0,0,,,,,0,0,,
MNJ,2025-01-27,2025,1,1,5,operasional,train,0.0,0.0,0.0,0,0,0,,0.0,0.0,0.0,0,0,0.0,0.0
MNJ,2025-02-03,2025,1,2,6,operasional,train,0.0,0.0,0.0,0,0,0,,0.0,0.0,0.0,0,0,0.0,0.0
MNJ,2025-02-10,2025,1,2,7,operasional,train,0.0,0.0,0.0,0,0,0,,0.0,0.0,0.0,0,0,0.0,0.0
MNJ,2025-02-17,2025,1,2,8,operasional,train,0.0,0.0,0.0,0,0,0,,0.0,0.0,0.0,0,0,0.0,0.0
MNJ,2025-02-24,2025,1,2,9,operasional,train,0.0,0.0,0.0,0,0,0,,0.0,0.0,0.0,0,0,0.0,0.0
MNJ,2025-03-03,2025,1,3,10,tidak_tercatat,train,,,,0,0,0,,,,,0,0,,
MNJ,2025-03-10,2025,1,3,11,tidak_tercatat,train,,,,0,0,0,,,,,0,0,,
MNJ,2025-03-17,2025,1,3,12,tidak_tercatat,train,,,,0,0,0,,,,,0,0,,
MNJ,2025-03-24,2025,1,3,13,tidak_tercatat,train,,,,0,0,0,,,,,0,0,,
MNJ,2025-03-31,2025,1,3,14,tidak_tercatat,train,,,,0,0,0,,,,,0,0,,
MNJ,2025-04-07,2025,2,4,15,tidak_tercatat,train,,,,0,0,0,,,,,0,0,,
MNJ,2025-04-14,2025,2,4,16,operasional,train,0.0,0.0,0.0,0,0,0,,0.0,0.0,0.0,0,0,0.0,0.0
MNJ,2025-04-21,2025,2,4,17,operasional,train,0.0,0.0,0.0,0,0,0,,0.0,0.0,0.0,0,0,0.0,0.0
MNJ,2025-04-28,2025,2,4,18,operasional,train,0.0,0.0,0.0,0,0,0,,0.0,0.0,0.0,0,0,0.0,0.0
MNJ,2025-05-05,2025,2,5,19,operasional,train,0.0,0.0,0.0,0,0,0,,0.0,0.0,0.0,0,0,0.0,0.0
MNJ,2025-05-12,2025,2,5,20,operasional,train,0.0,0.0,0.0,0,0,0,,0.0,0.0,0.0,0,0,0.0,0.0
MNJ,2025-05-19,2025,2,5,21,operasional,train,0.0,0.0,0.0,0,0,0,,0.0,0.0,0.0,0,0,0.0,0.0
MNJ,2025-05-26,2025,2,5,22,operasional,train,0.0,0.0,0.0,0,0,0,,0.0,0.0,0.0,0,0,0.0,0.0
MNJ,2025-06-02,2025,2,6,23,operasional,train,0.0,0.0,0.0,0,0,0,,0.0,0.0,0.0,0,0,0.0,0.0
MNJ,2025-06-09,2025,2,6,24,operasional,train,0.0,0.0,0.0,0,0,0,,0.0,0.0,0.0,1,1,0.0,0.0
MNJ,2025-06-16,2025,2,6,25,operasional,train,0.0,0.0,0.0,0,0,0,,0.0,0.0,0.0,0,0,0.0,0.0
MNJ,2025-06-23,2025,2,6,26,operasional,train,0.0,0.0,0.0,0,0,0,,0.0,0.0,0.0,1,1,0.0,0.0
MNJ,2025-06-30,2025,2,6,27,operasional,train,0.0,0.0,0.0,0,0,0,,0.0,0.0,0.0,0,0,0.0,0.0
MNJ,2025-07-07,2025,3,7,28,operasional,train,0.0,0.0,0.0,0,0,0,,0.0,0.0,0.0,0,0,0.0,0.0
MNJ,2025-07-14,2025,3,7,29,operasional,train,0.0,0.0,0.0,0,0,0,,0.0,0.0,0.0,0,0,0.0,0.0
MNJ,2025-07-21,2025,3,7,30,operasional,train,0.0,0.0,0.0,0,0,0,,0.0,0.0,0.0,0,0,0.0,0.0
MNJ,2025-07-28,2025,3,7,31,operasional,train,0.0,0.0,0.0,0,0,0,,0.0,0.0,0.0,0,0,0.0,0.0
MNJ,2025-08-04,2025,3,8,32,operasional,train,0.0,0.0,0.0,0,0,0,,0.0,0.0,0.0,0,0,0.0,0.0
MNJ,2025-08-11,2025,3,8,33,operasional,train,0.0,0.0,0.0,0,0,0,,0.0,0.0,0.0,1,0,0.0,0.0
MNJ,2025-08-18,2025,3,8,34,operasional,train,0.0,0.0,0.0,0,0,0,,0.0,0.0,0.0,0,0,0.0,0.0
MNJ,2025-08-25,2025,3,8,35,operasional,train,0.0,0.0,0.0,0,0,0,,0.0,0.0,0.0,0,0,0.0,0.0
MNJ,2025-09-01,2025,3,9,36,operasional,train,0.0,0.0,0.0,0,0,0,,0.0,0.0,0.0,0,0,0.0,0.0
MNJ,2025-09-08,2025,3,9,37,operasional,train,0.0,0.0,0.0,0,0,0,,0.0,0.0,0.0,0,0,0.0,0.0
MNJ,2025-09-15,2025,3,9,38,operasional,train,0.0,0.0,0.0,0,0,0,,0.0,0.0,0.0,0,0,0.0,0.0
MNJ,2025-09-22,2025,3,9,39,operasional,train,0.0,0.0,0.0,0,0,0,,0.0,0.0,0.0,0,1,0.0,0.0
MNJ,2025-09-29,2025,3,9,40,operasional,train,0.0,0.0,0.0,0,0,0,,0.0,0.0,0.0,0,0,0.0,0.0
MNJ,2025-10-06,2025,4,10,41,operasional,train,0.0,0.0,0.0,0,0,0,,0.0,0.0,0.0,0,0,0.0,0.0
MNJ,2025-10-13,2025,4,10,42,operasional,train,0.0,0.0,0.0,0,0,0,,0.0,0.0,0.0,0,0,0.0,0.0
MNJ,2025-10-20,2025,4,10,43,operasional,train,0.0,0.0,0.0,0,0,0,,0.0,0.0,0.0,0,0,0.0,0.0
MNJ,2025-10-27,2025,4,10,44,operasional,train,0.0,0.0,0.0,0,0,0,,0.0,0.0,0.0,0,0,0.0,0.0
MNJ,2025-11-03,2025,4,11,45,operasional,train,0.0,0.0,0.0,0,0,0,,0.0,0.0,0.0,0,0,0.0,0.0
MNJ,2025-11-10,2025,4,11,46,operasional,train,0.0,0.0,0.0,0,0,0,,0.0,0.0,0.0,0,0,0.0,0.0
MNJ,2025-11-17,2025,4,11,47,operasional,train,0.0,0.0,0.0,0,0,0,,0.0,0.0,0.0,0,0,0.0,0.0
MNJ,2025-11-24,2025,4,11,48,operasional,train,0.0,0.0,0.0,0,0,0,,0.0,0.0,0.0,0,0,0.0,0.0
MNJ,2025-12-01,2025,4,12,49,operasional,train,0.0,0.0,0.0,0,0,0,,0.0,0.0,0.0,1,0,0.0,0.0
MNJ,2025-12-08,2025,4,12,50,operasional,train,0.0,0.0,0.0,0,0,0,,0.0,0.0,0.0,0,0,0.0,0.0
MNJ,2025-12-15,2025,4,12,51,operasional,train,0.0,0.0,0.0,0,0,0,,0.0,0.0,0.0,0,0,0.0,0.0
MNJ,2025-12-22,2025,4,12,52,operasional,train,0.0,0.0,0.0,0,0,0,,0.0,0.0,0.0,0,0,0.0,0.0
MNJ,2025-12-29,2025,4,12,1,operasional,train,0.0,0.0,0.0,0,0,0,,0.0,0.0,0.0,0,0,0.0,0.0
MNJ,2026-01-05,2026,1,1,2,operasional,train,0.0,0.0,0.0,0,0,0,,0.0,0.0,0.0,0,0,0.0,0.0
MNJ,2026-01-12,2026,1,1,3,operasional,train,0.0,0.0,0.0,0,0,0,,0.0,0.0,0.0,0,0,0.0,0.0
MNJ,2026-01-19,2026,1,1,4,operasional,train,0.0,0.0,0.0,0,0,0,,0.0,0.0,0.0,0,0,0.0,0.0
MNJ,2026-01-26,2026,1,1,5,operasional,train,0.0,0.0,0.0,0,0,0,,0.0,0.0,0.0,0,0,0.0,0.0
MNJ,2026-02-02,2026,1,2,6,operasional,train,0.0,0.0,0.0,0,0,0,,0.0,0.0,0.0,1,0,0.0,0.0
MNJ,2026-02-09,2026,1,2,7,operasional,train,0.0,0.0,0.0,0,0,0,,0.0,0.0,0.0,0,0,0.0,0.0
MNJ,2026-02-16,2026,1,2,8,operasional,train,0.0,0.0,0.0,0,0,0,,0.0,0.0,0.0,0,0,0.0,0.0
MNJ,2026-02-23,2026,1,2,9,operasional,train,0.0,0.0,0.0,0,0,0,,0.0,0.0,0.0,0,0,0.0,0.0
MNJ,2026-03-02,2026,1,3,10,operasional,train,0.0,0.0,0.0,0,0,0,,0.0,0.0,0.0,0,0,0.0,0.0
MNJ,2026-03-09,2026,1,3,11,operasional,train,0.0,0.0,0.0,0,0,0,,0.0,0.0,0.0,0,0,0.0,0.0
MNJ,2026-03-16,2026,1,3,12,operasional,train,0.0,0.0,0.0,0,0,0,,0.0,0.0,0.0,1,0,0.0,0.0
MNJ,2026-03-23,2026,1,3,13,operasional,train,0.0,0.0,0.0,0,0,0,,0.0,0.0,0.0,0,0,0.0,0.0
MNJ,2026-03-30,2026,1,3,14,operasional,train,0.0,0.0,0.0,0,0,0,,0.0,0.0,0.0,1,0,0.0,0.0
MNJ,2026-04-06,2026,2,4,15,operasional,test,0.0,0.0,0.0,0,0,0,,0.0,0.0,0.0,0,0,0.0,0.0
MNJ,2026-04-13,2026,2,4,16,operasional,test,0.0,0.0,0.0,0,0,0,,0.0,0.0,0.0,0,1,0.0,0.0
MNJ,2026-04-20,2026,2,4,17,operasional,test,0.0,0.0,0.0,0,0,0,,0.0,0.0,0.0,0,0,0.0,0.0
MNJ,2026-04-27,2026,2,4,18,operasional,test,0.0,0.0,0.0,0,0,0,,0.0,0.0,0.0,0,0,0.0,0.0
MNJ,2026-05-04,2026,2,5,19,operasional,test,0.0,0.0,0.0,0,0,0,,0.0,0.0,0.0,1,0,0.0,0.0
MNJ,2026-05-11,2026,2,5,20,operasional,test,10.0,10.0,2.3978952727983707,0,0,0,,60000.0,1.0,1.0,0,1,26.0,1.0
MNJ,2026-05-18,2026,2,5,21,operasional,test,0.0,0.0,0.0,0,0,0,,0.0,0.0,0.0,0,0,0.0,0.0
MNJ,2026-05-25,2026,2,5,22,operasional,test,0.0,0.0,0.0,0,0,0,,0.0,0.0,0.0,0,0,0.0,0.0
MNJ,2026-06-01,2026,2,6,23,operasional,test,0.0,0.0,0.0,0,0,0,,0.0,0.0,0.0,0,0,0.0,0.0
MNJ,2026-06-08,2026,2,6,24,operasional,test,0.0,0.0,0.0,0,0,0,,0.0,0.0,0.0,0,0,0.0,0.0
MNJ,2026-06-15,2026,2,6,25,operasional,test,0.0,0.0,0.0,0,0,0,,0.0,0.0,0.0,0,0,0.0,0.0
MNJ,2026-06-22,2026,2,6,26,operasional,test,0.0,0.0,0.0,0,0,0,,0.0,0.0,0.0,1,0,0.0,0.0
MNJ,2026-06-29,2026,2,6,27,operasional,test,8.0,8.0,2.1972245773362196,0,0,0,,48000.0,1.0,1.0,0,1,0.0,0.0
MNJ,2026-07-06,2026,3,7,28,operasional,test,0.0,0.0,0.0,0,0,0,,0.0,0.0,0.0,0,0,0.0,0.0
MNJ,2026-07-13,2026,3,7,29,operasional,test,0.0,0.0,0.0,0,0,0,,0.0,0.0,0.0,0,0,0.0,0.0
MNJ,2026-07-20,2026,3,7,30,operasional,test,0.0,0.0,0.0,0,0,0,,0.0,0.0,0.0,1,1,0.0,0.0
MNJ,2026-07-27,2026,3,7,31,operasional,test,0.0,0.0,0.0,0,0,0,,0.0,0.0,0.0,0,0,0.0,0.0
MNJ,2026-08-03,2026,3,8,32,operasional,test,0.0,0.0,0.0,0,0,0,,0.0,0.0,0.0,0,0,0.0,0.0
MNJ,2026-08-10,2026,3,8,33,operasional,test,0.0,0.0,0.0,0,0,0,,0.0,0.0,0.0,0,1,0.0,0.0
MNJ,2026-08-17,2026,3,8,34,operasional,test,0.0,0.0,0.0,0,0,0,,0.0,0.0,0.0,0,1,0.0,0.0
MNJ,2026-08-24,2026,3,8,35,operasional,test,0.0,0.0,0.0,0,0,0,,0.0,0.0,0.0,1,0,0.0,0.0
MNJ,2026-08-31,2026,3,8,36,operasional,test,5.0,5.0,1.791759469228055,0,0,0,,30000.0,1.0,1.0,0,1,0.0,0.0
MNJ,2026-09-07,2026,3,9,37,operasional,test,0.0,0.0,0.0,0,0,0,,0.0,0.0,0.0,0,0,0.0,0.0
MNJ,2026-09-14,2026,3,9,38,operasional,test,0.0,0.0,0.0,0,0,0,,0.0,0.0,0.0,1,1,0.0,0.0
MNJ,2026-09-21,2026,3,9,39,operasional,test,0.0,0.0,0.0,0,0,0,,0.0,0.0,0.0,0,0,0.0,0.0
MNM,2024-01-01,2024,1,1,1,sebelum_produk_dijual,train,,,,0,0,0,31.16326310162114,,,,1,0,,
MNM,2024-01-08,2024,1,1,2,sebelum_produk_dijual,train,,,,0,0,0,31.16326310162114,,,,1,0,,
MNM,2024-01-15,2024,1,1,3,sebelum_produk_dijual,train,,,,0,0,0,31.16326310162114,,,,0,0,,
MNM,2024-01-22,2024,1,1,4,sebelum_produk_dijual,train,,,,0,0,0,31.16326310162114,,,,0,0,,
MNM,2024-01-29,2024,1,1,5,sebelum_produk_dijual,train,,,,0,0,0,31.16326310162114,,,,0,0,,
MNM,2024-02-05,2024,1,2,6,sebelum_produk_dijual,train,,,,0,0,0,31.16326310162114,,,,1,0,,
MNM,2024-02-12,2024,1,2,7,sebelum_produk_dijual,train,,,,0,0,0,31.16326310162114,,,,1,0,,
MNM,2024-02-19,2024,1,2,8,sebelum_produk_dijual,train,,,,0,0,0,31.16326310162114,,,,0,0,,
MNM,2024-02-26,2024,1,2,9,sebelum_produk_dijual,train,,,,0,0,0,31.16326310162114,,,,1,0,,
MNM,2024-03-04,2024,1,3,10,sebelum_produk_dijual,train,,,,0,0,0,31.16326310162114,,,,0,0,,
MNM,2024-03-11,2024,1,3,11,sebelum_produk_dijual,train,,,,0,0,0,31.16326310162114,,,,1,0,,
MNM,2024-03-18,2024,1,3,12,sebelum_produk_dijual,train,,,,0,0,0,31.16326310162114,,,,1,0,,
MNM,2024-03-25,2024,1,3,13,sebelum_produk_dijual,train,,,,0,0,0,31.16326310162114,,,,0,1,,
MNM,2024-04-01,2024,2,4,14,sebelum_produk_dijual,train,,,,0,0,0,31.16326310162114,,,,1,0,,
MNM,2024-04-08,2024,2,4,15,sebelum_produk_dijual,train,,,,0,0,0,31.16326310162114,,,,0,0,,
MNM,2024-04-15,2024,2,4,16,sebelum_produk_dijual,train,,,,0,0,0,31.16326310162114,,,,1,0,,
MNM,2024-04-22,2024,2,4,17,sebelum_produk_dijual,train,,,,0,0,0,31.16326310162114,,,,1,0,,
MNM,2024-04-29,2024,2,4,18,sebelum_produk_dijual,train,,,,0,0,0,31.16326310162114,,,,0,1,,
MNM,2024-05-06,2024,2,5,19,sebelum_produk_dijual,train,,,,0,0,0,31.16326310162114,,,,1,0,,
MNM,2024-05-13,2024,2,5,20,sebelum_produk_dijual,train,,,,0,0,0,31.16326310162114,,,,0,0,,
MNM,2024-05-20,2024,2,5,21,operasional,train,4.0,4.0,1.6094379124341003,0,0,0,31.16326310162114,24000.0,1.0,1.0,0,1,10.0,1.0
MNM,2024-05-27,2024,2,5,22,operasional,train,0.0,0.0,0.0,0,0,0,31.16326310162114,0.0,0.0,0.0,0,0,0.0,0.0
MNM,2024-06-03,2024,2,6,23,operasional,train,0.0,0.0,0.0,0,0,0,31.16326310162114,0.0,0.0,0.0,0,1,0.0,0.0
MNM,2024-06-10,2024,2,6,24,operasional,train,0.0,0.0,0.0,0,0,0,31.16326310162114,0.0,0.0,0.0,0,1,0.0,0.0
MNM,2024-06-17,2024,2,6,25,operasional,train,0.0,0.0,0.0,0,0,0,31.16326310162114,0.0,0.0,0.0,1,1,0.0,0.0
MNM,2024-06-24,2024,2,6,26,operasional,train,0.0,0.0,0.0,0,0,0,31.16326310162114,0.0,0.0,0.0,1,1,0.0,0.0
MNM,2024-07-01,2024,3,7,27,operasional,train,4.0,4.0,1.6094379124341003,0,0,0,31.16326310162114,24000.0,1.0,1.0,0,1,0.0,0.0
MNM,2024-07-08,2024,3,7,28,operasional,train,0.0,0.0,0.0,0,0,0,31.16326310162114,0.0,0.0,0.0,0,0,0.0,0.0
MNM,2024-07-15,2024,3,7,29,operasional,train,0.0,0.0,0.0,0,0,0,31.16326310162114,0.0,0.0,0.0,0,1,0.0,0.0
MNM,2024-07-22,2024,3,7,30,operasional,train,0.0,0.0,0.0,0,0,0,31.16326310162114,0.0,0.0,0.0,0,0,0.0,0.0
MNM,2024-07-29,2024,3,7,31,operasional,train,0.0,0.0,0.0,0,0,0,31.16326310162114,0.0,0.0,0.0,1,0,0.0,0.0
MNM,2024-08-05,2024,3,8,32,operasional,train,0.0,0.0,0.0,0,0,0,31.16326310162114,0.0,0.0,0.0,0,0,0.0,0.0
MNM,2024-08-12,2024,3,8,33,operasional,train,0.0,0.0,0.0,0,0,0,31.16326310162114,0.0,0.0,0.0,1,0,0.0,0.0
MNM,2024-08-19,2024,3,8,34,operasional,train,0.0,0.0,0.0,0,0,0,31.16326310162114,0.0,0.0,0.0,1,0,0.0,0.0
MNM,2024-08-26,2024,3,8,35,operasional,train,0.0,0.0,0.0,0,0,0,31.16326310162114,0.0,0.0,0.0,0,1,0.0,0.0
MNM,2024-09-02,2024,3,9,36,operasional,train,0.0,0.0,0.0,0,0,0,31.16326310162114,0.0,0.0,0.0,1,0,0.0,0.0
MNM,2024-09-09,2024,3,9,37,operasional,train,0.0,0.0,0.0,0,0,0,31.16326310162114,0.0,0.0,0.0,0,0,0.0,0.0
MNM,2024-09-16,2024,3,9,38,operasional,train,0.0,0.0,0.0,0,0,0,31.16326310162114,0.0,0.0,0.0,1,0,0.0,0.0
MNM,2024-09-23,2024,3,9,39,operasional,train,0.0,0.0,0.0,0,0,0,31.16326310162114,0.0,0.0,0.0,1,0,0.0,0.0
MNM,2024-09-30,2024,3,9,40,operasional,train,0.0,0.0,0.0,0,0,0,31.16326310162114,0.0,0.0,0.0,0,1,0.0,0.0
MNM,2024-10-07,2024,4,10,41,operasional,train,0.0,0.0,0.0,0,0,0,31.16326310162114,0.0,0.0,0.0,1,0,0.0,0.0
MNM,2024-10-14,2024,4,10,42,operasional,train,0.0,0.0,0.0,0,0,0,31.16326310162114,0.0,0.0,0.0,0,0,0.0,0.0
MNM,2024-10-21,2024,4,10,43,tidak_tercatat,train,,,,0,0,0,31.16326310162114,,,,0,0,,
MNM,2024-10-28,2024,4,10,44,tidak_tercatat,train,,,,0,0,0,31.16326310162114,,,,0,0,,
MNM,2024-11-04,2024,4,11,45,tidak_tercatat,train,,,,0,0,0,31.16326310162114,,,,0,0,,
MNM,2024-11-11,2024,4,11,46,tidak_tercatat,train,,,,0,0,0,31.16326310162114,,,,0,0,,
MNM,2024-11-18,2024,4,11,47,tidak_tercatat,train,,,,0,0,0,31.16326310162114,,,,0,0,,
MNM,2024-11-25,2024,4,11,48,tidak_tercatat,train,,,,0,0,0,31.16326310162114,,,,0,0,,
MNM,2024-12-02,2024,4,12,49,tidak_tercatat,train,,,,0,0,0,31.16326310162114,,,,0,0,,
MNM,2024-12-09,2024,4,12,50,tidak_tercatat,train,,,,0,0,0,31.16326310162114,,,,0,0,,
MNM,2024-12-16,2024,4,12,51,tidak_tercatat,train,,,,0,0,0,31.16326310162114,,,,0,0,,
MNM,2024-12-23,2024,4,12,52,tidak_tercatat,train,,,,0,0,0,31.16326310162114,,,,0,0,,
MNM,2024-12-30,2024,4,12,1,tidak_tercatat,train,,,,0,0,0,31.16326310162114,,,,0,0,,
MNM,2025-01-06,2025,1,1,2,tidak_tercatat,train,,,,0,0,0,31.16326310162114,,,,0,0,,
MNM,2025-01-13,2025,1,1,3,tidak_tercatat,train,,,,0,0,0,31.16326310162114,,,,0,0,,
MNM,2025-01-20,2025,1,1,4,tidak_tercatat,train,,,,0,0,0,31.16326310162114,,,,0,0,,
MNM,2025-01-27,2025,1,1,5,operasional,train,0.0,0.0,0.0,0,0,0,31.16326310162114,0.0,0.0,0.0,0,0,0.0,0.0
MNM,2025-02-03,2025,1,2,6,operasional,train,0.0,0.0,0.0,0,0,0,31.16326310162114,0.0,0.0,0.0,0,0,0.0,0.0
MNM,2025-02-10,2025,1,2,7,operasional,train,0.0,0.0,0.0,0,0,0,31.16326310162114,0.0,0.0,0.0,0,0,0.0,0.0
MNM,2025-02-17,2025,1,2,8,operasional,train,0.0,0.0,0.0,0,0,0,31.16326310162114,0.0,0.0,0.0,0,0,0.0,0.0
MNM,2025-02-24,2025,1,2,9,operasional,train,0.0,0.0,0.0,0,0,0,31.16326310162114,0.0,0.0,0.0,0,0,0.0,0.0
MNM,2025-03-03,2025,1,3,10,tidak_tercatat,train,,,,0,0,0,31.16326310162114,,,,0,0,,
MNM,2025-03-10,2025,1,3,11,tidak_tercatat,train,,,,0,0,0,31.16326310162114,,,,0,0,,
MNM,2025-03-17,2025,1,3,12,tidak_tercatat,train,,,,0,0,0,31.16326310162114,,,,0,0,,
MNM,2025-03-24,2025,1,3,13,tidak_tercatat,train,,,,0,0,0,31.16326310162114,,,,0,0,,
MNM,2025-03-31,2025,1,3,14,tidak_tercatat,train,,,,0,0,0,31.16326310162114,,,,0,0,,
MNM,2025-04-07,2025,2,4,15,tidak_tercatat,train,,,,0,0,0,31.16326310162114,,,,0,0,,
MNM,2025-04-14,2025,2,4,16,operasional,train,0.0,0.0,0.0,0,0,0,31.16326310162114,0.0,0.0,0.0,0,0,0.0,0.0
MNM,2025-04-21,2025,2,4,17,operasional,train,0.0,0.0,0.0,0,0,0,31.16326310162114,0.0,0.0,0.0,0,0,0.0,0.0
MNM,2025-04-28,2025,2,4,18,operasional,train,0.0,0.0,0.0,0,0,0,31.16326310162114,0.0,0.0,0.0,0,0,0.0,0.0
MNM,2025-05-05,2025,2,5,19,operasional,train,0.0,0.0,0.0,0,0,0,31.16326310162114,0.0,0.0,0.0,0,0,0.0,0.0
MNM,2025-05-12,2025,2,5,20,operasional,train,0.0,0.0,0.0,0,0,0,31.16326310162114,0.0,0.0,0.0,0,0,0.0,0.0
MNM,2025-05-19,2025,2,5,21,operasional,train,0.0,0.0,0.0,0,0,0,31.16326310162114,0.0,0.0,0.0,0,0,0.0,0.0
MNM,2025-05-26,2025,2,5,22,operasional,train,0.0,0.0,0.0,0,0,0,31.16326310162114,0.0,0.0,0.0,0,0,0.0,0.0
MNM,2025-06-02,2025,2,6,23,operasional,train,0.0,0.0,0.0,0,0,0,31.16326310162114,0.0,0.0,0.0,0,0,0.0,0.0
MNM,2025-06-09,2025,2,6,24,operasional,train,0.0,0.0,0.0,0,0,0,31.16326310162114,0.0,0.0,0.0,1,1,0.0,0.0
MNM,2025-06-16,2025,2,6,25,operasional,train,0.0,0.0,0.0,0,0,0,31.16326310162114,0.0,0.0,0.0,0,0,0.0,0.0
MNM,2025-06-23,2025,2,6,26,operasional,train,7.0,7.0,2.0794415416798357,0,0,0,31.16326310162114,42000.0,1.0,1.0,1,1,9.0,1.0
MNM,2025-06-30,2025,2,6,27,operasional,train,0.0,0.0,0.0,0,0,0,31.16326310162114,0.0,0.0,0.0,0,0,0.0,0.0
MNM,2025-07-07,2025,3,7,28,operasional,train,0.0,0.0,0.0,0,0,0,31.16326310162114,0.0,0.0,0.0,0,0,0.0,0.0
MNM,2025-07-14,2025,3,7,29,operasional,train,0.0,0.0,0.0,0,0,0,31.16326310162114,0.0,0.0,0.0,0,0,0.0,0.0
MNM,2025-07-21,2025,3,7,30,operasional,train,0.0,0.0,0.0,0,0,0,31.16326310162114,0.0,0.0,0.0,0,0,0.0,0.0
MNM,2025-07-28,2025,3,7,31,operasional,train,0.0,0.0,0.0,0,0,0,31.16326310162114,0.0,0.0,0.0,0,0,0.0,0.0
MNM,2025-08-04,2025,3,8,32,operasional,train,0.0,0.0,0.0,0,0,0,31.16326310162114,0.0,0.0,0.0,0,0,0.0,0.0
MNM,2025-08-11,2025,3,8,33,operasional,train,0.0,0.0,0.0,0,0,0,31.16326310162114,0.0,0.0,0.0,1,0,0.0,0.0
MNM,2025-08-18,2025,3,8,34,operasional,train,0.0,0.0,0.0,0,0,0,31.16326310162114,0.0,0.0,0.0,0,0,0.0,0.0
MNM,2025-08-25,2025,3,8,35,operasional,train,0.0,0.0,0.0,0,0,0,31.16326310162114,0.0,0.0,0.0,0,0,0.0,0.0
MNM,2025-09-01,2025,3,9,36,operasional,train,0.0,0.0,0.0,0,0,0,31.16326310162114,0.0,0.0,0.0,0,0,0.0,0.0
MNM,2025-09-08,2025,3,9,37,operasional,train,0.0,0.0,0.0,0,0,0,31.16326310162114,0.0,0.0,0.0,0,0,0.0,0.0
MNM,2025-09-15,2025,3,9,38,operasional,train,0.0,0.0,0.0,0,0,0,31.16326310162114,0.0,0.0,0.0,0,0,0.0,0.0
MNM,2025-09-22,2025,3,9,39,operasional,train,0.0,0.0,0.0,0,0,0,31.16326310162114,0.0,0.0,0.0,0,1,0.0,0.0
MNM,2025-09-29,2025,3,9,40,operasional,train,0.0,0.0,0.0,0,0,0,31.16326310162114,0.0,0.0,0.0,0,0,0.0,0.0
MNM,2025-10-06,2025,4,10,41,operasional,train,0.0,0.0,0.0,0,0,0,31.16326310162114,0.0,0.0,0.0,0,0,0.0,0.0
MNM,2025-10-13,2025,4,10,42,operasional,train,0.0,0.0,0.0,0,0,0,31.16326310162114,0.0,0.0,0.0,0,0,0.0,0.0
MNM,2025-10-20,2025,4,10,43,operasional,train,0.0,0.0,0.0,0,0,0,31.16326310162114,0.0,0.0,0.0,0,0,0.0,0.0
MNM,2025-10-27,2025,4,10,44,operasional,train,0.0,0.0,0.0,0,0,0,31.16326310162114,0.0,0.0,0.0,0,0,0.0,0.0
MNM,2025-11-03,2025,4,11,45,operasional,train,0.0,0.0,0.0,0,0,0,31.16326310162114,0.0,0.0,0.0,0,0,0.0,0.0
MNM,2025-11-10,2025,4,11,46,operasional,train,0.0,0.0,0.0,0,0,0,31.16326310162114,0.0,0.0,0.0,0,0,0.0,0.0
MNM,2025-11-17,2025,4,11,47,operasional,train,0.0,0.0,0.0,0,0,0,31.16326310162114,0.0,0.0,0.0,0,0,0.0,0.0
MNM,2025-11-24,2025,4,11,48,operasional,train,0.0,0.0,0.0,0,0,0,31.16326310162114,0.0,0.0,0.0,0,0,0.0,0.0
MNM,2025-12-01,2025,4,12,49,operasional,train,0.0,0.0,0.0,0,0,0,31.16326310162114,0.0,0.0,0.0,1,0,0.0,0.0
MNM,2025-12-08,2025,4,12,50,operasional,train,0.0,0.0,0.0,0,0,0,31.16326310162114,0.0,0.0,0.0,0,0,0.0,0.0
MNM,2025-12-15,2025,4,12,51,operasional,train,0.0,0.0,0.0,0,0,0,31.16326310162114,0.0,0.0,0.0,0,0,0.0,0.0
MNM,2025-12-22,2025,4,12,52,operasional,train,0.0,0.0,0.0,0,0,0,31.16326310162114,0.0,0.0,0.0,0,0,0.0,0.0
MNM,2025-12-29,2025,4,12,1,operasional,train,0.0,0.0,0.0,0,0,0,31.16326310162114,0.0,0.0,0.0,0,0,0.0,0.0
MNM,2026-01-05,2026,1,1,2,operasional,train,0.0,0.0,0.0,0,0,0,31.16326310162114,0.0,0.0,0.0,0,0,0.0,0.0
MNM,2026-01-12,2026,1,1,3,operasional,train,0.0,0.0,0.0,0,0,0,31.16326310162114,0.0,0.0,0.0,0,0,0.0,0.0
MNM,2026-01-19,2026,1,1,4,operasional,train,0.0,0.0,0.0,0,0,0,31.16326310162114,0.0,0.0,0.0,0,0,0.0,0.0
MNM,2026-01-26,2026,1,1,5,operasional,train,0.0,0.0,0.0,0,0,0,31.16326310162114,0.0,0.0,0.0,0,0,0.0,0.0
MNM,2026-02-02,2026,1,2,6,operasional,train,22.0,22.0,3.1354942159291497,0,0,0,31.16326310162114,132000.0,2.0,2.0,1,0,40.0,1.0
MNM,2026-02-09,2026,1,2,7,operasional,train,0.0,0.0,0.0,0,0,0,31.16326310162114,0.0,0.0,0.0,0,0,0.0,0.0
MNM,2026-02-16,2026,1,2,8,operasional,train,0.0,0.0,0.0,0,0,0,31.16326310162114,0.0,0.0,0.0,0,0,0.0,0.0
MNM,2026-02-23,2026,1,2,9,operasional,train,0.0,0.0,0.0,0,0,0,31.16326310162114,0.0,0.0,0.0,0,0,0.0,0.0
MNM,2026-03-02,2026,1,3,10,operasional,train,0.0,0.0,0.0,0,0,0,31.16326310162114,0.0,0.0,0.0,0,0,0.0,0.0
MNM,2026-03-09,2026,1,3,11,operasional,train,0.0,0.0,0.0,0,0,0,31.16326310162114,0.0,0.0,0.0,0,0,0.0,0.0
MNM,2026-03-16,2026,1,3,12,operasional,train,0.0,0.0,0.0,0,0,0,31.16326310162114,0.0,0.0,0.0,1,0,0.0,0.0
MNM,2026-03-23,2026,1,3,13,operasional,train,0.0,0.0,0.0,0,0,0,31.16326310162114,0.0,0.0,0.0,0,0,0.0,0.0
MNM,2026-03-30,2026,1,3,14,operasional,train,0.0,0.0,0.0,0,0,0,31.16326310162114,0.0,0.0,0.0,1,0,0.0,0.0
MNM,2026-04-06,2026,2,4,15,operasional,test,0.0,0.0,0.0,0,0,0,31.16326310162114,0.0,0.0,0.0,0,0,0.0,0.0
MNM,2026-04-13,2026,2,4,16,operasional,test,0.0,0.0,0.0,0,0,0,31.16326310162114,0.0,0.0,0.0,0,1,0.0,0.0
MNM,2026-04-20,2026,2,4,17,operasional,test,0.0,0.0,0.0,0,0,0,31.16326310162114,0.0,0.0,0.0,0,0,0.0,0.0
MNM,2026-04-27,2026,2,4,18,operasional,test,0.0,0.0,0.0,0,0,0,31.16326310162114,0.0,0.0,0.0,0,0,0.0,0.0
MNM,2026-05-04,2026,2,5,19,operasional,test,0.0,0.0,0.0,0,0,0,31.16326310162114,0.0,0.0,0.0,1,0,0.0,0.0
MNM,2026-05-11,2026,2,5,20,operasional,test,0.0,0.0,0.0,0,0,0,31.16326310162114,0.0,0.0,0.0,0,1,0.0,0.0
MNM,2026-05-18,2026,2,5,21,operasional,test,0.0,0.0,0.0,0,0,0,31.16326310162114,0.0,0.0,0.0,0,0,0.0,0.0
MNM,2026-05-25,2026,2,5,22,operasional,test,0.0,0.0,0.0,0,0,0,31.16326310162114,0.0,0.0,0.0,0,0,0.0,0.0
MNM,2026-06-01,2026,2,6,23,operasional,test,0.0,0.0,0.0,0,0,0,31.16326310162114,0.0,0.0,0.0,0,0,0.0,0.0
MNM,2026-06-08,2026,2,6,24,operasional,test,0.0,0.0,0.0,0,0,0,31.16326310162114,0.0,0.0,0.0,0,0,0.0,0.0
MNM,2026-06-15,2026,2,6,25,operasional,test,0.0,0.0,0.0,0,0,0,31.16326310162114,0.0,0.0,0.0,0,0,0.0,0.0
MNM,2026-06-22,2026,2,6,26,operasional,test,0.0,0.0,0.0,0,0,0,31.16326310162114,0.0,0.0,0.0,1,0,0.0,0.0
MNM,2026-06-29,2026,2,6,27,operasional,test,0.0,0.0,0.0,0,0,0,31.16326310162114,0.0,0.0,0.0,0,1,0.0,0.0
MNM,2026-07-06,2026,3,7,28,operasional,test,0.0,0.0,0.0,0,0,0,31.16326310162114,0.0,0.0,0.0,0,0,0.0,0.0
MNM,2026-07-13,2026,3,7,29,operasional,test,0.0,0.0,0.0,0,0,0,31.16326310162114,0.0,0.0,0.0,0,0,0.0,0.0
MNM,2026-07-20,2026,3,7,30,operasional,test,10.0,10.0,2.3978952727983707,0,0,0,31.16326310162114,60000.0,1.0,1.0,1,1,0.0,0.0
MNM,2026-07-27,2026,3,7,31,operasional,test,0.0,0.0,0.0,0,0,0,31.16326310162114,0.0,0.0,0.0,0,0,0.0,0.0
MNM,2026-08-03,2026,3,8,32,operasional,test,0.0,0.0,0.0,0,0,0,31.16326310162114,0.0,0.0,0.0,0,0,0.0,0.0
MNM,2026-08-10,2026,3,8,33,operasional,test,0.0,0.0,0.0,0,0,0,31.16326310162114,0.0,0.0,0.0,0,1,0.0,0.0
MNM,2026-08-17,2026,3,8,34,operasional,test,0.0,0.0,0.0,0,0,0,31.16326310162114,0.0,0.0,0.0,0,1,0.0,0.0
MNM,2026-08-24,2026,3,8,35,operasional,test,0.0,0.0,0.0,0,0,0,31.16326310162114,0.0,0.0,0.0,1,0,0.0,0.0
MNM,2026-08-31,2026,3,8,36,operasional,test,0.0,0.0,0.0,0,0,0,31.16326310162114,0.0,0.0,0.0,0,1,0.0,0.0
MNM,2026-09-07,2026,3,9,37,operasional,test,0.0,0.0,0.0,0,0,0,31.16326310162114,0.0,0.0,0.0,0,0,0.0,0.0
MNM,2026-09-14,2026,3,9,38,operasional,test,8.0,8.0,2.1972245773362196,0,0,0,31.16326310162114,48000.0,1.0,1.0,1,1,0.0,0.0
MNM,2026-09-21,2026,3,9,39,operasional,test,0.0,0.0,0.0,0,0,0,31.16326310162114,0.0,0.0,0.0,0,0,0.0,0.0
MNT,2024-01-01,2024,1,1,1,sebelum_produk_dijual,train,,,,0,0,0,,,,,1,0,,
MNT,2024-01-08,2024,1,1,2,sebelum_produk_dijual,train,,,,0,0,0,,,,,1,0,,
MNT,2024-01-15,2024,1,1,3,sebelum_produk_dijual,train,,,,0,0,0,,,,,0,0,,
MNT,2024-01-22,2024,1,1,4,sebelum_produk_dijual,train,,,,0,0,0,,,,,0,0,,
MNT,2024-01-29,2024,1,1,5,sebelum_produk_dijual,train,,,,0,0,0,,,,,0,0,,
MNT,2024-02-05,2024,1,2,6,sebelum_produk_dijual,train,,,,0,0,0,,,,,1,0,,
MNT,2024-02-12,2024,1,2,7,sebelum_produk_dijual,train,,,,0,0,0,,,,,1,0,,
MNT,2024-02-19,2024,1,2,8,sebelum_produk_dijual,train,,,,0,0,0,,,,,0,0,,
MNT,2024-02-26,2024,1,2,9,sebelum_produk_dijual,train,,,,0,0,0,,,,,1,0,,
MNT,2024-03-04,2024,1,3,10,sebelum_produk_dijual,train,,,,0,0,0,,,,,0,0,,
MNT,2024-03-11,2024,1,3,11,sebelum_produk_dijual,train,,,,0,0,0,,,,,1,0,,
MNT,2024-03-18,2024,1,3,12,sebelum_produk_dijual,train,,,,0,0,0,,,,,1,0,,
MNT,2024-03-25,2024,1,3,13,sebelum_produk_dijual,train,,,,0,0,0,,,,,0,1,,
MNT,2024-04-01,2024,2,4,14,sebelum_produk_dijual,train,,,,0,0,0,,,,,1,0,,
MNT,2024-04-08,2024,2,4,15,sebelum_produk_dijual,train,,,,0,0,0,,,,,0,0,,
MNT,2024-04-15,2024,2,4,16,sebelum_produk_dijual,train,,,,0,0,0,,,,,1,0,,
MNT,2024-04-22,2024,2,4,17,sebelum_produk_dijual,train,,,,0,0,0,,,,,1,0,,
MNT,2024-04-29,2024,2,4,18,sebelum_produk_dijual,train,,,,0,0,0,,,,,0,1,,
MNT,2024-05-06,2024,2,5,19,sebelum_produk_dijual,train,,,,0,0,0,,,,,1,0,,
MNT,2024-05-13,2024,2,5,20,sebelum_produk_dijual,train,,,,0,0,0,,,,,0,0,,
MNT,2024-05-20,2024,2,5,21,sebelum_produk_dijual,train,,,,0,0,0,,,,,0,1,,
MNT,2024-05-27,2024,2,5,22,sebelum_produk_dijual,train,,,,0,0,0,,,,,0,0,,
MNT,2024-06-03,2024,2,6,23,sebelum_produk_dijual,train,,,,0,0,0,,,,,0,1,,
MNT,2024-06-10,2024,2,6,24,sebelum_produk_dijual,train,,,,0,0,0,,,,,0,1,,
MNT,2024-06-17,2024,2,6,25,operasional,train,11.0,11.0,2.4849066497880004,0,0,0,,66000.0,1.0,1.0,1,1,14.0,1.0
MNT,2024-06-24,2024,2,6,26,operasional,train,0.0,0.0,0.0,0,0,0,,0.0,0.0,0.0,1,1,0.0,0.0
MNT,2024-07-01,2024,3,7,27,operasional,train,0.0,0.0,0.0,0,0,0,,0.0,0.0,0.0,0,1,0.0,0.0
MNT,2024-07-08,2024,3,7,28,operasional,train,0.0,0.0,0.0,0,0,0,,0.0,0.0,0.0,0,0,0.0,0.0
MNT,2024-07-15,2024,3,7,29,operasional,train,0.0,0.0,0.0,0,0,0,,0.0,0.0,0.0,0,1,0.0,0.0
MNT,2024-07-22,2024,3,7,30,operasional,train,0.0,0.0,0.0,0,0,0,,0.0,0.0,0.0,0,0,0.0,0.0
MNT,2024-07-29,2024,3,7,31,operasional,train,0.0,0.0,0.0,0,0,0,,0.0,0.0,0.0,1,0,0.0,0.0
MNT,2024-08-05,2024,3,8,32,operasional,train,0.0,0.0,0.0,0,0,0,,0.0,0.0,0.0,0,0,0.0,0.0
MNT,2024-08-12,2024,3,8,33,operasional,train,0.0,0.0,0.0,0,0,0,,0.0,0.0,0.0,1,0,0.0,0.0
MNT,2024-08-19,2024,3,8,34,operasional,train,0.0,0.0,0.0,0,0,0,,0.0,0.0,0.0,1,0,0.0,0.0
MNT,2024-08-26,2024,3,8,35,operasional,train,0.0,0.0,0.0,0,0,0,,0.0,0.0,0.0,0,1,0.0,0.0
MNT,2024-09-02,2024,3,9,36,operasional,train,0.0,0.0,0.0,0,0,0,,0.0,0.0,0.0,1,0,0.0,0.0
MNT,2024-09-09,2024,3,9,37,operasional,train,0.0,0.0,0.0,0,0,0,,0.0,0.0,0.0,0,0,0.0,0.0
MNT,2024-09-16,2024,3,9,38,operasional,train,0.0,0.0,0.0,0,0,0,,0.0,0.0,0.0,1,0,0.0,0.0
MNT,2024-09-23,2024,3,9,39,operasional,train,0.0,0.0,0.0,0,0,0,,0.0,0.0,0.0,1,0,0.0,0.0
MNT,2024-09-30,2024,3,9,40,operasional,train,0.0,0.0,0.0,0,0,0,,0.0,0.0,0.0,0,1,0.0,0.0
MNT,2024-10-07,2024,4,10,41,operasional,train,0.0,0.0,0.0,0,0,0,,0.0,0.0,0.0,1,0,0.0,0.0
MNT,2024-10-14,2024,4,10,42,operasional,train,0.0,0.0,0.0,0,0,0,,0.0,0.0,0.0,0,0,0.0,0.0
MNT,2024-10-21,2024,4,10,43,tidak_tercatat,train,,,,0,0,0,,,,,0,0,,
MNT,2024-10-28,2024,4,10,44,tidak_tercatat,train,,,,0,0,0,,,,,0,0,,
MNT,2024-11-04,2024,4,11,45,tidak_tercatat,train,,,,0,0,0,,,,,0,0,,
MNT,2024-11-11,2024,4,11,46,tidak_tercatat,train,,,,0,0,0,,,,,0,0,,
MNT,2024-11-18,2024,4,11,47,tidak_tercatat,train,,,,0,0,0,,,,,0,0,,
MNT,2024-11-25,2024,4,11,48,tidak_tercatat,train,,,,0,0,0,,,,,0,0,,
MNT,2024-12-02,2024,4,12,49,tidak_tercatat,train,,,,0,0,0,,,,,0,0,,
MNT,2024-12-09,2024,4,12,50,tidak_tercatat,train,,,,0,0,0,,,,,0,0,,
MNT,2024-12-16,2024,4,12,51,tidak_tercatat,train,,,,0,0,0,,,,,0,0,,
MNT,2024-12-23,2024,4,12,52,tidak_tercatat,train,,,,0,0,0,,,,,0,0,,
MNT,2024-12-30,2024,4,12,1,tidak_tercatat,train,,,,0,0,0,,,,,0,0,,
MNT,2025-01-06,2025,1,1,2,tidak_tercatat,train,,,,0,0,0,,,,,0,0,,
MNT,2025-01-13,2025,1,1,3,tidak_tercatat,train,,,,0,0,0,,,,,0,0,,
MNT,2025-01-20,2025,1,1,4,tidak_tercatat,train,,,,0,0,0,,,,,0,0,,
MNT,2025-01-27,2025,1,1,5,operasional,train,0.0,0.0,0.0,0,0,0,,0.0,0.0,0.0,0,0,0.0,0.0
MNT,2025-02-03,2025,1,2,6,operasional,train,0.0,0.0,0.0,0,0,0,,0.0,0.0,0.0,0,0,0.0,0.0
MNT,2025-02-10,2025,1,2,7,operasional,train,0.0,0.0,0.0,0,0,0,,0.0,0.0,0.0,0,0,0.0,0.0
MNT,2025-02-17,2025,1,2,8,operasional,train,0.0,0.0,0.0,0,0,0,,0.0,0.0,0.0,0,0,0.0,0.0
MNT,2025-02-24,2025,1,2,9,operasional,train,0.0,0.0,0.0,0,0,0,,0.0,0.0,0.0,0,0,0.0,0.0
MNT,2025-03-03,2025,1,3,10,tidak_tercatat,train,,,,0,0,0,,,,,0,0,,
MNT,2025-03-10,2025,1,3,11,tidak_tercatat,train,,,,0,0,0,,,,,0,0,,
MNT,2025-03-17,2025,1,3,12,tidak_tercatat,train,,,,0,0,0,,,,,0,0,,
MNT,2025-03-24,2025,1,3,13,tidak_tercatat,train,,,,0,0,0,,,,,0,0,,
MNT,2025-03-31,2025,1,3,14,tidak_tercatat,train,,,,0,0,0,,,,,0,0,,
MNT,2025-04-07,2025,2,4,15,tidak_tercatat,train,,,,0,0,0,,,,,0,0,,
MNT,2025-04-14,2025,2,4,16,operasional,train,0.0,0.0,0.0,0,0,0,,0.0,0.0,0.0,0,0,0.0,0.0
MNT,2025-04-21,2025,2,4,17,operasional,train,0.0,0.0,0.0,0,0,0,,0.0,0.0,0.0,0,0,0.0,0.0
MNT,2025-04-28,2025,2,4,18,operasional,train,0.0,0.0,0.0,0,0,0,,0.0,0.0,0.0,0,0,0.0,0.0
MNT,2025-05-05,2025,2,5,19,operasional,train,0.0,0.0,0.0,0,0,0,,0.0,0.0,0.0,0,0,0.0,0.0
MNT,2025-05-12,2025,2,5,20,operasional,train,0.0,0.0,0.0,0,0,0,,0.0,0.0,0.0,0,0,0.0,0.0
MNT,2025-05-19,2025,2,5,21,operasional,train,0.0,0.0,0.0,0,0,0,,0.0,0.0,0.0,0,0,0.0,0.0
MNT,2025-05-26,2025,2,5,22,operasional,train,0.0,0.0,0.0,0,0,0,,0.0,0.0,0.0,0,0,0.0,0.0
MNT,2025-06-02,2025,2,6,23,operasional,train,0.0,0.0,0.0,0,0,0,,0.0,0.0,0.0,0,0,0.0,0.0
MNT,2025-06-09,2025,2,6,24,operasional,train,0.0,0.0,0.0,0,0,0,,0.0,0.0,0.0,1,1,0.0,0.0
MNT,2025-06-16,2025,2,6,25,operasional,train,0.0,0.0,0.0,0,0,0,,0.0,0.0,0.0,0,0,0.0,0.0
MNT,2025-06-23,2025,2,6,26,operasional,train,0.0,0.0,0.0,0,0,0,,0.0,0.0,0.0,1,1,0.0,0.0
MNT,2025-06-30,2025,2,6,27,operasional,train,0.0,0.0,0.0,0,0,0,,0.0,0.0,0.0,0,0,0.0,0.0
MNT,2025-07-07,2025,3,7,28,operasional,train,0.0,0.0,0.0,0,0,0,,0.0,0.0,0.0,0,0,0.0,0.0
MNT,2025-07-14,2025,3,7,29,operasional,train,0.0,0.0,0.0,0,0,0,,0.0,0.0,0.0,0,0,0.0,0.0
MNT,2025-07-21,2025,3,7,30,operasional,train,0.0,0.0,0.0,0,0,0,,0.0,0.0,0.0,0,0,0.0,0.0
MNT,2025-07-28,2025,3,7,31,operasional,train,0.0,0.0,0.0,0,0,0,,0.0,0.0,0.0,0,0,0.0,0.0
MNT,2025-08-04,2025,3,8,32,operasional,train,0.0,0.0,0.0,0,0,0,,0.0,0.0,0.0,0,0,0.0,0.0
MNT,2025-08-11,2025,3,8,33,operasional,train,0.0,0.0,0.0,0,0,0,,0.0,0.0,0.0,1,0,0.0,0.0
MNT,2025-08-18,2025,3,8,34,operasional,train,0.0,0.0,0.0,0,0,0,,0.0,0.0,0.0,0,0,0.0,0.0
MNT,2025-08-25,2025,3,8,35,operasional,train,0.0,0.0,0.0,0,0,0,,0.0,0.0,0.0,0,0,0.0,0.0
MNT,2025-09-01,2025,3,9,36,operasional,train,0.0,0.0,0.0,0,0,0,,0.0,0.0,0.0,0,0,0.0,0.0
MNT,2025-09-08,2025,3,9,37,operasional,train,0.0,0.0,0.0,0,0,0,,0.0,0.0,0.0,0,0,0.0,0.0
MNT,2025-09-15,2025,3,9,38,operasional,train,0.0,0.0,0.0,0,0,0,,0.0,0.0,0.0,0,0,0.0,0.0
MNT,2025-09-22,2025,3,9,39,operasional,train,0.0,0.0,0.0,0,0,0,,0.0,0.0,0.0,0,1,0.0,0.0
MNT,2025-09-29,2025,3,9,40,operasional,train,0.0,0.0,0.0,0,0,0,,0.0,0.0,0.0,0,0,0.0,0.0
MNT,2025-10-06,2025,4,10,41,operasional,train,0.0,0.0,0.0,0,0,0,,0.0,0.0,0.0,0,0,0.0,0.0
MNT,2025-10-13,2025,4,10,42,operasional,train,0.0,0.0,0.0,0,0,0,,0.0,0.0,0.0,0,0,0.0,0.0
MNT,2025-10-20,2025,4,10,43,operasional,train,0.0,0.0,0.0,0,0,0,,0.0,0.0,0.0,0,0,0.0,0.0
MNT,2025-10-27,2025,4,10,44,operasional,train,0.0,0.0,0.0,0,0,0,,0.0,0.0,0.0,0,0,0.0,0.0
MNT,2025-11-03,2025,4,11,45,operasional,train,0.0,0.0,0.0,0,0,0,,0.0,0.0,0.0,0,0,0.0,0.0
MNT,2025-11-10,2025,4,11,46,operasional,train,0.0,0.0,0.0,0,0,0,,0.0,0.0,0.0,0,0,0.0,0.0
MNT,2025-11-17,2025,4,11,47,operasional,train,0.0,0.0,0.0,0,0,0,,0.0,0.0,0.0,0,0,0.0,0.0
MNT,2025-11-24,2025,4,11,48,operasional,train,0.0,0.0,0.0,0,0,0,,0.0,0.0,0.0,0,0,0.0,0.0
MNT,2025-12-01,2025,4,12,49,operasional,train,0.0,0.0,0.0,0,0,0,,0.0,0.0,0.0,1,0,0.0,0.0
MNT,2025-12-08,2025,4,12,50,operasional,train,0.0,0.0,0.0,0,0,0,,0.0,0.0,0.0,0,0,0.0,0.0
MNT,2025-12-15,2025,4,12,51,operasional,train,0.0,0.0,0.0,0,0,0,,0.0,0.0,0.0,0,0,0.0,0.0
MNT,2025-12-22,2025,4,12,52,operasional,train,0.0,0.0,0.0,0,0,0,,0.0,0.0,0.0,0,0,0.0,0.0
MNT,2025-12-29,2025,4,12,1,operasional,train,0.0,0.0,0.0,0,0,0,,0.0,0.0,0.0,0,0,0.0,0.0
MNT,2026-01-05,2026,1,1,2,operasional,train,0.0,0.0,0.0,0,0,0,,0.0,0.0,0.0,0,0,0.0,0.0
MNT,2026-01-12,2026,1,1,3,operasional,train,0.0,0.0,0.0,0,0,0,,0.0,0.0,0.0,0,0,0.0,0.0
MNT,2026-01-19,2026,1,1,4,operasional,train,0.0,0.0,0.0,0,0,0,,0.0,0.0,0.0,0,0,0.0,0.0
MNT,2026-01-26,2026,1,1,5,operasional,train,0.0,0.0,0.0,0,0,0,,0.0,0.0,0.0,0,0,0.0,0.0
MNT,2026-02-02,2026,1,2,6,operasional,train,0.0,0.0,0.0,0,0,0,,0.0,0.0,0.0,1,0,0.0,0.0
MNT,2026-02-09,2026,1,2,7,operasional,train,0.0,0.0,0.0,0,0,0,,0.0,0.0,0.0,0,0,0.0,0.0
MNT,2026-02-16,2026,1,2,8,operasional,train,0.0,0.0,0.0,0,0,0,,0.0,0.0,0.0,0,0,0.0,0.0
MNT,2026-02-23,2026,1,2,9,operasional,train,0.0,0.0,0.0,0,0,0,,0.0,0.0,0.0,0,0,0.0,0.0
MNT,2026-03-02,2026,1,3,10,operasional,train,0.0,0.0,0.0,0,0,0,,0.0,0.0,0.0,0,0,0.0,0.0
MNT,2026-03-09,2026,1,3,11,operasional,train,0.0,0.0,0.0,0,0,0,,0.0,0.0,0.0,0,0,0.0,0.0
MNT,2026-03-16,2026,1,3,12,operasional,train,0.0,0.0,0.0,0,0,0,,0.0,0.0,0.0,1,0,0.0,0.0
MNT,2026-03-23,2026,1,3,13,operasional,train,0.0,0.0,0.0,0,0,0,,0.0,0.0,0.0,0,0,0.0,0.0
MNT,2026-03-30,2026,1,3,14,operasional,train,0.0,0.0,0.0,0,0,0,,0.0,0.0,0.0,1,0,0.0,0.0
MNT,2026-04-06,2026,2,4,15,operasional,test,0.0,0.0,0.0,0,0,0,,0.0,0.0,0.0,0,0,0.0,0.0
MNT,2026-04-13,2026,2,4,16,operasional,test,0.0,0.0,0.0,0,0,0,,0.0,0.0,0.0,0,1,0.0,0.0
MNT,2026-04-20,2026,2,4,17,operasional,test,0.0,0.0,0.0,0,0,0,,0.0,0.0,0.0,0,0,0.0,0.0
MNT,2026-04-27,2026,2,4,18,operasional,test,0.0,0.0,0.0,0,0,0,,0.0,0.0,0.0,0,0,0.0,0.0
MNT,2026-05-04,2026,2,5,19,operasional,test,0.0,0.0,0.0,0,0,0,,0.0,0.0,0.0,1,0,0.0,0.0
MNT,2026-05-11,2026,2,5,20,operasional,test,2.0,2.0,1.0986122886681096,0,0,0,,12000.0,1.0,1.0,0,1,11.0,1.0
MNT,2026-05-18,2026,2,5,21,operasional,test,0.0,0.0,0.0,0,0,0,,0.0,0.0,0.0,0,0,0.0,0.0
MNT,2026-05-25,2026,2,5,22,operasional,test,0.0,0.0,0.0,0,0,0,,0.0,0.0,0.0,0,0,0.0,0.0
MNT,2026-06-01,2026,2,6,23,operasional,test,0.0,0.0,0.0,0,0,0,,0.0,0.0,0.0,0,0,0.0,0.0
MNT,2026-06-08,2026,2,6,24,operasional,test,0.0,0.0,0.0,0,0,0,,0.0,0.0,0.0,0,0,0.0,0.0
MNT,2026-06-15,2026,2,6,25,operasional,test,0.0,0.0,0.0,0,0,0,,0.0,0.0,0.0,0,0,0.0,0.0
MNT,2026-06-22,2026,2,6,26,operasional,test,0.0,0.0,0.0,0,0,0,,0.0,0.0,0.0,1,0,0.0,0.0
MNT,2026-06-29,2026,2,6,27,operasional,test,10.0,10.0,2.3978952727983707,0,0,0,,60000.0,1.0,1.0,0,1,0.0,0.0
MNT,2026-07-06,2026,3,7,28,operasional,test,0.0,0.0,0.0,0,0,0,,0.0,0.0,0.0,0,0,0.0,0.0
MNT,2026-07-13,2026,3,7,29,operasional,test,0.0,0.0,0.0,0,0,0,,0.0,0.0,0.0,0,0,0.0,0.0
MNT,2026-07-20,2026,3,7,30,operasional,test,0.0,0.0,0.0,0,0,0,,0.0,0.0,0.0,1,1,0.0,0.0
MNT,2026-07-27,2026,3,7,31,operasional,test,0.0,0.0,0.0,0,0,0,,0.0,0.0,0.0,0,0,0.0,0.0
MNT,2026-08-03,2026,3,8,32,operasional,test,0.0,0.0,0.0,0,0,0,,0.0,0.0,0.0,0,0,0.0,0.0
MNT,2026-08-10,2026,3,8,33,operasional,test,0.0,0.0,0.0,0,0,0,,0.0,0.0,0.0,0,1,0.0,0.0
MNT,2026-08-17,2026,3,8,34,operasional,test,0.0,0.0,0.0,0,0,0,,0.0,0.0,0.0,0,1,0.0,0.0
MNT,2026-08-24,2026,3,8,35,operasional,test,0.0,0.0,0.0,0,0,0,,0.0,0.0,0.0,1,0,0.0,0.0
MNT,2026-08-31,2026,3,8,36,operasional,test,8.0,8.0,2.1972245773362196,0,0,0,,48000.0,1.0,1.0,0,1,0.0,0.0
MNT,2026-09-07,2026,3,9,37,operasional,test,0.0,0.0,0.0,0,0,0,,0.0,0.0,0.0,0,0,0.0,0.0
MNT,2026-09-14,2026,3,9,38,operasional,test,0.0,0.0,0.0,0,0,0,,0.0,0.0,0.0,1,1,0.0,0.0
MNT,2026-09-21,2026,3,9,39,operasional,test,0.0,0.0,0.0,0,0,0,,0.0,0.0,0.0,0,0,0.0,0.0
PKC,2024-01-01,2024,1,1,1,sebelum_produk_dijual,train,,,,0,0,0,,,,,1,0,,
PKC,2024-01-08,2024,1,1,2,sebelum_produk_dijual,train,,,,0,0,0,,,,,1,0,,
PKC,2024-01-15,2024,1,1,3,sebelum_produk_dijual,train,,,,0,0,0,,,,,0,0,,
PKC,2024-01-22,2024,1,1,4,sebelum_produk_dijual,train,,,,0,0,0,,,,,0,0,,
PKC,2024-01-29,2024,1,1,5,sebelum_produk_dijual,train,,,,0,0,0,,,,,0,0,,
PKC,2024-02-05,2024,1,2,6,sebelum_produk_dijual,train,,,,0,0,0,,,,,1,0,,
PKC,2024-02-12,2024,1,2,7,sebelum_produk_dijual,train,,,,0,0,0,,,,,1,0,,
PKC,2024-02-19,2024,1,2,8,sebelum_produk_dijual,train,,,,0,0,0,,,,,0,0,,
PKC,2024-02-26,2024,1,2,9,sebelum_produk_dijual,train,,,,0,0,0,,,,,1,0,,
PKC,2024-03-04,2024,1,3,10,sebelum_produk_dijual,train,,,,0,0,0,,,,,0,0,,
PKC,2024-03-11,2024,1,3,11,sebelum_produk_dijual,train,,,,0,0,0,,,,,1,0,,
PKC,2024-03-18,2024,1,3,12,sebelum_produk_dijual,train,,,,0,0,0,,,,,1,0,,
PKC,2024-03-25,2024,1,3,13,sebelum_produk_dijual,train,,,,0,0,0,,,,,0,1,,
PKC,2024-04-01,2024,2,4,14,sebelum_produk_dijual,train,,,,0,0,0,,,,,1,0,,
PKC,2024-04-08,2024,2,4,15,sebelum_produk_dijual,train,,,,0,0,0,,,,,0,0,,
PKC,2024-04-15,2024,2,4,16,sebelum_produk_dijual,train,,,,0,0,0,,,,,1,0,,
PKC,2024-04-22,2024,2,4,17,sebelum_produk_dijual,train,,,,0,0,0,,,,,1,0,,
PKC,2024-04-29,2024,2,4,18,sebelum_produk_dijual,train,,,,0,0,0,,,,,0,1,,
PKC,2024-05-06,2024,2,5,19,sebelum_produk_dijual,train,,,,0,0,0,,,,,1,0,,
PKC,2024-05-13,2024,2,5,20,sebelum_produk_dijual,train,,,,0,0,0,,,,,0,0,,
PKC,2024-05-20,2024,2,5,21,sebelum_produk_dijual,train,,,,0,0,0,,,,,0,1,,
PKC,2024-05-27,2024,2,5,22,sebelum_produk_dijual,train,,,,0,0,0,,,,,0,0,,
PKC,2024-06-03,2024,2,6,23,sebelum_produk_dijual,train,,,,0,0,0,,,,,0,1,,
PKC,2024-06-10,2024,2,6,24,sebelum_produk_dijual,train,,,,0,0,0,,,,,0,1,,
PKC,2024-06-17,2024,2,6,25,sebelum_produk_dijual,train,,,,0,0,0,,,,,1,1,,
PKC,2024-06-24,2024,2,6,26,sebelum_produk_dijual,train,,,,0,0,0,,,,,1,1,,
PKC,2024-07-01,2024,3,7,27,sebelum_produk_dijual,train,,,,0,0,0,,,,,0,1,,
PKC,2024-07-08,2024,3,7,28,sebelum_produk_dijual,train,,,,0,0,0,,,,,0,0,,
PKC,2024-07-15,2024,3,7,29,sebelum_produk_dijual,train,,,,0,0,0,,,,,0,1,,
PKC,2024-07-22,2024,3,7,30,sebelum_produk_dijual,train,,,,0,0,0,,,,,0,0,,
PKC,2024-07-29,2024,3,7,31,sebelum_produk_dijual,train,,,,0,0,0,,,,,1,0,,
PKC,2024-08-05,2024,3,8,32,sebelum_produk_dijual,train,,,,0,0,0,,,,,0,0,,
PKC,2024-08-12,2024,3,8,33,sebelum_produk_dijual,train,,,,0,0,0,,,,,1,0,,
PKC,2024-08-19,2024,3,8,34,sebelum_produk_dijual,train,,,,0,0,0,,,,,1,0,,
PKC,2024-08-26,2024,3,8,35,sebelum_produk_dijual,train,,,,0,0,0,,,,,0,1,,
PKC,2024-09-02,2024,3,9,36,sebelum_produk_dijual,train,,,,0,0,0,,,,,1,0,,
PKC,2024-09-09,2024,3,9,37,sebelum_produk_dijual,train,,,,0,0,0,,,,,0,0,,
PKC,2024-09-16,2024,3,9,38,sebelum_produk_dijual,train,,,,0,0,0,,,,,1,0,,
PKC,2024-09-23,2024,3,9,39,sebelum_produk_dijual,train,,,,0,0,0,,,,,1,0,,
PKC,2024-09-30,2024,3,9,40,sebelum_produk_dijual,train,,,,0,0,0,,,,,0,1,,
PKC,2024-10-07,2024,4,10,41,sebelum_produk_dijual,train,,,,0,0,0,,,,,1,0,,
PKC,2024-10-14,2024,4,10,42,sebelum_produk_dijual,train,,,,0,0,0,,,,,0,0,,
PKC,2024-10-21,2024,4,10,43,tidak_tercatat,train,,,,0,0,0,,,,,0,0,,
PKC,2024-10-28,2024,4,10,44,tidak_tercatat,train,,,,0,0,0,,,,,0,0,,
PKC,2024-11-04,2024,4,11,45,tidak_tercatat,train,,,,0,0,0,,,,,0,0,,
PKC,2024-11-11,2024,4,11,46,tidak_tercatat,train,,,,0,0,0,,,,,0,0,,
PKC,2024-11-18,2024,4,11,47,tidak_tercatat,train,,,,0,0,0,,,,,0,0,,
PKC,2024-11-25,2024,4,11,48,tidak_tercatat,train,,,,0,0,0,,,,,0,0,,
PKC,2024-12-02,2024,4,12,49,tidak_tercatat,train,,,,0,0,0,,,,,0,0,,
PKC,2024-12-09,2024,4,12,50,tidak_tercatat,train,,,,0,0,0,,,,,0,0,,
PKC,2024-12-16,2024,4,12,51,tidak_tercatat,train,,,,0,0,0,,,,,0,0,,
PKC,2024-12-23,2024,4,12,52,tidak_tercatat,train,,,,0,0,0,,,,,0,0,,
PKC,2024-12-30,2024,4,12,1,tidak_tercatat,train,,,,0,0,0,,,,,0,0,,
PKC,2025-01-06,2025,1,1,2,tidak_tercatat,train,,,,0,0,0,,,,,0,0,,
PKC,2025-01-13,2025,1,1,3,tidak_tercatat,train,,,,0,0,0,,,,,0,0,,
PKC,2025-01-20,2025,1,1,4,tidak_tercatat,train,,,,0,0,0,,,,,0,0,,
PKC,2025-01-27,2025,1,1,5,sebelum_produk_dijual,train,,,,0,0,0,,,,,0,0,,
PKC,2025-02-03,2025,1,2,6,sebelum_produk_dijual,train,,,,0,0,0,,,,,0,0,,
PKC,2025-02-10,2025,1,2,7,sebelum_produk_dijual,train,,,,0,0,0,,,,,0,0,,
PKC,2025-02-17,2025,1,2,8,sebelum_produk_dijual,train,,,,0,0,0,,,,,0,0,,
PKC,2025-02-24,2025,1,2,9,sebelum_produk_dijual,train,,,,0,0,0,,,,,0,0,,
PKC,2025-03-03,2025,1,3,10,tidak_tercatat,train,,,,0,0,0,,,,,0,0,,
PKC,2025-03-10,2025,1,3,11,tidak_tercatat,train,,,,0,0,0,,,,,0,0,,
PKC,2025-03-17,2025,1,3,12,tidak_tercatat,train,,,,0,0,0,,,,,0,0,,
PKC,2025-03-24,2025,1,3,13,tidak_tercatat,train,,,,0,0,0,,,,,0,0,,
PKC,2025-03-31,2025,1,3,14,tidak_tercatat,train,,,,0,0,0,,,,,0,0,,
PKC,2025-04-07,2025,2,4,15,tidak_tercatat,train,,,,0,0,0,,,,,0,0,,
PKC,2025-04-14,2025,2,4,16,operasional,train,4.0,4.0,1.6094379124341003,0,0,0,,12000.0,1.0,1.0,0,0,5.0,1.0
PKC,2025-04-21,2025,2,4,17,operasional,train,0.0,0.0,0.0,0,0,0,,0.0,0.0,0.0,0,0,0.0,0.0
PKC,2025-04-28,2025,2,4,18,operasional,train,0.0,0.0,0.0,0,0,0,,0.0,0.0,0.0,0,0,0.0,0.0
PKC,2025-05-05,2025,2,5,19,operasional,train,0.0,0.0,0.0,0,0,0,,0.0,0.0,0.0,0,0,0.0,0.0
PKC,2025-05-12,2025,2,5,20,operasional,train,0.0,0.0,0.0,0,0,0,,0.0,0.0,0.0,0,0,0.0,0.0
PKC,2025-05-19,2025,2,5,21,operasional,train,0.0,0.0,0.0,0,0,0,,0.0,0.0,0.0,0,0,0.0,0.0
PKC,2025-05-26,2025,2,5,22,operasional,train,0.0,0.0,0.0,0,0,0,,0.0,0.0,0.0,0,0,0.0,0.0
PKC,2025-06-02,2025,2,6,23,operasional,train,0.0,0.0,0.0,0,0,0,,0.0,0.0,0.0,0,0,0.0,0.0
PKC,2025-06-09,2025,2,6,24,operasional,train,0.0,0.0,0.0,0,0,0,,0.0,0.0,0.0,1,1,0.0,0.0
PKC,2025-06-16,2025,2,6,25,operasional,train,0.0,0.0,0.0,0,0,0,,0.0,0.0,0.0,0,0,0.0,0.0
PKC,2025-06-23,2025,2,6,26,operasional,train,0.0,0.0,0.0,0,0,0,,0.0,0.0,0.0,1,1,0.0,0.0
PKC,2025-06-30,2025,2,6,27,operasional,train,0.0,0.0,0.0,0,0,0,,0.0,0.0,0.0,0,0,0.0,0.0
PKC,2025-07-07,2025,3,7,28,operasional,train,0.0,0.0,0.0,0,0,0,,0.0,0.0,0.0,0,0,0.0,0.0
PKC,2025-07-14,2025,3,7,29,operasional,train,0.0,0.0,0.0,0,0,0,,0.0,0.0,0.0,0,0,0.0,0.0
PKC,2025-07-21,2025,3,7,30,operasional,train,0.0,0.0,0.0,0,0,0,,0.0,0.0,0.0,0,0,0.0,0.0
PKC,2025-07-28,2025,3,7,31,operasional,train,0.0,0.0,0.0,0,0,0,,0.0,0.0,0.0,0,0,0.0,0.0
PKC,2025-08-04,2025,3,8,32,operasional,train,0.0,0.0,0.0,0,0,0,,0.0,0.0,0.0,0,0,0.0,0.0
PKC,2025-08-11,2025,3,8,33,operasional,train,0.0,0.0,0.0,0,0,0,,0.0,0.0,0.0,1,0,0.0,0.0
PKC,2025-08-18,2025,3,8,34,operasional,train,0.0,0.0,0.0,0,0,0,,0.0,0.0,0.0,0,0,0.0,0.0
PKC,2025-08-25,2025,3,8,35,operasional,train,0.0,0.0,0.0,0,0,0,,0.0,0.0,0.0,0,0,0.0,0.0
PKC,2025-09-01,2025,3,9,36,operasional,train,0.0,0.0,0.0,0,0,0,,0.0,0.0,0.0,0,0,0.0,0.0
PKC,2025-09-08,2025,3,9,37,operasional,train,0.0,0.0,0.0,0,0,0,,0.0,0.0,0.0,0,0,0.0,0.0
PKC,2025-09-15,2025,3,9,38,operasional,train,0.0,0.0,0.0,0,0,0,,0.0,0.0,0.0,0,0,0.0,0.0
PKC,2025-09-22,2025,3,9,39,operasional,train,0.0,0.0,0.0,0,0,0,,0.0,0.0,0.0,0,1,0.0,0.0
PKC,2025-09-29,2025,3,9,40,operasional,train,0.0,0.0,0.0,0,0,0,,0.0,0.0,0.0,0,0,0.0,0.0
PKC,2025-10-06,2025,4,10,41,operasional,train,0.0,0.0,0.0,0,0,0,,0.0,0.0,0.0,0,0,0.0,0.0
PKC,2025-10-13,2025,4,10,42,operasional,train,0.0,0.0,0.0,0,0,0,,0.0,0.0,0.0,0,0,0.0,0.0
PKC,2025-10-20,2025,4,10,43,operasional,train,0.0,0.0,0.0,0,0,0,,0.0,0.0,0.0,0,0,0.0,0.0
PKC,2025-10-27,2025,4,10,44,operasional,train,0.0,0.0,0.0,0,0,0,,0.0,0.0,0.0,0,0,0.0,0.0
PKC,2025-11-03,2025,4,11,45,operasional,train,0.0,0.0,0.0,0,0,0,,0.0,0.0,0.0,0,0,0.0,0.0
PKC,2025-11-10,2025,4,11,46,operasional,train,0.0,0.0,0.0,0,0,0,,0.0,0.0,0.0,0,0,0.0,0.0
PKC,2025-11-17,2025,4,11,47,operasional,train,0.0,0.0,0.0,0,0,0,,0.0,0.0,0.0,0,0,0.0,0.0
PKC,2025-11-24,2025,4,11,48,operasional,train,0.0,0.0,0.0,0,0,0,,0.0,0.0,0.0,0,0,0.0,0.0
PKC,2025-12-01,2025,4,12,49,operasional,train,0.0,0.0,0.0,0,0,0,,0.0,0.0,0.0,1,0,0.0,0.0
PKC,2025-12-08,2025,4,12,50,operasional,train,0.0,0.0,0.0,0,0,0,,0.0,0.0,0.0,0,0,0.0,0.0
PKC,2025-12-15,2025,4,12,51,operasional,train,0.0,0.0,0.0,0,0,0,,0.0,0.0,0.0,0,0,0.0,0.0
PKC,2025-12-22,2025,4,12,52,operasional,train,0.0,0.0,0.0,0,0,0,,0.0,0.0,0.0,0,0,0.0,0.0
PKC,2025-12-29,2025,4,12,1,operasional,train,0.0,0.0,0.0,0,0,0,,0.0,0.0,0.0,0,0,0.0,0.0
PKC,2026-01-05,2026,1,1,2,operasional,train,0.0,0.0,0.0,0,0,0,,0.0,0.0,0.0,0,0,0.0,0.0
PKC,2026-01-12,2026,1,1,3,operasional,train,0.0,0.0,0.0,0,0,0,,0.0,0.0,0.0,0,0,0.0,0.0
PKC,2026-01-19,2026,1,1,4,operasional,train,0.0,0.0,0.0,0,0,0,,0.0,0.0,0.0,0,0,0.0,0.0
PKC,2026-01-26,2026,1,1,5,operasional,train,0.0,0.0,0.0,0,0,0,,0.0,0.0,0.0,0,0,0.0,0.0
PKC,2026-02-02,2026,1,2,6,operasional,train,0.0,0.0,0.0,0,0,0,,0.0,0.0,0.0,1,0,0.0,0.0
PKC,2026-02-09,2026,1,2,7,operasional,train,0.0,0.0,0.0,0,0,0,,0.0,0.0,0.0,0,0,0.0,0.0
PKC,2026-02-16,2026,1,2,8,operasional,train,0.0,0.0,0.0,0,0,0,,0.0,0.0,0.0,0,0,0.0,0.0
PKC,2026-02-23,2026,1,2,9,operasional,train,0.0,0.0,0.0,0,0,0,,0.0,0.0,0.0,0,0,0.0,0.0
PKC,2026-03-02,2026,1,3,10,operasional,train,0.0,0.0,0.0,0,0,0,,0.0,0.0,0.0,0,0,0.0,0.0
PKC,2026-03-09,2026,1,3,11,operasional,train,0.0,0.0,0.0,0,0,0,,0.0,0.0,0.0,0,0,0.0,0.0
PKC,2026-03-16,2026,1,3,12,operasional,train,0.0,0.0,0.0,0,0,0,,0.0,0.0,0.0,1,0,0.0,0.0
PKC,2026-03-23,2026,1,3,13,operasional,train,0.0,0.0,0.0,0,0,0,,0.0,0.0,0.0,0,0,0.0,0.0
PKC,2026-03-30,2026,1,3,14,operasional,train,0.0,0.0,0.0,0,0,0,,0.0,0.0,0.0,1,0,0.0,0.0
PKC,2026-04-06,2026,2,4,15,operasional,test,0.0,0.0,0.0,0,0,0,,0.0,0.0,0.0,0,0,0.0,0.0
PKC,2026-04-13,2026,2,4,16,operasional,test,0.0,0.0,0.0,0,0,0,,0.0,0.0,0.0,0,1,0.0,0.0
PKC,2026-04-20,2026,2,4,17,operasional,test,0.0,0.0,0.0,0,0,0,,0.0,0.0,0.0,0,0,0.0,0.0
PKC,2026-04-27,2026,2,4,18,operasional,test,0.0,0.0,0.0,0,0,0,,0.0,0.0,0.0,0,0,0.0,0.0
PKC,2026-05-04,2026,2,5,19,operasional,test,0.0,0.0,0.0,0,0,0,,0.0,0.0,0.0,1,0,0.0,0.0
PKC,2026-05-11,2026,2,5,20,operasional,test,0.0,0.0,0.0,0,0,0,,0.0,0.0,0.0,0,1,0.0,0.0
PKC,2026-05-18,2026,2,5,21,operasional,test,0.0,0.0,0.0,0,0,0,,0.0,0.0,0.0,0,0,0.0,0.0
PKC,2026-05-25,2026,2,5,22,operasional,test,0.0,0.0,0.0,0,0,0,,0.0,0.0,0.0,0,0,0.0,0.0
PKC,2026-06-01,2026,2,6,23,operasional,test,0.0,0.0,0.0,0,0,0,,0.0,0.0,0.0,0,0,0.0,0.0
PKC,2026-06-08,2026,2,6,24,operasional,test,0.0,0.0,0.0,0,0,0,,0.0,0.0,0.0,0,0,0.0,0.0
PKC,2026-06-15,2026,2,6,25,operasional,test,0.0,0.0,0.0,0,0,0,,0.0,0.0,0.0,0,0,0.0,0.0
PKC,2026-06-22,2026,2,6,26,operasional,test,0.0,0.0,0.0,0,0,0,,0.0,0.0,0.0,1,0,0.0,0.0
PKC,2026-06-29,2026,2,6,27,operasional,test,0.0,0.0,0.0,0,0,0,,0.0,0.0,0.0,0,1,0.0,0.0
PKC,2026-07-06,2026,3,7,28,operasional,test,0.0,0.0,0.0,0,0,0,,0.0,0.0,0.0,0,0,0.0,0.0
PKC,2026-07-13,2026,3,7,29,operasional,test,0.0,0.0,0.0,0,0,0,,0.0,0.0,0.0,0,0,0.0,0.0
PKC,2026-07-20,2026,3,7,30,operasional,test,0.0,0.0,0.0,0,0,0,,0.0,0.0,0.0,1,1,0.0,0.0
PKC,2026-07-27,2026,3,7,31,operasional,test,0.0,0.0,0.0,0,0,0,,0.0,0.0,0.0,0,0,0.0,0.0
PKC,2026-08-03,2026,3,8,32,operasional,test,0.0,0.0,0.0,0,0,0,,0.0,0.0,0.0,0,0,0.0,0.0
PKC,2026-08-10,2026,3,8,33,operasional,test,0.0,0.0,0.0,0,0,0,,0.0,0.0,0.0,0,1,0.0,0.0
PKC,2026-08-17,2026,3,8,34,operasional,test,0.0,0.0,0.0,0,0,0,,0.0,0.0,0.0,0,1,0.0,0.0
PKC,2026-08-24,2026,3,8,35,operasional,test,0.0,0.0,0.0,0,0,0,,0.0,0.0,0.0,1,0,0.0,0.0
PKC,2026-08-31,2026,3,8,36,operasional,test,0.0,0.0,0.0,0,0,0,,0.0,0.0,0.0,0,1,0.0,0.0
PKC,2026-09-07,2026,3,9,37,operasional,test,0.0,0.0,0.0,0,0,0,,0.0,0.0,0.0,0,0,0.0,0.0
PKC,2026-09-14,2026,3,9,38,operasional,test,0.0,0.0,0.0,0,0,0,,0.0,0.0,0.0,1,1,0.0,0.0
PKC,2026-09-21,2026,3,9,39,operasional,test,0.0,0.0,0.0,0,0,0,,0.0,0.0,0.0,0,0,0.0,0.0
PLB,2024-01-01,2024,1,1,1,operasional,train,14.0,14.0,2.70805020110221,0,0,0,150.7372449017775,140000.0,3.0,2.0,1,0,263.0,1.0
PLB,2024-01-08,2024,1,1,2,operasional,train,0.0,0.0,0.0,0,0,0,150.7372449017775,0.0,0.0,0.0,1,0,0.0,0.0
PLB,2024-01-15,2024,1,1,3,operasional,train,12.0,12.0,2.5649493574615367,0,0,0,150.7372449017775,120000.0,1.0,1.0,0,0,0.0,0.0
PLB,2024-01-22,2024,1,1,4,operasional,train,0.0,0.0,0.0,0,0,0,150.7372449017775,0.0,0.0,0.0,0,0,0.0,0.0
PLB,2024-01-29,2024,1,1,5,operasional,train,12.0,12.0,2.5649493574615367,0,0,0,150.7372449017775,120000.0,2.0,1.0,0,0,0.0,0.0
PLB,2024-02-05,2024,1,2,6,operasional,train,45.0,45.0,3.828641396489095,0,0,0,150.7372449017775,450000.0,6.0,4.0,1,0,0.0,0.0
PLB,2024-02-12,2024,1,2,7,operasional,train,8.0,8.0,2.1972245773362196,0,0,0,150.7372449017775,80000.0,1.0,1.0,1,0,0.0,0.0
PLB,2024-02-19,2024,1,2,8,operasional,train,0.0,0.0,0.0,0,0,0,150.7372449017775,0.0,0.0,0.0,0,0,0.0,0.0
PLB,2024-02-26,2024,1,2,9,operasional,train,0.0,0.0,0.0,0,0,0,150.7372449017775,0.0,0.0,0.0,1,0,0.0,0.0
PLB,2024-03-04,2024,1,3,10,operasional,train,44.0,44.0,3.8066624897703196,0,0,0,150.7372449017775,440000.0,5.0,3.0,0,0,0.0,0.0
PLB,2024-03-11,2024,1,3,11,operasional,train,11.0,11.0,2.4849066497880004,0,0,0,150.7372449017775,110000.0,3.0,2.0,1,0,0.0,0.0
PLB,2024-03-18,2024,1,3,12,operasional,train,3.0,3.0,1.3862943611198906,0,0,0,150.7372449017775,30000.0,1.0,1.0,1,0,0.0,0.0
PLB,2024-03-25,2024,1,3,13,operasional,train,0.0,0.0,0.0,0,0,0,150.7372449017775,0.0,0.0,0.0,0,1,0.0,0.0
PLB,2024-04-01,2024,2,4,14,operasional,train,0.0,0.0,0.0,0,0,0,150.7372449017775,0.0,0.0,0.0,1,0,0.0,0.0
PLB,2024-04-08,2024,2,4,15,operasional,train,8.0,8.0,2.1972245773362196,0,0,0,150.7372449017775,80000.0,1.0,1.0,0,0,149.0,1.0
PLB,2024-04-15,2024,2,4,16,operasional,train,53.0,53.0,3.9889840465642745,0,0,0,150.7372449017775,530000.0,7.0,5.0,1,0,0.0,0.0
PLB,2024-04-22,2024,2,4,17,operasional,train,9.0,9.0,2.302585092994046,0,0,0,150.7372449017775,90000.0,1.0,1.0,1,0,0.0,0.0
PLB,2024-04-29,2024,2,4,18,operasional,train,0.0,0.0,0.0,0,0,0,150.7372449017775,0.0,0.0,0.0,0,1,0.0,0.0
PLB,2024-05-06,2024,2,5,19,operasional,train,0.0,0.0,0.0,0,0,0,150.7372449017775,0.0,0.0,0.0,1,0,0.0,0.0
PLB,2024-05-13,2024,2,5,20,operasional,train,0.0,0.0,0.0,0,0,0,150.7372449017775,0.0,0.0,0.0,0,0,0.0,0.0
PLB,2024-05-20,2024,2,5,21,operasional,train,0.0,0.0,0.0,0,0,0,150.7372449017775,0.0,0.0,0.0,0,1,0.0,0.0
PLB,2024-05-27,2024,2,5,22,operasional,train,0.0,0.0,0.0,0,0,0,150.7372449017775,0.0,0.0,0.0,0,0,0.0,0.0
PLB,2024-06-03,2024,2,6,23,operasional,train,0.0,0.0,0.0,0,0,0,150.7372449017775,0.0,0.0,0.0,0,1,0.0,0.0
PLB,2024-06-10,2024,2,6,24,operasional,train,0.0,0.0,0.0,0,0,0,150.7372449017775,0.0,0.0,0.0,0,1,0.0,0.0
PLB,2024-06-17,2024,2,6,25,operasional,train,0.0,0.0,0.0,0,0,0,150.7372449017775,0.0,0.0,0.0,1,1,0.0,0.0
PLB,2024-06-24,2024,2,6,26,operasional,train,0.0,0.0,0.0,0,0,0,150.7372449017775,0.0,0.0,0.0,1,1,0.0,0.0
PLB,2024-07-01,2024,3,7,27,operasional,train,0.0,0.0,0.0,0,0,0,150.7372449017775,0.0,0.0,0.0,0,1,0.0,0.0
PLB,2024-07-08,2024,3,7,28,operasional,train,0.0,0.0,0.0,0,0,0,150.7372449017775,0.0,0.0,0.0,0,0,0.0,0.0
PLB,2024-07-15,2024,3,7,29,operasional,train,0.0,0.0,0.0,0,0,0,150.7372449017775,0.0,0.0,0.0,0,1,0.0,0.0
PLB,2024-07-22,2024,3,7,30,operasional,train,0.0,0.0,0.0,0,0,0,150.7372449017775,0.0,0.0,0.0,0,0,0.0,0.0
PLB,2024-07-29,2024,3,7,31,operasional,train,0.0,0.0,0.0,0,0,0,150.7372449017775,0.0,0.0,0.0,1,0,0.0,0.0
PLB,2024-08-05,2024,3,8,32,operasional,train,44.0,44.0,3.8066624897703196,0,0,0,150.7372449017775,440000.0,5.0,3.0,0,0,241.0,1.0
PLB,2024-08-12,2024,3,8,33,operasional,train,11.0,11.0,2.4849066497880004,0,0,0,150.7372449017775,110000.0,3.0,2.0,1,0,0.0,0.0
PLB,2024-08-19,2024,3,8,34,operasional,train,3.0,3.0,1.3862943611198906,0,0,0,150.7372449017775,30000.0,1.0,1.0,1,0,0.0,0.0
PLB,2024-08-26,2024,3,8,35,operasional,train,0.0,0.0,0.0,0,0,0,150.7372449017775,0.0,0.0,0.0,0,1,0.0,0.0
PLB,2024-09-02,2024,3,9,36,operasional,train,0.0,0.0,0.0,0,0,0,150.7372449017775,0.0,0.0,0.0,1,0,0.0,0.0
PLB,2024-09-09,2024,3,9,37,operasional,train,8.0,8.0,2.1972245773362196,0,0,0,150.7372449017775,80000.0,1.0,1.0,0,0,92.3,1.0
PLB,2024-09-16,2024,3,9,38,operasional,train,53.0,53.0,3.9889840465642745,0,0,0,150.7372449017775,530000.0,7.0,5.0,1,0,0.0,0.0
PLB,2024-09-23,2024,3,9,39,operasional,train,9.0,9.0,2.302585092994046,0,0,0,150.7372449017775,90000.0,1.0,1.0,1,0,0.0,0.0
PLB,2024-09-30,2024,3,9,40,operasional,train,0.0,0.0,0.0,0,0,0,150.7372449017775,0.0,0.0,0.0,0,1,0.0,0.0
PLB,2024-10-07,2024,4,10,41,operasional,train,0.0,0.0,0.0,0,0,0,150.7372449017775,0.0,0.0,0.0,1,0,0.0,0.0
PLB,2024-10-14,2024,4,10,42,operasional,train,0.0,0.0,0.0,0,0,0,150.7372449017775,0.0,0.0,0.0,0,0,0.0,0.0
PLB,2024-10-21,2024,4,10,43,tidak_tercatat,train,,,,0,0,0,150.7372449017775,,,,0,0,,
PLB,2024-10-28,2024,4,10,44,tidak_tercatat,train,,,,0,0,0,150.7372449017775,,,,0,0,,
PLB,2024-11-04,2024,4,11,45,tidak_tercatat,train,,,,0,0,0,150.7372449017775,,,,0,0,,
PLB,2024-11-11,2024,4,11,46,tidak_tercatat,train,,,,0,0,0,150.7372449017775,,,,0,0,,
PLB,2024-11-18,2024,4,11,47,tidak_tercatat,train,,,,0,0,0,150.7372449017775,,,,0,0,,
PLB,2024-11-25,2024,4,11,48,tidak_tercatat,train,,,,0,0,0,150.7372449017775,,,,0,0,,
PLB,2024-12-02,2024,4,12,49,tidak_tercatat,train,,,,0,0,0,150.7372449017775,,,,0,0,,
PLB,2024-12-09,2024,4,12,50,tidak_tercatat,train,,,,0,0,0,150.7372449017775,,,,0,0,,
PLB,2024-12-16,2024,4,12,51,tidak_tercatat,train,,,,0,0,0,150.7372449017775,,,,0,0,,
PLB,2024-12-23,2024,4,12,52,tidak_tercatat,train,,,,0,0,0,150.7372449017775,,,,0,0,,
PLB,2024-12-30,2024,4,12,1,tidak_tercatat,train,,,,0,0,0,150.7372449017775,,,,0,0,,
PLB,2025-01-06,2025,1,1,2,tidak_tercatat,train,,,,0,0,0,150.7372449017775,,,,0,0,,
PLB,2025-01-13,2025,1,1,3,tidak_tercatat,train,,,,0,0,0,150.7372449017775,,,,0,0,,
PLB,2025-01-20,2025,1,1,4,tidak_tercatat,train,,,,0,0,0,150.7372449017775,,,,0,0,,
PLB,2025-01-27,2025,1,1,5,operasional,train,0.0,0.0,0.0,0,0,0,150.7372449017775,0.0,0.0,0.0,0,0,0.0,0.0
PLB,2025-02-03,2025,1,2,6,operasional,train,0.0,0.0,0.0,0,0,0,150.7372449017775,0.0,0.0,0.0,0,0,0.0,0.0
PLB,2025-02-10,2025,1,2,7,operasional,train,0.0,0.0,0.0,0,0,0,150.7372449017775,0.0,0.0,0.0,0,0,0.0,0.0
PLB,2025-02-17,2025,1,2,8,operasional,train,0.0,0.0,0.0,0,0,0,150.7372449017775,0.0,0.0,0.0,0,0,0.0,0.0
PLB,2025-02-24,2025,1,2,9,operasional,train,0.0,0.0,0.0,0,0,0,150.7372449017775,0.0,0.0,0.0,0,0,0.0,0.0
PLB,2025-03-03,2025,1,3,10,tidak_tercatat,train,,,,0,0,0,150.7372449017775,,,,0,0,,
PLB,2025-03-10,2025,1,3,11,tidak_tercatat,train,,,,0,0,0,150.7372449017775,,,,0,0,,
PLB,2025-03-17,2025,1,3,12,tidak_tercatat,train,,,,0,0,0,150.7372449017775,,,,0,0,,
PLB,2025-03-24,2025,1,3,13,tidak_tercatat,train,,,,0,0,0,150.7372449017775,,,,0,0,,
PLB,2025-03-31,2025,1,3,14,tidak_tercatat,train,,,,0,0,0,150.7372449017775,,,,0,0,,
PLB,2025-04-07,2025,2,4,15,tidak_tercatat,train,,,,0,0,0,150.7372449017775,,,,0,0,,
PLB,2025-04-14,2025,2,4,16,operasional,train,0.0,0.0,0.0,0,0,0,150.7372449017775,0.0,0.0,0.0,0,0,0.0,0.0
PLB,2025-04-21,2025,2,4,17,operasional,train,0.0,0.0,0.0,0,0,0,150.7372449017775,0.0,0.0,0.0,0,0,0.0,0.0
PLB,2025-04-28,2025,2,4,18,operasional,train,4.0,4.0,1.6094379124341003,0,0,0,150.7372449017775,40000.0,3.0,2.0,0,0,191.0,1.0
PLB,2025-05-05,2025,2,5,19,operasional,train,26.0,26.0,3.295836866004329,0,0,0,150.7372449017775,260000.0,7.0,2.0,0,0,0.0,0.0
PLB,2025-05-12,2025,2,5,20,operasional,train,0.0,0.0,0.0,0,0,0,150.7372449017775,0.0,0.0,0.0,0,0,0.0,0.0
PLB,2025-05-19,2025,2,5,21,operasional,train,0.0,0.0,0.0,0,0,0,150.7372449017775,0.0,0.0,0.0,0,0,0.0,0.0
PLB,2025-05-26,2025,2,5,22,operasional,train,0.0,0.0,0.0,0,0,0,150.7372449017775,0.0,0.0,0.0,0,0,0.0,0.0
PLB,2025-06-02,2025,2,6,23,operasional,train,0.0,0.0,0.0,0,0,0,150.7372449017775,0.0,0.0,0.0,0,0,0.0,0.0
PLB,2025-06-09,2025,2,6,24,operasional,train,0.0,0.0,0.0,0,0,0,150.7372449017775,0.0,0.0,0.0,1,1,0.0,0.0
PLB,2025-06-16,2025,2,6,25,operasional,train,0.0,0.0,0.0,0,0,0,150.7372449017775,0.0,0.0,0.0,0,0,0.0,0.0
PLB,2025-06-23,2025,2,6,26,operasional,train,24.0,24.0,3.2188758248682006,0,0,0,150.7372449017775,240000.0,1.0,1.0,1,1,52.7,1.0
PLB,2025-06-30,2025,2,6,27,operasional,train,20.0,20.0,3.044522437723423,0,0,0,150.7372449017775,200000.0,1.0,1.0,0,0,0.0,0.0
PLB,2025-07-07,2025,3,7,28,operasional,train,0.0,0.0,0.0,0,0,0,150.7372449017775,0.0,0.0,0.0,0,0,0.0,0.0
PLB,2025-07-14,2025,3,7,29,operasional,train,0.0,0.0,0.0,0,0,0,150.7372449017775,0.0,0.0,0.0,0,0,0.0,0.0
PLB,2025-07-21,2025,3,7,30,operasional,train,0.0,0.0,0.0,0,0,0,150.7372449017775,0.0,0.0,0.0,0,0,0.0,0.0
PLB,2025-07-28,2025,3,7,31,operasional,train,0.0,0.0,0.0,0,0,0,150.7372449017775,0.0,0.0,0.0,0,0,0.0,0.0
PLB,2025-08-04,2025,3,8,32,operasional,train,0.0,0.0,0.0,0,0,0,150.7372449017775,0.0,0.0,0.0,0,0,0.0,0.0
PLB,2025-08-11,2025,3,8,33,operasional,train,36.0,36.0,3.6109179126442243,0,0,0,150.7372449017775,360000.0,2.0,1.0,1,0,48.0,1.0
PLB,2025-08-18,2025,3,8,34,operasional,train,0.0,0.0,0.0,0,0,0,150.7372449017775,0.0,0.0,0.0,0,0,0.0,0.0
PLB,2025-08-25,2025,3,8,35,operasional,train,0.0,0.0,0.0,0,0,0,150.7372449017775,0.0,0.0,0.0,0,0,0.0,0.0
PLB,2025-09-01,2025,3,9,36,operasional,train,0.0,0.0,0.0,0,0,0,150.7372449017775,0.0,0.0,0.0,0,0,0.0,0.0
PLB,2025-09-08,2025,3,9,37,operasional,train,0.0,0.0,0.0,0,0,0,150.7372449017775,0.0,0.0,0.0,0,0,0.0,0.0
PLB,2025-09-15,2025,3,9,38,operasional,train,0.0,0.0,0.0,0,0,0,150.7372449017775,0.0,0.0,0.0,0,0,0.0,0.0
PLB,2025-09-22,2025,3,9,39,operasional,train,0.0,0.0,0.0,0,0,0,150.7372449017775,0.0,0.0,0.0,0,1,0.0,0.0
PLB,2025-09-29,2025,3,9,40,operasional,train,0.0,0.0,0.0,0,0,0,150.7372449017775,0.0,0.0,0.0,0,0,0.0,0.0
PLB,2025-10-06,2025,4,10,41,operasional,train,0.0,0.0,0.0,0,0,0,150.7372449017775,0.0,0.0,0.0,0,0,0.0,0.0
PLB,2025-10-13,2025,4,10,42,operasional,train,0.0,0.0,0.0,0,0,0,150.7372449017775,0.0,0.0,0.0,0,0,0.0,0.0
PLB,2025-10-20,2025,4,10,43,operasional,train,0.0,0.0,0.0,0,0,0,150.7372449017775,0.0,0.0,0.0,0,0,0.0,0.0
PLB,2025-10-27,2025,4,10,44,operasional,train,0.0,0.0,0.0,0,0,0,150.7372449017775,0.0,0.0,0.0,0,0,0.0,0.0
PLB,2025-11-03,2025,4,11,45,operasional,train,0.0,0.0,0.0,0,0,0,150.7372449017775,0.0,0.0,0.0,0,0,0.0,0.0
PLB,2025-11-10,2025,4,11,46,operasional,train,0.0,0.0,0.0,0,0,0,150.7372449017775,0.0,0.0,0.0,0,0,0.0,0.0
PLB,2025-11-17,2025,4,11,47,operasional,train,0.0,0.0,0.0,0,0,0,150.7372449017775,0.0,0.0,0.0,0,0,0.0,0.0
PLB,2025-11-24,2025,4,11,48,operasional,train,0.0,0.0,0.0,0,0,0,150.7372449017775,0.0,0.0,0.0,0,0,0.0,0.0
PLB,2025-12-01,2025,4,12,49,operasional,train,0.0,0.0,0.0,0,0,0,150.7372449017775,0.0,0.0,0.0,1,0,0.0,0.0
PLB,2025-12-08,2025,4,12,50,operasional,train,0.0,0.0,0.0,0,0,0,150.7372449017775,0.0,0.0,0.0,0,0,0.0,0.0
PLB,2025-12-15,2025,4,12,51,operasional,train,0.0,0.0,0.0,0,0,0,150.7372449017775,0.0,0.0,0.0,0,0,0.0,0.0
PLB,2025-12-22,2025,4,12,52,operasional,train,26.0,26.0,3.295836866004329,0,0,0,150.7372449017775,260000.0,3.0,3.0,0,0,42.0,1.0
PLB,2025-12-29,2025,4,12,1,operasional,train,16.0,16.0,2.833213344056216,0,0,0,150.7372449017775,160000.0,2.0,2.0,0,0,0.0,0.0
PLB,2026-01-05,2026,1,1,2,operasional,train,0.0,0.0,0.0,0,0,0,150.7372449017775,0.0,0.0,0.0,0,0,0.0,0.0
PLB,2026-01-12,2026,1,1,3,operasional,train,0.0,0.0,0.0,0,0,0,150.7372449017775,0.0,0.0,0.0,0,0,0.0,0.0
PLB,2026-01-19,2026,1,1,4,operasional,train,0.0,0.0,0.0,0,0,0,150.7372449017775,0.0,0.0,0.0,0,0,0.0,0.0
PLB,2026-01-26,2026,1,1,5,operasional,train,0.0,0.0,0.0,0,0,0,150.7372449017775,0.0,0.0,0.0,0,0,0.0,0.0
PLB,2026-02-02,2026,1,2,6,operasional,train,0.0,0.0,0.0,0,0,0,150.7372449017775,0.0,0.0,0.0,1,0,0.0,0.0
PLB,2026-02-09,2026,1,2,7,operasional,train,0.0,0.0,0.0,0,0,0,150.7372449017775,0.0,0.0,0.0,0,0,0.0,0.0
PLB,2026-02-16,2026,1,2,8,operasional,train,0.0,0.0,0.0,0,0,0,150.7372449017775,0.0,0.0,0.0,0,0,0.0,0.0
PLB,2026-02-23,2026,1,2,9,operasional,train,0.0,0.0,0.0,0,0,0,150.7372449017775,0.0,0.0,0.0,0,0,0.0,0.0
PLB,2026-03-02,2026,1,3,10,operasional,train,0.0,0.0,0.0,0,0,0,150.7372449017775,0.0,0.0,0.0,0,0,0.0,0.0
PLB,2026-03-09,2026,1,3,11,operasional,train,0.0,0.0,0.0,0,0,0,150.7372449017775,0.0,0.0,0.0,0,0,0.0,0.0
PLB,2026-03-16,2026,1,3,12,operasional,train,0.0,0.0,0.0,0,0,0,150.7372449017775,0.0,0.0,0.0,1,0,0.0,0.0
PLB,2026-03-23,2026,1,3,13,operasional,train,0.0,0.0,0.0,0,0,0,150.7372449017775,0.0,0.0,0.0,0,0,0.0,0.0
PLB,2026-03-30,2026,1,3,14,operasional,train,0.0,0.0,0.0,0,0,0,150.7372449017775,0.0,0.0,0.0,1,0,0.0,0.0
PLB,2026-04-06,2026,2,4,15,operasional,test,0.0,0.0,0.0,0,0,0,150.7372449017775,0.0,0.0,0.0,0,0,0.0,0.0
PLB,2026-04-13,2026,2,4,16,operasional,test,0.0,0.0,0.0,0,0,0,150.7372449017775,0.0,0.0,0.0,0,1,0.0,0.0
PLB,2026-04-20,2026,2,4,17,operasional,test,0.0,0.0,0.0,0,0,0,150.7372449017775,0.0,0.0,0.0,0,0,0.0,0.0
PLB,2026-04-27,2026,2,4,18,operasional,test,0.0,0.0,0.0,0,0,0,150.7372449017775,0.0,0.0,0.0,0,0,0.0,0.0
PLB,2026-05-04,2026,2,5,19,operasional,test,0.0,0.0,0.0,0,0,0,150.7372449017775,0.0,0.0,0.0,1,0,0.0,0.0
PLB,2026-05-11,2026,2,5,20,operasional,test,0.0,0.0,0.0,0,0,0,150.7372449017775,0.0,0.0,0.0,0,1,0.0,0.0
PLB,2026-05-18,2026,2,5,21,operasional,test,0.0,0.0,0.0,0,0,0,150.7372449017775,0.0,0.0,0.0,0,0,0.0,0.0
PLB,2026-05-25,2026,2,5,22,operasional,test,0.0,0.0,0.0,0,0,0,150.7372449017775,0.0,0.0,0.0,0,0,0.0,0.0
PLB,2026-06-01,2026,2,6,23,operasional,test,0.0,0.0,0.0,0,0,0,150.7372449017775,0.0,0.0,0.0,0,0,0.0,0.0
PLB,2026-06-08,2026,2,6,24,operasional,test,0.0,0.0,0.0,0,0,0,150.7372449017775,0.0,0.0,0.0,0,0,0.0,0.0
PLB,2026-06-15,2026,2,6,25,operasional,test,0.0,0.0,0.0,0,0,0,150.7372449017775,0.0,0.0,0.0,0,0,0.0,0.0
PLB,2026-06-22,2026,2,6,26,operasional,test,0.0,0.0,0.0,0,0,0,150.7372449017775,0.0,0.0,0.0,1,0,0.0,0.0
PLB,2026-06-29,2026,2,6,27,operasional,test,0.0,0.0,0.0,0,0,0,150.7372449017775,0.0,0.0,0.0,0,1,0.0,0.0
PLB,2026-07-06,2026,3,7,28,operasional,test,0.0,0.0,0.0,0,0,0,150.7372449017775,0.0,0.0,0.0,0,0,0.0,0.0
PLB,2026-07-13,2026,3,7,29,operasional,test,0.0,0.0,0.0,0,0,0,150.7372449017775,0.0,0.0,0.0,0,0,0.0,0.0
PLB,2026-07-20,2026,3,7,30,operasional,test,0.0,0.0,0.0,0,0,0,150.7372449017775,0.0,0.0,0.0,1,1,0.0,0.0
PLB,2026-07-27,2026,3,7,31,operasional,test,0.0,0.0,0.0,0,0,0,150.7372449017775,0.0,0.0,0.0,0,0,0.0,0.0
PLB,2026-08-03,2026,3,8,32,operasional,test,0.0,0.0,0.0,0,0,0,150.7372449017775,0.0,0.0,0.0,0,0,0.0,0.0
PLB,2026-08-10,2026,3,8,33,operasional,test,0.0,0.0,0.0,0,0,0,150.7372449017775,0.0,0.0,0.0,0,1,0.0,0.0
PLB,2026-08-17,2026,3,8,34,operasional,test,0.0,0.0,0.0,0,0,0,150.7372449017775,0.0,0.0,0.0,0,1,0.0,0.0
PLB,2026-08-24,2026,3,8,35,operasional,test,0.0,0.0,0.0,0,0,0,150.7372449017775,0.0,0.0,0.0,1,0,0.0,0.0
PLB,2026-08-31,2026,3,8,36,operasional,test,0.0,0.0,0.0,0,0,0,150.7372449017775,0.0,0.0,0.0,0,1,0.0,0.0
PLB,2026-09-07,2026,3,9,37,operasional,test,0.0,0.0,0.0,0,0,0,150.7372449017775,0.0,0.0,0.0,0,0,0.0,0.0
PLB,2026-09-14,2026,3,9,38,operasional,test,0.0,0.0,0.0,0,0,0,150.7372449017775,0.0,0.0,0.0,1,1,0.0,0.0
PLB,2026-09-21,2026,3,9,39,operasional,test,0.0,0.0,0.0,0,0,0,150.7372449017775,0.0,0.0,0.0,0,0,0.0,0.0
PMJ,2024-01-01,2024,1,1,1,sebelum_produk_dijual,train,,,,0,0,0,45.328382693267116,,,,1,0,,
PMJ,2024-01-08,2024,1,1,2,sebelum_produk_dijual,train,,,,0,0,0,45.328382693267116,,,,1,0,,
PMJ,2024-01-15,2024,1,1,3,sebelum_produk_dijual,train,,,,0,0,0,45.328382693267116,,,,0,0,,
PMJ,2024-01-22,2024,1,1,4,sebelum_produk_dijual,train,,,,0,0,0,45.328382693267116,,,,0,0,,
PMJ,2024-01-29,2024,1,1,5,sebelum_produk_dijual,train,,,,0,0,0,45.328382693267116,,,,0,0,,
PMJ,2024-02-05,2024,1,2,6,sebelum_produk_dijual,train,,,,0,0,0,45.328382693267116,,,,1,0,,
PMJ,2024-02-12,2024,1,2,7,sebelum_produk_dijual,train,,,,0,0,0,45.328382693267116,,,,1,0,,
PMJ,2024-02-19,2024,1,2,8,sebelum_produk_dijual,train,,,,0,0,0,45.328382693267116,,,,0,0,,
PMJ,2024-02-26,2024,1,2,9,sebelum_produk_dijual,train,,,,0,0,0,45.328382693267116,,,,1,0,,
PMJ,2024-03-04,2024,1,3,10,sebelum_produk_dijual,train,,,,0,0,0,45.328382693267116,,,,0,0,,
PMJ,2024-03-11,2024,1,3,11,sebelum_produk_dijual,train,,,,0,0,0,45.328382693267116,,,,1,0,,
PMJ,2024-03-18,2024,1,3,12,sebelum_produk_dijual,train,,,,0,0,0,45.328382693267116,,,,1,0,,
PMJ,2024-03-25,2024,1,3,13,sebelum_produk_dijual,train,,,,0,0,0,45.328382693267116,,,,0,1,,
PMJ,2024-04-01,2024,2,4,14,sebelum_produk_dijual,train,,,,0,0,0,45.328382693267116,,,,1,0,,
PMJ,2024-04-08,2024,2,4,15,sebelum_produk_dijual,train,,,,0,0,0,45.328382693267116,,,,0,0,,
PMJ,2024-04-15,2024,2,4,16,sebelum_produk_dijual,train,,,,0,0,0,45.328382693267116,,,,1,0,,
PMJ,2024-04-22,2024,2,4,17,sebelum_produk_dijual,train,,,,0,0,0,45.328382693267116,,,,1,0,,
PMJ,2024-04-29,2024,2,4,18,sebelum_produk_dijual,train,,,,0,0,0,45.328382693267116,,,,0,1,,
PMJ,2024-05-06,2024,2,5,19,sebelum_produk_dijual,train,,,,0,0,0,45.328382693267116,,,,1,0,,
PMJ,2024-05-13,2024,2,5,20,sebelum_produk_dijual,train,,,,0,0,0,45.328382693267116,,,,0,0,,
PMJ,2024-05-20,2024,2,5,21,sebelum_produk_dijual,train,,,,0,0,0,45.328382693267116,,,,0,1,,
PMJ,2024-05-27,2024,2,5,22,sebelum_produk_dijual,train,,,,0,0,0,45.328382693267116,,,,0,0,,
PMJ,2024-06-03,2024,2,6,23,operasional,train,10.0,10.0,2.3978952727983707,0,0,0,45.328382693267116,100000.0,1.0,1.0,0,1,22.0,1.0
PMJ,2024-06-10,2024,2,6,24,operasional,train,0.0,0.0,0.0,0,0,0,45.328382693267116,0.0,0.0,0.0,0,1,0.0,0.0
PMJ,2024-06-17,2024,2,6,25,operasional,train,0.0,0.0,0.0,0,0,0,45.328382693267116,0.0,0.0,0.0,1,1,0.0,0.0
PMJ,2024-06-24,2024,2,6,26,operasional,train,0.0,0.0,0.0,0,0,0,45.328382693267116,0.0,0.0,0.0,1,1,0.0,0.0
PMJ,2024-07-01,2024,3,7,27,operasional,train,0.0,0.0,0.0,0,0,0,45.328382693267116,0.0,0.0,0.0,0,1,0.0,0.0
PMJ,2024-07-08,2024,3,7,28,operasional,train,0.0,0.0,0.0,0,0,0,45.328382693267116,0.0,0.0,0.0,0,0,0.0,0.0
PMJ,2024-07-15,2024,3,7,29,operasional,train,8.0,8.0,2.1972245773362196,0,0,0,45.328382693267116,80000.0,1.0,1.0,0,1,0.0,0.0
PMJ,2024-07-22,2024,3,7,30,operasional,train,0.0,0.0,0.0,0,0,0,45.328382693267116,0.0,0.0,0.0,0,0,0.0,0.0
PMJ,2024-07-29,2024,3,7,31,operasional,train,0.0,0.0,0.0,0,0,0,45.328382693267116,0.0,0.0,0.0,1,0,0.0,0.0
PMJ,2024-08-05,2024,3,8,32,operasional,train,0.0,0.0,0.0,0,0,0,45.328382693267116,0.0,0.0,0.0,0,0,0.0,0.0
PMJ,2024-08-12,2024,3,8,33,operasional,train,0.0,0.0,0.0,0,0,0,45.328382693267116,0.0,0.0,0.0,1,0,0.0,0.0
PMJ,2024-08-19,2024,3,8,34,operasional,train,0.0,0.0,0.0,0,0,0,45.328382693267116,0.0,0.0,0.0,1,0,0.0,0.0
PMJ,2024-08-26,2024,3,8,35,operasional,train,0.0,0.0,0.0,0,0,0,45.328382693267116,0.0,0.0,0.0,0,1,0.0,0.0
PMJ,2024-09-02,2024,3,9,36,operasional,train,0.0,0.0,0.0,0,0,0,45.328382693267116,0.0,0.0,0.0,1,0,0.0,0.0
PMJ,2024-09-09,2024,3,9,37,operasional,train,0.0,0.0,0.0,0,0,0,45.328382693267116,0.0,0.0,0.0,0,0,0.0,0.0
PMJ,2024-09-16,2024,3,9,38,operasional,train,0.0,0.0,0.0,0,0,0,45.328382693267116,0.0,0.0,0.0,1,0,0.0,0.0
PMJ,2024-09-23,2024,3,9,39,operasional,train,0.0,0.0,0.0,0,0,0,45.328382693267116,0.0,0.0,0.0,1,0,0.0,0.0
PMJ,2024-09-30,2024,3,9,40,operasional,train,0.0,0.0,0.0,0,0,0,45.328382693267116,0.0,0.0,0.0,0,1,0.0,0.0
PMJ,2024-10-07,2024,4,10,41,operasional,train,0.0,0.0,0.0,0,0,0,45.328382693267116,0.0,0.0,0.0,1,0,0.0,0.0
PMJ,2024-10-14,2024,4,10,42,operasional,train,0.0,0.0,0.0,0,0,0,45.328382693267116,0.0,0.0,0.0,0,0,0.0,0.0
PMJ,2024-10-21,2024,4,10,43,tidak_tercatat,train,,,,0,0,0,45.328382693267116,,,,0,0,,
PMJ,2024-10-28,2024,4,10,44,tidak_tercatat,train,,,,0,0,0,45.328382693267116,,,,0,0,,
PMJ,2024-11-04,2024,4,11,45,tidak_tercatat,train,,,,0,0,0,45.328382693267116,,,,0,0,,
PMJ,2024-11-11,2024,4,11,46,tidak_tercatat,train,,,,0,0,0,45.328382693267116,,,,0,0,,
PMJ,2024-11-18,2024,4,11,47,tidak_tercatat,train,,,,0,0,0,45.328382693267116,,,,0,0,,
PMJ,2024-11-25,2024,4,11,48,tidak_tercatat,train,,,,0,0,0,45.328382693267116,,,,0,0,,
PMJ,2024-12-02,2024,4,12,49,tidak_tercatat,train,,,,0,0,0,45.328382693267116,,,,0,0,,
PMJ,2024-12-09,2024,4,12,50,tidak_tercatat,train,,,,0,0,0,45.328382693267116,,,,0,0,,
PMJ,2024-12-16,2024,4,12,51,tidak_tercatat,train,,,,0,0,0,45.328382693267116,,,,0,0,,
PMJ,2024-12-23,2024,4,12,52,tidak_tercatat,train,,,,0,0,0,45.328382693267116,,,,0,0,,
PMJ,2024-12-30,2024,4,12,1,tidak_tercatat,train,,,,0,0,0,45.328382693267116,,,,0,0,,
PMJ,2025-01-06,2025,1,1,2,tidak_tercatat,train,,,,0,0,0,45.328382693267116,,,,0,0,,
PMJ,2025-01-13,2025,1,1,3,tidak_tercatat,train,,,,0,0,0,45.328382693267116,,,,0,0,,
PMJ,2025-01-20,2025,1,1,4,tidak_tercatat,train,,,,0,0,0,45.328382693267116,,,,0,0,,
PMJ,2025-01-27,2025,1,1,5,operasional,train,0.0,0.0,0.0,0,0,0,45.328382693267116,0.0,0.0,0.0,0,0,0.0,0.0
PMJ,2025-02-03,2025,1,2,6,operasional,train,0.0,0.0,0.0,0,0,0,45.328382693267116,0.0,0.0,0.0,0,0,0.0,0.0
PMJ,2025-02-10,2025,1,2,7,operasional,train,0.0,0.0,0.0,0,0,0,45.328382693267116,0.0,0.0,0.0,0,0,0.0,0.0
PMJ,2025-02-17,2025,1,2,8,operasional,train,0.0,0.0,0.0,0,0,0,45.328382693267116,0.0,0.0,0.0,0,0,0.0,0.0
PMJ,2025-02-24,2025,1,2,9,operasional,train,0.0,0.0,0.0,0,0,0,45.328382693267116,0.0,0.0,0.0,0,0,0.0,0.0
PMJ,2025-03-03,2025,1,3,10,tidak_tercatat,train,,,,0,0,0,45.328382693267116,,,,0,0,,
PMJ,2025-03-10,2025,1,3,11,tidak_tercatat,train,,,,0,0,0,45.328382693267116,,,,0,0,,
PMJ,2025-03-17,2025,1,3,12,tidak_tercatat,train,,,,0,0,0,45.328382693267116,,,,0,0,,
PMJ,2025-03-24,2025,1,3,13,tidak_tercatat,train,,,,0,0,0,45.328382693267116,,,,0,0,,
PMJ,2025-03-31,2025,1,3,14,tidak_tercatat,train,,,,0,0,0,45.328382693267116,,,,0,0,,
PMJ,2025-04-07,2025,2,4,15,tidak_tercatat,train,,,,0,0,0,45.328382693267116,,,,0,0,,
PMJ,2025-04-14,2025,2,4,16,operasional,train,0.0,0.0,0.0,0,0,0,45.328382693267116,0.0,0.0,0.0,0,0,0.0,0.0
PMJ,2025-04-21,2025,2,4,17,operasional,train,0.0,0.0,0.0,0,0,0,45.328382693267116,0.0,0.0,0.0,0,0,0.0,0.0
PMJ,2025-04-28,2025,2,4,18,operasional,train,0.0,0.0,0.0,0,0,0,45.328382693267116,0.0,0.0,0.0,0,0,0.0,0.0
PMJ,2025-05-05,2025,2,5,19,operasional,train,0.0,0.0,0.0,0,0,0,45.328382693267116,0.0,0.0,0.0,0,0,0.0,0.0
PMJ,2025-05-12,2025,2,5,20,operasional,train,0.0,0.0,0.0,0,0,0,45.328382693267116,0.0,0.0,0.0,0,0,0.0,0.0
PMJ,2025-05-19,2025,2,5,21,operasional,train,0.0,0.0,0.0,0,0,0,45.328382693267116,0.0,0.0,0.0,0,0,0.0,0.0
PMJ,2025-05-26,2025,2,5,22,operasional,train,0.0,0.0,0.0,0,0,0,45.328382693267116,0.0,0.0,0.0,0,0,0.0,0.0
PMJ,2025-06-02,2025,2,6,23,operasional,train,0.0,0.0,0.0,0,0,0,45.328382693267116,0.0,0.0,0.0,0,0,0.0,0.0
PMJ,2025-06-09,2025,2,6,24,operasional,train,0.0,0.0,0.0,0,0,0,45.328382693267116,0.0,0.0,0.0,1,1,0.0,0.0
PMJ,2025-06-16,2025,2,6,25,operasional,train,0.0,0.0,0.0,0,0,0,45.328382693267116,0.0,0.0,0.0,0,0,0.0,0.0
PMJ,2025-06-23,2025,2,6,26,operasional,train,0.0,0.0,0.0,0,0,0,45.328382693267116,0.0,0.0,0.0,1,1,0.0,0.0
PMJ,2025-06-30,2025,2,6,27,operasional,train,0.0,0.0,0.0,0,0,0,45.328382693267116,0.0,0.0,0.0,0,0,0.0,0.0
PMJ,2025-07-07,2025,3,7,28,operasional,train,0.0,0.0,0.0,0,0,0,45.328382693267116,0.0,0.0,0.0,0,0,0.0,0.0
PMJ,2025-07-14,2025,3,7,29,operasional,train,0.0,0.0,0.0,0,0,0,45.328382693267116,0.0,0.0,0.0,0,0,0.0,0.0
PMJ,2025-07-21,2025,3,7,30,operasional,train,0.0,0.0,0.0,0,0,0,45.328382693267116,0.0,0.0,0.0,0,0,0.0,0.0
PMJ,2025-07-28,2025,3,7,31,operasional,train,0.0,0.0,0.0,0,0,0,45.328382693267116,0.0,0.0,0.0,0,0,0.0,0.0
PMJ,2025-08-04,2025,3,8,32,operasional,train,0.0,0.0,0.0,0,0,0,45.328382693267116,0.0,0.0,0.0,0,0,0.0,0.0
PMJ,2025-08-11,2025,3,8,33,operasional,train,0.0,0.0,0.0,0,0,0,45.328382693267116,0.0,0.0,0.0,1,0,0.0,0.0
PMJ,2025-08-18,2025,3,8,34,operasional,train,0.0,0.0,0.0,0,0,0,45.328382693267116,0.0,0.0,0.0,0,0,0.0,0.0
PMJ,2025-08-25,2025,3,8,35,operasional,train,0.0,0.0,0.0,0,0,0,45.328382693267116,0.0,0.0,0.0,0,0,0.0,0.0
PMJ,2025-09-01,2025,3,9,36,operasional,train,0.0,0.0,0.0,0,0,0,45.328382693267116,0.0,0.0,0.0,0,0,0.0,0.0
PMJ,2025-09-08,2025,3,9,37,operasional,train,0.0,0.0,0.0,0,0,0,45.328382693267116,0.0,0.0,0.0,0,0,0.0,0.0
PMJ,2025-09-15,2025,3,9,38,operasional,train,0.0,0.0,0.0,0,0,0,45.328382693267116,0.0,0.0,0.0,0,0,0.0,0.0
PMJ,2025-09-22,2025,3,9,39,operasional,train,2.0,2.0,1.0986122886681096,0,0,0,45.328382693267116,20000.0,1.0,1.0,0,1,20.0,1.0
PMJ,2025-09-29,2025,3,9,40,operasional,train,0.0,0.0,0.0,0,0,0,45.328382693267116,0.0,0.0,0.0,0,0,0.0,0.0
PMJ,2025-10-06,2025,4,10,41,operasional,train,0.0,0.0,0.0,0,0,0,45.328382693267116,0.0,0.0,0.0,0,0,0.0,0.0
PMJ,2025-10-13,2025,4,10,42,operasional,train,0.0,0.0,0.0,0,0,0,45.328382693267116,0.0,0.0,0.0,0,0,0.0,0.0
PMJ,2025-10-20,2025,4,10,43,operasional,train,0.0,0.0,0.0,0,0,0,45.328382693267116,0.0,0.0,0.0,0,0,0.0,0.0
PMJ,2025-10-27,2025,4,10,44,operasional,train,0.0,0.0,0.0,0,0,0,45.328382693267116,0.0,0.0,0.0,0,0,0.0,0.0
PMJ,2025-11-03,2025,4,11,45,operasional,train,0.0,0.0,0.0,0,0,0,45.328382693267116,0.0,0.0,0.0,0,0,0.0,0.0
PMJ,2025-11-10,2025,4,11,46,operasional,train,0.0,0.0,0.0,0,0,0,45.328382693267116,0.0,0.0,0.0,0,0,0.0,0.0
PMJ,2025-11-17,2025,4,11,47,operasional,train,0.0,0.0,0.0,0,0,0,45.328382693267116,0.0,0.0,0.0,0,0,0.0,0.0
PMJ,2025-11-24,2025,4,11,48,operasional,train,0.0,0.0,0.0,0,0,0,45.328382693267116,0.0,0.0,0.0,0,0,0.0,0.0
PMJ,2025-12-01,2025,4,12,49,operasional,train,0.0,0.0,0.0,0,0,0,45.328382693267116,0.0,0.0,0.0,1,0,0.0,0.0
PMJ,2025-12-08,2025,4,12,50,operasional,train,0.0,0.0,0.0,0,0,0,45.328382693267116,0.0,0.0,0.0,0,0,0.0,0.0
PMJ,2025-12-15,2025,4,12,51,operasional,train,0.0,0.0,0.0,0,0,0,45.328382693267116,0.0,0.0,0.0,0,0,0.0,0.0
PMJ,2025-12-22,2025,4,12,52,operasional,train,0.0,0.0,0.0,0,0,0,45.328382693267116,0.0,0.0,0.0,0,0,0.0,0.0
PMJ,2025-12-29,2025,4,12,1,operasional,train,0.0,0.0,0.0,0,0,0,45.328382693267116,0.0,0.0,0.0,0,0,0.0,0.0
PMJ,2026-01-05,2026,1,1,2,operasional,train,0.0,0.0,0.0,0,0,0,45.328382693267116,0.0,0.0,0.0,0,0,0.0,0.0
PMJ,2026-01-12,2026,1,1,3,operasional,train,0.0,0.0,0.0,0,0,0,45.328382693267116,0.0,0.0,0.0,0,0,0.0,0.0
PMJ,2026-01-19,2026,1,1,4,operasional,train,0.0,0.0,0.0,0,0,0,45.328382693267116,0.0,0.0,0.0,0,0,0.0,0.0
PMJ,2026-01-26,2026,1,1,5,operasional,train,0.0,0.0,0.0,0,0,0,45.328382693267116,0.0,0.0,0.0,0,0,0.0,0.0
PMJ,2026-02-02,2026,1,2,6,operasional,train,0.0,0.0,0.0,0,0,0,45.328382693267116,0.0,0.0,0.0,1,0,0.0,0.0
PMJ,2026-02-09,2026,1,2,7,operasional,train,0.0,0.0,0.0,0,0,0,45.328382693267116,0.0,0.0,0.0,0,0,0.0,0.0
PMJ,2026-02-16,2026,1,2,8,operasional,train,0.0,0.0,0.0,0,0,0,45.328382693267116,0.0,0.0,0.0,0,0,0.0,0.0
PMJ,2026-02-23,2026,1,2,9,operasional,train,0.0,0.0,0.0,0,0,0,45.328382693267116,0.0,0.0,0.0,0,0,0.0,0.0
PMJ,2026-03-02,2026,1,3,10,operasional,train,0.0,0.0,0.0,0,0,0,45.328382693267116,0.0,0.0,0.0,0,0,0.0,0.0
PMJ,2026-03-09,2026,1,3,11,operasional,train,0.0,0.0,0.0,0,0,0,45.328382693267116,0.0,0.0,0.0,0,0,0.0,0.0
PMJ,2026-03-16,2026,1,3,12,operasional,train,0.0,0.0,0.0,0,0,0,45.328382693267116,0.0,0.0,0.0,1,0,0.0,0.0
PMJ,2026-03-23,2026,1,3,13,operasional,train,4.0,4.0,1.6094379124341003,0,0,0,45.328382693267116,40000.0,1.0,1.0,0,0,31.0,1.0
PMJ,2026-03-30,2026,1,3,14,operasional,train,10.0,10.0,2.3978952727983707,0,0,0,45.328382693267116,100000.0,1.0,1.0,1,0,0.0,0.0
PMJ,2026-04-06,2026,2,4,15,operasional,test,0.0,0.0,0.0,0,0,0,45.328382693267116,0.0,0.0,0.0,0,0,0.0,0.0
PMJ,2026-04-13,2026,2,4,16,operasional,test,4.0,4.0,1.6094379124341003,0,0,0,45.328382693267116,40000.0,1.0,1.0,0,1,0.0,0.0
PMJ,2026-04-20,2026,2,4,17,operasional,test,5.0,5.0,1.791759469228055,0,0,0,45.328382693267116,50000.0,1.0,1.0,0,0,0.0,0.0
PMJ,2026-04-27,2026,2,4,18,operasional,test,0.0,0.0,0.0,0,0,0,45.328382693267116,0.0,0.0,0.0,0,0,0.0,0.0
PMJ,2026-05-04,2026,2,5,19,operasional,test,0.0,0.0,0.0,0,0,0,45.328382693267116,0.0,0.0,0.0,1,0,0.0,0.0
PMJ,2026-05-11,2026,2,5,20,operasional,test,0.0,0.0,0.0,0,0,0,45.328382693267116,0.0,0.0,0.0,0,1,0.0,0.0
PMJ,2026-05-18,2026,2,5,21,operasional,test,0.0,0.0,0.0,0,0,0,45.328382693267116,0.0,0.0,0.0,0,0,0.0,0.0
PMJ,2026-05-25,2026,2,5,22,operasional,test,0.0,0.0,0.0,0,0,0,45.328382693267116,0.0,0.0,0.0,0,0,0.0,0.0
PMJ,2026-06-01,2026,2,6,23,operasional,test,0.0,0.0,0.0,0,0,0,45.328382693267116,0.0,0.0,0.0,0,0,0.0,0.0
PMJ,2026-06-08,2026,2,6,24,operasional,test,0.0,0.0,0.0,0,0,0,45.328382693267116,0.0,0.0,0.0,0,0,0.0,0.0
PMJ,2026-06-15,2026,2,6,25,operasional,test,0.0,0.0,0.0,0,0,0,45.328382693267116,0.0,0.0,0.0,0,0,0.0,0.0
PMJ,2026-06-22,2026,2,6,26,operasional,test,0.0,0.0,0.0,0,0,0,45.328382693267116,0.0,0.0,0.0,1,0,0.0,0.0
PMJ,2026-06-29,2026,2,6,27,operasional,test,0.0,0.0,0.0,0,0,0,45.328382693267116,0.0,0.0,0.0,0,1,0.0,0.0
PMJ,2026-07-06,2026,3,7,28,operasional,test,0.0,0.0,0.0,0,0,0,45.328382693267116,0.0,0.0,0.0,0,0,0.0,0.0
PMJ,2026-07-13,2026,3,7,29,operasional,test,0.0,0.0,0.0,0,0,0,45.328382693267116,0.0,0.0,0.0,0,0,0.0,0.0
PMJ,2026-07-20,2026,3,7,30,operasional,test,0.0,0.0,0.0,0,0,0,45.328382693267116,0.0,0.0,0.0,1,1,0.0,0.0
PMJ,2026-07-27,2026,3,7,31,operasional,test,0.0,0.0,0.0,0,0,0,45.328382693267116,0.0,0.0,0.0,0,0,0.0,0.0
PMJ,2026-08-03,2026,3,8,32,operasional,test,0.0,0.0,0.0,0,0,0,45.328382693267116,0.0,0.0,0.0,0,0,0.0,0.0
PMJ,2026-08-10,2026,3,8,33,operasional,test,4.0,4.0,1.6094379124341003,0,0,0,45.328382693267116,40000.0,1.0,1.0,0,1,0.0,0.0
PMJ,2026-08-17,2026,3,8,34,operasional,test,0.0,0.0,0.0,0,0,0,45.328382693267116,0.0,0.0,0.0,0,1,0.0,0.0
PMJ,2026-08-24,2026,3,8,35,operasional,test,0.0,0.0,0.0,0,0,0,45.328382693267116,0.0,0.0,0.0,1,0,0.0,0.0
PMJ,2026-08-31,2026,3,8,36,operasional,test,0.0,0.0,0.0,0,0,0,45.328382693267116,0.0,0.0,0.0,0,1,0.0,0.0
PMJ,2026-09-07,2026,3,9,37,operasional,test,0.0,0.0,0.0,0,0,0,45.328382693267116,0.0,0.0,0.0,0,0,0.0,0.0
PMJ,2026-09-14,2026,3,9,38,operasional,test,0.0,0.0,0.0,0,0,0,45.328382693267116,0.0,0.0,0.0,1,1,0.0,0.0
PMJ,2026-09-21,2026,3,9,39,operasional,test,0.0,0.0,0.0,0,0,0,45.328382693267116,0.0,0.0,0.0,0,0,0.0,0.0
PNP,2024-01-01,2024,1,1,1,sebelum_produk_dijual,train,,,,0,0,0,,,,,1,0,,
PNP,2024-01-08,2024,1,1,2,sebelum_produk_dijual,train,,,,0,0,0,,,,,1,0,,
PNP,2024-01-15,2024,1,1,3,sebelum_produk_dijual,train,,,,0,0,0,,,,,0,0,,
PNP,2024-01-22,2024,1,1,4,sebelum_produk_dijual,train,,,,0,0,0,,,,,0,0,,
PNP,2024-01-29,2024,1,1,5,sebelum_produk_dijual,train,,,,0,0,0,,,,,0,0,,
PNP,2024-02-05,2024,1,2,6,sebelum_produk_dijual,train,,,,0,0,0,,,,,1,0,,
PNP,2024-02-12,2024,1,2,7,sebelum_produk_dijual,train,,,,0,0,0,,,,,1,0,,
PNP,2024-02-19,2024,1,2,8,sebelum_produk_dijual,train,,,,0,0,0,,,,,0,0,,
PNP,2024-02-26,2024,1,2,9,sebelum_produk_dijual,train,,,,0,0,0,,,,,1,0,,
PNP,2024-03-04,2024,1,3,10,sebelum_produk_dijual,train,,,,0,0,0,,,,,0,0,,
PNP,2024-03-11,2024,1,3,11,sebelum_produk_dijual,train,,,,0,0,0,,,,,1,0,,
PNP,2024-03-18,2024,1,3,12,sebelum_produk_dijual,train,,,,0,0,0,,,,,1,0,,
PNP,2024-03-25,2024,1,3,13,sebelum_produk_dijual,train,,,,0,0,0,,,,,0,1,,
PNP,2024-04-01,2024,2,4,14,sebelum_produk_dijual,train,,,,0,0,0,,,,,1,0,,
PNP,2024-04-08,2024,2,4,15,sebelum_produk_dijual,train,,,,0,0,0,,,,,0,0,,
PNP,2024-04-15,2024,2,4,16,sebelum_produk_dijual,train,,,,0,0,0,,,,,1,0,,
PNP,2024-04-22,2024,2,4,17,sebelum_produk_dijual,train,,,,0,0,0,,,,,1,0,,
PNP,2024-04-29,2024,2,4,18,sebelum_produk_dijual,train,,,,0,0,0,,,,,0,1,,
PNP,2024-05-06,2024,2,5,19,sebelum_produk_dijual,train,,,,0,0,0,,,,,1,0,,
PNP,2024-05-13,2024,2,5,20,sebelum_produk_dijual,train,,,,0,0,0,,,,,0,0,,
PNP,2024-05-20,2024,2,5,21,sebelum_produk_dijual,train,,,,0,0,0,,,,,0,1,,
PNP,2024-05-27,2024,2,5,22,sebelum_produk_dijual,train,,,,0,0,0,,,,,0,0,,
PNP,2024-06-03,2024,2,6,23,sebelum_produk_dijual,train,,,,0,0,0,,,,,0,1,,
PNP,2024-06-10,2024,2,6,24,sebelum_produk_dijual,train,,,,0,0,0,,,,,0,1,,
PNP,2024-06-17,2024,2,6,25,sebelum_produk_dijual,train,,,,0,0,0,,,,,1,1,,
PNP,2024-06-24,2024,2,6,26,sebelum_produk_dijual,train,,,,0,0,0,,,,,1,1,,
PNP,2024-07-01,2024,3,7,27,sebelum_produk_dijual,train,,,,0,0,0,,,,,0,1,,
PNP,2024-07-08,2024,3,7,28,sebelum_produk_dijual,train,,,,0,0,0,,,,,0,0,,
PNP,2024-07-15,2024,3,7,29,sebelum_produk_dijual,train,,,,0,0,0,,,,,0,1,,
PNP,2024-07-22,2024,3,7,30,sebelum_produk_dijual,train,,,,0,0,0,,,,,0,0,,
PNP,2024-07-29,2024,3,7,31,sebelum_produk_dijual,train,,,,0,0,0,,,,,1,0,,
PNP,2024-08-05,2024,3,8,32,sebelum_produk_dijual,train,,,,0,0,0,,,,,0,0,,
PNP,2024-08-12,2024,3,8,33,sebelum_produk_dijual,train,,,,0,0,0,,,,,1,0,,
PNP,2024-08-19,2024,3,8,34,sebelum_produk_dijual,train,,,,0,0,0,,,,,1,0,,
PNP,2024-08-26,2024,3,8,35,sebelum_produk_dijual,train,,,,0,0,0,,,,,0,1,,
PNP,2024-09-02,2024,3,9,36,sebelum_produk_dijual,train,,,,0,0,0,,,,,1,0,,
PNP,2024-09-09,2024,3,9,37,sebelum_produk_dijual,train,,,,0,0,0,,,,,0,0,,
PNP,2024-09-16,2024,3,9,38,sebelum_produk_dijual,train,,,,0,0,0,,,,,1,0,,
PNP,2024-09-23,2024,3,9,39,sebelum_produk_dijual,train,,,,0,0,0,,,,,1,0,,
PNP,2024-09-30,2024,3,9,40,sebelum_produk_dijual,train,,,,0,0,0,,,,,0,1,,
PNP,2024-10-07,2024,4,10,41,sebelum_produk_dijual,train,,,,0,0,0,,,,,1,0,,
PNP,2024-10-14,2024,4,10,42,sebelum_produk_dijual,train,,,,0,0,0,,,,,0,0,,
PNP,2024-10-21,2024,4,10,43,tidak_tercatat,train,,,,0,0,0,,,,,0,0,,
PNP,2024-10-28,2024,4,10,44,tidak_tercatat,train,,,,0,0,0,,,,,0,0,,
PNP,2024-11-04,2024,4,11,45,tidak_tercatat,train,,,,0,0,0,,,,,0,0,,
PNP,2024-11-11,2024,4,11,46,tidak_tercatat,train,,,,0,0,0,,,,,0,0,,
PNP,2024-11-18,2024,4,11,47,tidak_tercatat,train,,,,0,0,0,,,,,0,0,,
PNP,2024-11-25,2024,4,11,48,tidak_tercatat,train,,,,0,0,0,,,,,0,0,,
PNP,2024-12-02,2024,4,12,49,tidak_tercatat,train,,,,0,0,0,,,,,0,0,,
PNP,2024-12-09,2024,4,12,50,tidak_tercatat,train,,,,0,0,0,,,,,0,0,,
PNP,2024-12-16,2024,4,12,51,tidak_tercatat,train,,,,0,0,0,,,,,0,0,,
PNP,2024-12-23,2024,4,12,52,tidak_tercatat,train,,,,0,0,0,,,,,0,0,,
PNP,2024-12-30,2024,4,12,1,tidak_tercatat,train,,,,0,0,0,,,,,0,0,,
PNP,2025-01-06,2025,1,1,2,tidak_tercatat,train,,,,0,0,0,,,,,0,0,,
PNP,2025-01-13,2025,1,1,3,tidak_tercatat,train,,,,0,0,0,,,,,0,0,,
PNP,2025-01-20,2025,1,1,4,tidak_tercatat,train,,,,0,0,0,,,,,0,0,,
PNP,2025-01-27,2025,1,1,5,sebelum_produk_dijual,train,,,,0,0,0,,,,,0,0,,
PNP,2025-02-03,2025,1,2,6,sebelum_produk_dijual,train,,,,0,0,0,,,,,0,0,,
PNP,2025-02-10,2025,1,2,7,sebelum_produk_dijual,train,,,,0,0,0,,,,,0,0,,
PNP,2025-02-17,2025,1,2,8,sebelum_produk_dijual,train,,,,0,0,0,,,,,0,0,,
PNP,2025-02-24,2025,1,2,9,sebelum_produk_dijual,train,,,,0,0,0,,,,,0,0,,
PNP,2025-03-03,2025,1,3,10,tidak_tercatat,train,,,,0,0,0,,,,,0,0,,
PNP,2025-03-10,2025,1,3,11,tidak_tercatat,train,,,,0,0,0,,,,,0,0,,
PNP,2025-03-17,2025,1,3,12,tidak_tercatat,train,,,,0,0,0,,,,,0,0,,
PNP,2025-03-24,2025,1,3,13,tidak_tercatat,train,,,,0,0,0,,,,,0,0,,
PNP,2025-03-31,2025,1,3,14,tidak_tercatat,train,,,,0,0,0,,,,,0,0,,
PNP,2025-04-07,2025,2,4,15,tidak_tercatat,train,,,,0,0,0,,,,,0,0,,
PNP,2025-04-14,2025,2,4,16,sebelum_produk_dijual,train,,,,0,0,0,,,,,0,0,,
PNP,2025-04-21,2025,2,4,17,sebelum_produk_dijual,train,,,,0,0,0,,,,,0,0,,
PNP,2025-04-28,2025,2,4,18,sebelum_produk_dijual,train,,,,0,0,0,,,,,0,0,,
PNP,2025-05-05,2025,2,5,19,sebelum_produk_dijual,train,,,,0,0,0,,,,,0,0,,
PNP,2025-05-12,2025,2,5,20,sebelum_produk_dijual,train,,,,0,0,0,,,,,0,0,,
PNP,2025-05-19,2025,2,5,21,sebelum_produk_dijual,train,,,,0,0,0,,,,,0,0,,
PNP,2025-05-26,2025,2,5,22,sebelum_produk_dijual,train,,,,0,0,0,,,,,0,0,,
PNP,2025-06-02,2025,2,6,23,sebelum_produk_dijual,train,,,,0,0,0,,,,,0,0,,
PNP,2025-06-09,2025,2,6,24,sebelum_produk_dijual,train,,,,0,0,0,,,,,1,1,,
PNP,2025-06-16,2025,2,6,25,sebelum_produk_dijual,train,,,,0,0,0,,,,,0,0,,
PNP,2025-06-23,2025,2,6,26,sebelum_produk_dijual,train,,,,0,0,0,,,,,1,1,,
PNP,2025-06-30,2025,2,6,27,sebelum_produk_dijual,train,,,,0,0,0,,,,,0,0,,
PNP,2025-07-07,2025,3,7,28,sebelum_produk_dijual,train,,,,0,0,0,,,,,0,0,,
PNP,2025-07-14,2025,3,7,29,sebelum_produk_dijual,train,,,,0,0,0,,,,,0,0,,
PNP,2025-07-21,2025,3,7,30,sebelum_produk_dijual,train,,,,0,0,0,,,,,0,0,,
PNP,2025-07-28,2025,3,7,31,sebelum_produk_dijual,train,,,,0,0,0,,,,,0,0,,
PNP,2025-08-04,2025,3,8,32,sebelum_produk_dijual,train,,,,0,0,0,,,,,0,0,,
PNP,2025-08-11,2025,3,8,33,operasional,train,2.0,2.0,1.0986122886681096,0,0,0,,10000.0,1.0,1.0,1,0,3.0,1.0
PNP,2025-08-18,2025,3,8,34,operasional,train,0.0,0.0,0.0,0,0,0,,0.0,0.0,0.0,0,0,0.0,0.0
PNP,2025-08-25,2025,3,8,35,operasional,train,0.0,0.0,0.0,0,0,0,,0.0,0.0,0.0,0,0,0.0,0.0
PNP,2025-09-01,2025,3,9,36,operasional,train,0.0,0.0,0.0,0,0,0,,0.0,0.0,0.0,0,0,0.0,0.0
PNP,2025-09-08,2025,3,9,37,operasional,train,0.0,0.0,0.0,0,0,0,,0.0,0.0,0.0,0,0,0.0,0.0
PNP,2025-09-15,2025,3,9,38,operasional,train,0.0,0.0,0.0,0,0,0,,0.0,0.0,0.0,0,0,0.0,0.0
PNP,2025-09-22,2025,3,9,39,operasional,train,0.0,0.0,0.0,0,0,0,,0.0,0.0,0.0,0,1,0.0,0.0
PNP,2025-09-29,2025,3,9,40,operasional,train,0.0,0.0,0.0,0,0,0,,0.0,0.0,0.0,0,0,0.0,0.0
PNP,2025-10-06,2025,4,10,41,operasional,train,0.0,0.0,0.0,0,0,0,,0.0,0.0,0.0,0,0,0.0,0.0
PNP,2025-10-13,2025,4,10,42,operasional,train,0.0,0.0,0.0,0,0,0,,0.0,0.0,0.0,0,0,0.0,0.0
PNP,2025-10-20,2025,4,10,43,operasional,train,0.0,0.0,0.0,0,0,0,,0.0,0.0,0.0,0,0,0.0,0.0
PNP,2025-10-27,2025,4,10,44,operasional,train,0.0,0.0,0.0,0,0,0,,0.0,0.0,0.0,0,0,0.0,0.0
PNP,2025-11-03,2025,4,11,45,operasional,train,0.0,0.0,0.0,0,0,0,,0.0,0.0,0.0,0,0,0.0,0.0
PNP,2025-11-10,2025,4,11,46,operasional,train,0.0,0.0,0.0,0,0,0,,0.0,0.0,0.0,0,0,0.0,0.0
PNP,2025-11-17,2025,4,11,47,operasional,train,0.0,0.0,0.0,0,0,0,,0.0,0.0,0.0,0,0,0.0,0.0
PNP,2025-11-24,2025,4,11,48,operasional,train,0.0,0.0,0.0,0,0,0,,0.0,0.0,0.0,0,0,0.0,0.0
PNP,2025-12-01,2025,4,12,49,operasional,train,0.0,0.0,0.0,0,0,0,,0.0,0.0,0.0,1,0,0.0,0.0
PNP,2025-12-08,2025,4,12,50,operasional,train,0.0,0.0,0.0,0,0,0,,0.0,0.0,0.0,0,0,0.0,0.0
PNP,2025-12-15,2025,4,12,51,operasional,train,0.0,0.0,0.0,0,0,0,,0.0,0.0,0.0,0,0,0.0,0.0
PNP,2025-12-22,2025,4,12,52,operasional,train,0.0,0.0,0.0,0,0,0,,0.0,0.0,0.0,0,0,0.0,0.0
PNP,2025-12-29,2025,4,12,1,operasional,train,0.0,0.0,0.0,0,0,0,,0.0,0.0,0.0,0,0,0.0,0.0
PNP,2026-01-05,2026,1,1,2,operasional,train,0.0,0.0,0.0,0,0,0,,0.0,0.0,0.0,0,0,0.0,0.0
PNP,2026-01-12,2026,1,1,3,operasional,train,0.0,0.0,0.0,0,0,0,,0.0,0.0,0.0,0,0,0.0,0.0
PNP,2026-01-19,2026,1,1,4,operasional,train,0.0,0.0,0.0,0,0,0,,0.0,0.0,0.0,0,0,0.0,0.0
PNP,2026-01-26,2026,1,1,5,operasional,train,0.0,0.0,0.0,0,0,0,,0.0,0.0,0.0,0,0,0.0,0.0
PNP,2026-02-02,2026,1,2,6,operasional,train,0.0,0.0,0.0,0,0,0,,0.0,0.0,0.0,1,0,0.0,0.0
PNP,2026-02-09,2026,1,2,7,operasional,train,0.0,0.0,0.0,0,0,0,,0.0,0.0,0.0,0,0,0.0,0.0
PNP,2026-02-16,2026,1,2,8,operasional,train,0.0,0.0,0.0,0,0,0,,0.0,0.0,0.0,0,0,0.0,0.0
PNP,2026-02-23,2026,1,2,9,operasional,train,0.0,0.0,0.0,0,0,0,,0.0,0.0,0.0,0,0,0.0,0.0
PNP,2026-03-02,2026,1,3,10,operasional,train,0.0,0.0,0.0,0,0,0,,0.0,0.0,0.0,0,0,0.0,0.0
PNP,2026-03-09,2026,1,3,11,operasional,train,0.0,0.0,0.0,0,0,0,,0.0,0.0,0.0,0,0,0.0,0.0
PNP,2026-03-16,2026,1,3,12,operasional,train,0.0,0.0,0.0,0,0,0,,0.0,0.0,0.0,1,0,0.0,0.0
PNP,2026-03-23,2026,1,3,13,operasional,train,0.0,0.0,0.0,0,0,0,,0.0,0.0,0.0,0,0,0.0,0.0
PNP,2026-03-30,2026,1,3,14,operasional,train,0.0,0.0,0.0,0,0,0,,0.0,0.0,0.0,1,0,0.0,0.0
PNP,2026-04-06,2026,2,4,15,operasional,test,0.0,0.0,0.0,0,0,0,,0.0,0.0,0.0,0,0,0.0,0.0
PNP,2026-04-13,2026,2,4,16,operasional,test,0.0,0.0,0.0,0,0,0,,0.0,0.0,0.0,0,1,0.0,0.0
PNP,2026-04-20,2026,2,4,17,operasional,test,0.0,0.0,0.0,0,0,0,,0.0,0.0,0.0,0,0,0.0,0.0
PNP,2026-04-27,2026,2,4,18,operasional,test,0.0,0.0,0.0,0,0,0,,0.0,0.0,0.0,0,0,0.0,0.0
PNP,2026-05-04,2026,2,5,19,operasional,test,0.0,0.0,0.0,0,0,0,,0.0,0.0,0.0,1,0,0.0,0.0
PNP,2026-05-11,2026,2,5,20,operasional,test,0.0,0.0,0.0,0,0,0,,0.0,0.0,0.0,0,1,0.0,0.0
PNP,2026-05-18,2026,2,5,21,operasional,test,0.0,0.0,0.0,0,0,0,,0.0,0.0,0.0,0,0,0.0,0.0
PNP,2026-05-25,2026,2,5,22,operasional,test,0.0,0.0,0.0,0,0,0,,0.0,0.0,0.0,0,0,0.0,0.0
PNP,2026-06-01,2026,2,6,23,operasional,test,0.0,0.0,0.0,0,0,0,,0.0,0.0,0.0,0,0,0.0,0.0
PNP,2026-06-08,2026,2,6,24,operasional,test,0.0,0.0,0.0,0,0,0,,0.0,0.0,0.0,0,0,0.0,0.0
PNP,2026-06-15,2026,2,6,25,operasional,test,0.0,0.0,0.0,0,0,0,,0.0,0.0,0.0,0,0,0.0,0.0
PNP,2026-06-22,2026,2,6,26,operasional,test,0.0,0.0,0.0,0,0,0,,0.0,0.0,0.0,1,0,0.0,0.0
PNP,2026-06-29,2026,2,6,27,operasional,test,0.0,0.0,0.0,0,0,0,,0.0,0.0,0.0,0,1,0.0,0.0
PNP,2026-07-06,2026,3,7,28,operasional,test,0.0,0.0,0.0,0,0,0,,0.0,0.0,0.0,0,0,0.0,0.0
PNP,2026-07-13,2026,3,7,29,operasional,test,0.0,0.0,0.0,0,0,0,,0.0,0.0,0.0,0,0,0.0,0.0
PNP,2026-07-20,2026,3,7,30,operasional,test,0.0,0.0,0.0,0,0,0,,0.0,0.0,0.0,1,1,0.0,0.0
PNP,2026-07-27,2026,3,7,31,operasional,test,0.0,0.0,0.0,0,0,0,,0.0,0.0,0.0,0,0,0.0,0.0
PNP,2026-08-03,2026,3,8,32,operasional,test,0.0,0.0,0.0,0,0,0,,0.0,0.0,0.0,0,0,0.0,0.0
PNP,2026-08-10,2026,3,8,33,operasional,test,0.0,0.0,0.0,0,0,0,,0.0,0.0,0.0,0,1,0.0,0.0
PNP,2026-08-17,2026,3,8,34,operasional,test,0.0,0.0,0.0,0,0,0,,0.0,0.0,0.0,0,1,0.0,0.0
PNP,2026-08-24,2026,3,8,35,operasional,test,0.0,0.0,0.0,0,0,0,,0.0,0.0,0.0,1,0,0.0,0.0
PNP,2026-08-31,2026,3,8,36,operasional,test,0.0,0.0,0.0,0,0,0,,0.0,0.0,0.0,0,1,0.0,0.0
PNP,2026-09-07,2026,3,9,37,operasional,test,0.0,0.0,0.0,0,0,0,,0.0,0.0,0.0,0,0,0.0,0.0
PNP,2026-09-14,2026,3,9,38,operasional,test,0.0,0.0,0.0,0,0,0,,0.0,0.0,0.0,1,1,0.0,0.0
PNP,2026-09-21,2026,3,9,39,operasional,test,0.0,0.0,0.0,0,0,0,,0.0,0.0,0.0,0,0,0.0,0.0
PPK,2024-01-01,2024,1,1,1,sebelum_produk_dijual,train,,,,0,0,0,16.42770851179144,,,,1,0,,
PPK,2024-01-08,2024,1,1,2,sebelum_produk_dijual,train,,,,0,0,0,16.42770851179144,,,,1,0,,
PPK,2024-01-15,2024,1,1,3,sebelum_produk_dijual,train,,,,0,0,0,16.42770851179144,,,,0,0,,
PPK,2024-01-22,2024,1,1,4,sebelum_produk_dijual,train,,,,0,0,0,16.42770851179144,,,,0,0,,
PPK,2024-01-29,2024,1,1,5,sebelum_produk_dijual,train,,,,0,0,0,16.42770851179144,,,,0,0,,
PPK,2024-02-05,2024,1,2,6,sebelum_produk_dijual,train,,,,0,0,0,16.42770851179144,,,,1,0,,
PPK,2024-02-12,2024,1,2,7,sebelum_produk_dijual,train,,,,0,0,0,16.42770851179144,,,,1,0,,
PPK,2024-02-19,2024,1,2,8,sebelum_produk_dijual,train,,,,0,0,0,16.42770851179144,,,,0,0,,
PPK,2024-02-26,2024,1,2,9,sebelum_produk_dijual,train,,,,0,0,0,16.42770851179144,,,,1,0,,
PPK,2024-03-04,2024,1,3,10,sebelum_produk_dijual,train,,,,0,0,0,16.42770851179144,,,,0,0,,
PPK,2024-03-11,2024,1,3,11,sebelum_produk_dijual,train,,,,0,0,0,16.42770851179144,,,,1,0,,
PPK,2024-03-18,2024,1,3,12,sebelum_produk_dijual,train,,,,0,0,0,16.42770851179144,,,,1,0,,
PPK,2024-03-25,2024,1,3,13,sebelum_produk_dijual,train,,,,0,0,0,16.42770851179144,,,,0,1,,
PPK,2024-04-01,2024,2,4,14,sebelum_produk_dijual,train,,,,0,0,0,16.42770851179144,,,,1,0,,
PPK,2024-04-08,2024,2,4,15,sebelum_produk_dijual,train,,,,0,0,0,16.42770851179144,,,,0,0,,
PPK,2024-04-15,2024,2,4,16,sebelum_produk_dijual,train,,,,0,0,0,16.42770851179144,,,,1,0,,
PPK,2024-04-22,2024,2,4,17,sebelum_produk_dijual,train,,,,0,0,0,16.42770851179144,,,,1,0,,
PPK,2024-04-29,2024,2,4,18,sebelum_produk_dijual,train,,,,0,0,0,16.42770851179144,,,,0,1,,
PPK,2024-05-06,2024,2,5,19,sebelum_produk_dijual,train,,,,0,0,0,16.42770851179144,,,,1,0,,
PPK,2024-05-13,2024,2,5,20,sebelum_produk_dijual,train,,,,0,0,0,16.42770851179144,,,,0,0,,
PPK,2024-05-20,2024,2,5,21,sebelum_produk_dijual,train,,,,0,0,0,16.42770851179144,,,,0,1,,
PPK,2024-05-27,2024,2,5,22,operasional,train,9.0,9.0,2.302585092994046,0,0,0,16.42770851179144,150000.0,1.0,1.0,0,0,30.0,1.0
PPK,2024-06-03,2024,2,6,23,operasional,train,0.0,0.0,0.0,0,0,0,16.42770851179144,0.0,0.0,0.0,0,1,0.0,0.0
PPK,2024-06-10,2024,2,6,24,operasional,train,5.0,5.0,1.791759469228055,0,0,0,16.42770851179144,85000.0,3.0,2.0,0,1,0.0,0.0
PPK,2024-06-17,2024,2,6,25,operasional,train,0.0,0.0,0.0,0,0,0,16.42770851179144,0.0,0.0,0.0,1,1,0.0,0.0
PPK,2024-06-24,2024,2,6,26,operasional,train,4.0,4.0,1.6094379124341003,0,0,0,16.42770851179144,68000.0,1.0,1.0,1,1,0.0,0.0
PPK,2024-07-01,2024,3,7,27,operasional,train,0.0,0.0,0.0,0,0,0,16.42770851179144,0.0,0.0,0.0,0,1,0.0,0.0
PPK,2024-07-08,2024,3,7,28,operasional,train,7.0,7.0,2.0794415416798357,0,0,0,16.42770851179144,119000.0,1.0,1.0,0,0,0.0,0.0
PPK,2024-07-15,2024,3,7,29,operasional,train,0.0,0.0,0.0,0,0,0,16.42770851179144,0.0,0.0,0.0,0,1,0.0,0.0
PPK,2024-07-22,2024,3,7,30,operasional,train,0.0,0.0,0.0,0,0,0,16.42770851179144,0.0,0.0,0.0,0,0,0.0,0.0
PPK,2024-07-29,2024,3,7,31,operasional,train,0.0,0.0,0.0,0,0,0,16.42770851179144,0.0,0.0,0.0,1,0,0.0,0.0
PPK,2024-08-05,2024,3,8,32,operasional,train,0.0,0.0,0.0,0,0,0,16.42770851179144,0.0,0.0,0.0,0,0,0.0,0.0
PPK,2024-08-12,2024,3,8,33,operasional,train,0.0,0.0,0.0,0,0,0,16.42770851179144,0.0,0.0,0.0,1,0,0.0,0.0
PPK,2024-08-19,2024,3,8,34,operasional,train,0.0,0.0,0.0,0,0,0,16.42770851179144,0.0,0.0,0.0,1,0,0.0,0.0
PPK,2024-08-26,2024,3,8,35,operasional,train,0.0,0.0,0.0,0,0,0,16.42770851179144,0.0,0.0,0.0,0,1,0.0,0.0
PPK,2024-09-02,2024,3,9,36,operasional,train,0.0,0.0,0.0,0,0,0,16.42770851179144,0.0,0.0,0.0,1,0,0.0,0.0
PPK,2024-09-09,2024,3,9,37,operasional,train,0.0,0.0,0.0,0,0,0,16.42770851179144,0.0,0.0,0.0,0,0,0.0,0.0
PPK,2024-09-16,2024,3,9,38,operasional,train,0.0,0.0,0.0,0,0,0,16.42770851179144,0.0,0.0,0.0,1,0,0.0,0.0
PPK,2024-09-23,2024,3,9,39,operasional,train,0.0,0.0,0.0,0,0,0,16.42770851179144,0.0,0.0,0.0,1,0,0.0,0.0
PPK,2024-09-30,2024,3,9,40,operasional,train,0.0,0.0,0.0,0,0,0,16.42770851179144,0.0,0.0,0.0,0,1,0.0,0.0
PPK,2024-10-07,2024,4,10,41,operasional,train,0.0,0.0,0.0,0,0,0,16.42770851179144,0.0,0.0,0.0,1,0,0.0,0.0
PPK,2024-10-14,2024,4,10,42,operasional,train,0.0,0.0,0.0,0,0,0,16.42770851179144,0.0,0.0,0.0,0,0,0.0,0.0
PPK,2024-10-21,2024,4,10,43,tidak_tercatat,train,,,,0,0,0,16.42770851179144,,,,0,0,,
PPK,2024-10-28,2024,4,10,44,tidak_tercatat,train,,,,0,0,0,16.42770851179144,,,,0,0,,
PPK,2024-11-04,2024,4,11,45,tidak_tercatat,train,,,,0,0,0,16.42770851179144,,,,0,0,,
PPK,2024-11-11,2024,4,11,46,tidak_tercatat,train,,,,0,0,0,16.42770851179144,,,,0,0,,
PPK,2024-11-18,2024,4,11,47,tidak_tercatat,train,,,,0,0,0,16.42770851179144,,,,0,0,,
PPK,2024-11-25,2024,4,11,48,tidak_tercatat,train,,,,0,0,0,16.42770851179144,,,,0,0,,
PPK,2024-12-02,2024,4,12,49,tidak_tercatat,train,,,,0,0,0,16.42770851179144,,,,0,0,,
PPK,2024-12-09,2024,4,12,50,tidak_tercatat,train,,,,0,0,0,16.42770851179144,,,,0,0,,
PPK,2024-12-16,2024,4,12,51,tidak_tercatat,train,,,,0,0,0,16.42770851179144,,,,0,0,,
PPK,2024-12-23,2024,4,12,52,tidak_tercatat,train,,,,0,0,0,16.42770851179144,,,,0,0,,
PPK,2024-12-30,2024,4,12,1,tidak_tercatat,train,,,,0,0,0,16.42770851179144,,,,0,0,,
PPK,2025-01-06,2025,1,1,2,tidak_tercatat,train,,,,0,0,0,16.42770851179144,,,,0,0,,
PPK,2025-01-13,2025,1,1,3,tidak_tercatat,train,,,,0,0,0,16.42770851179144,,,,0,0,,
PPK,2025-01-20,2025,1,1,4,tidak_tercatat,train,,,,0,0,0,16.42770851179144,,,,0,0,,
PPK,2025-01-27,2025,1,1,5,operasional,train,0.0,0.0,0.0,0,0,0,16.42770851179144,0.0,0.0,0.0,0,0,0.0,0.0
PPK,2025-02-03,2025,1,2,6,operasional,train,0.0,0.0,0.0,0,0,0,16.42770851179144,0.0,0.0,0.0,0,0,0.0,0.0
PPK,2025-02-10,2025,1,2,7,operasional,train,0.0,0.0,0.0,0,0,0,16.42770851179144,0.0,0.0,0.0,0,0,0.0,0.0
PPK,2025-02-17,2025,1,2,8,operasional,train,0.0,0.0,0.0,0,0,0,16.42770851179144,0.0,0.0,0.0,0,0,0.0,0.0
PPK,2025-02-24,2025,1,2,9,operasional,train,0.0,0.0,0.0,0,0,0,16.42770851179144,0.0,0.0,0.0,0,0,0.0,0.0
PPK,2025-03-03,2025,1,3,10,tidak_tercatat,train,,,,0,0,0,16.42770851179144,,,,0,0,,
PPK,2025-03-10,2025,1,3,11,tidak_tercatat,train,,,,0,0,0,16.42770851179144,,,,0,0,,
PPK,2025-03-17,2025,1,3,12,tidak_tercatat,train,,,,0,0,0,16.42770851179144,,,,0,0,,
PPK,2025-03-24,2025,1,3,13,tidak_tercatat,train,,,,0,0,0,16.42770851179144,,,,0,0,,
PPK,2025-03-31,2025,1,3,14,tidak_tercatat,train,,,,0,0,0,16.42770851179144,,,,0,0,,
PPK,2025-04-07,2025,2,4,15,tidak_tercatat,train,,,,0,0,0,16.42770851179144,,,,0,0,,
PPK,2025-04-14,2025,2,4,16,operasional,train,0.0,0.0,0.0,0,0,0,16.42770851179144,0.0,0.0,0.0,0,0,0.0,0.0
PPK,2025-04-21,2025,2,4,17,operasional,train,0.0,0.0,0.0,0,0,0,16.42770851179144,0.0,0.0,0.0,0,0,0.0,0.0
PPK,2025-04-28,2025,2,4,18,operasional,train,0.0,0.0,0.0,0,0,0,16.42770851179144,0.0,0.0,0.0,0,0,0.0,0.0
PPK,2025-05-05,2025,2,5,19,operasional,train,0.0,0.0,0.0,0,0,0,16.42770851179144,0.0,0.0,0.0,0,0,0.0,0.0
PPK,2025-05-12,2025,2,5,20,operasional,train,0.0,0.0,0.0,0,0,0,16.42770851179144,0.0,0.0,0.0,0,0,0.0,0.0
PPK,2025-05-19,2025,2,5,21,operasional,train,0.0,0.0,0.0,0,0,0,16.42770851179144,0.0,0.0,0.0,0,0,0.0,0.0
PPK,2025-05-26,2025,2,5,22,operasional,train,0.0,0.0,0.0,0,0,0,16.42770851179144,0.0,0.0,0.0,0,0,0.0,0.0
PPK,2025-06-02,2025,2,6,23,operasional,train,8.0,8.0,2.1972245773362196,0,0,0,16.42770851179144,136000.0,2.0,2.0,0,0,25.0,1.0
PPK,2025-06-09,2025,2,6,24,operasional,train,0.0,0.0,0.0,0,0,0,16.42770851179144,0.0,0.0,0.0,1,1,0.0,0.0
PPK,2025-06-16,2025,2,6,25,operasional,train,0.0,0.0,0.0,0,0,0,16.42770851179144,0.0,0.0,0.0,0,0,0.0,0.0
PPK,2025-06-23,2025,2,6,26,operasional,train,0.0,0.0,0.0,0,0,0,16.42770851179144,0.0,0.0,0.0,1,1,0.0,0.0
PPK,2025-06-30,2025,2,6,27,operasional,train,0.0,0.0,0.0,0,0,0,16.42770851179144,0.0,0.0,0.0,0,0,0.0,0.0
PPK,2025-07-07,2025,3,7,28,operasional,train,0.0,0.0,0.0,0,0,0,16.42770851179144,0.0,0.0,0.0,0,0,0.0,0.0
PPK,2025-07-14,2025,3,7,29,operasional,train,0.0,0.0,0.0,0,0,0,16.42770851179144,0.0,0.0,0.0,0,0,0.0,0.0
PPK,2025-07-21,2025,3,7,30,operasional,train,0.0,0.0,0.0,0,0,0,16.42770851179144,0.0,0.0,0.0,0,0,0.0,0.0
PPK,2025-07-28,2025,3,7,31,operasional,train,0.0,0.0,0.0,0,0,0,16.42770851179144,0.0,0.0,0.0,0,0,0.0,0.0
PPK,2025-08-04,2025,3,8,32,operasional,train,0.0,0.0,0.0,0,0,0,16.42770851179144,0.0,0.0,0.0,0,0,0.0,0.0
PPK,2025-08-11,2025,3,8,33,operasional,train,0.0,0.0,0.0,0,0,0,16.42770851179144,0.0,0.0,0.0,1,0,0.0,0.0
PPK,2025-08-18,2025,3,8,34,operasional,train,0.0,0.0,0.0,0,0,0,16.42770851179144,0.0,0.0,0.0,0,0,0.0,0.0
PPK,2025-08-25,2025,3,8,35,operasional,train,0.0,0.0,0.0,0,0,0,16.42770851179144,0.0,0.0,0.0,0,0,0.0,0.0
PPK,2025-09-01,2025,3,9,36,operasional,train,0.0,0.0,0.0,0,0,0,16.42770851179144,0.0,0.0,0.0,0,0,0.0,0.0
PPK,2025-09-08,2025,3,9,37,operasional,train,0.0,0.0,0.0,0,0,0,16.42770851179144,0.0,0.0,0.0,0,0,0.0,0.0
PPK,2025-09-15,2025,3,9,38,operasional,train,0.0,0.0,0.0,0,0,0,16.42770851179144,0.0,0.0,0.0,0,0,0.0,0.0
PPK,2025-09-22,2025,3,9,39,operasional,train,0.0,0.0,0.0,0,0,0,16.42770851179144,0.0,0.0,0.0,0,1,0.0,0.0
PPK,2025-09-29,2025,3,9,40,operasional,train,0.0,0.0,0.0,0,0,0,16.42770851179144,0.0,0.0,0.0,0,0,0.0,0.0
PPK,2025-10-06,2025,4,10,41,operasional,train,0.0,0.0,0.0,0,0,0,16.42770851179144,0.0,0.0,0.0,0,0,0.0,0.0
PPK,2025-10-13,2025,4,10,42,operasional,train,0.0,0.0,0.0,0,0,0,16.42770851179144,0.0,0.0,0.0,0,0,0.0,0.0
PPK,2025-10-20,2025,4,10,43,operasional,train,0.0,0.0,0.0,0,0,0,16.42770851179144,0.0,0.0,0.0,0,0,0.0,0.0
PPK,2025-10-27,2025,4,10,44,operasional,train,0.0,0.0,0.0,0,0,0,16.42770851179144,0.0,0.0,0.0,0,0,0.0,0.0
PPK,2025-11-03,2025,4,11,45,operasional,train,0.0,0.0,0.0,0,0,0,16.42770851179144,0.0,0.0,0.0,0,0,0.0,0.0
PPK,2025-11-10,2025,4,11,46,operasional,train,0.0,0.0,0.0,0,0,0,16.42770851179144,0.0,0.0,0.0,0,0,0.0,0.0
PPK,2025-11-17,2025,4,11,47,operasional,train,0.0,0.0,0.0,0,0,0,16.42770851179144,0.0,0.0,0.0,0,0,0.0,0.0
PPK,2025-11-24,2025,4,11,48,operasional,train,0.0,0.0,0.0,0,0,0,16.42770851179144,0.0,0.0,0.0,0,0,0.0,0.0
PPK,2025-12-01,2025,4,12,49,operasional,train,0.0,0.0,0.0,0,0,0,16.42770851179144,0.0,0.0,0.0,1,0,0.0,0.0
PPK,2025-12-08,2025,4,12,50,operasional,train,0.0,0.0,0.0,0,0,0,16.42770851179144,0.0,0.0,0.0,0,0,0.0,0.0
PPK,2025-12-15,2025,4,12,51,operasional,train,0.0,0.0,0.0,0,0,0,16.42770851179144,0.0,0.0,0.0,0,0,0.0,0.0
PPK,2025-12-22,2025,4,12,52,operasional,train,0.0,0.0,0.0,0,0,0,16.42770851179144,0.0,0.0,0.0,0,0,0.0,0.0
PPK,2025-12-29,2025,4,12,1,operasional,train,0.0,0.0,0.0,0,0,0,16.42770851179144,0.0,0.0,0.0,0,0,0.0,0.0
PPK,2026-01-05,2026,1,1,2,operasional,train,0.0,0.0,0.0,0,0,0,16.42770851179144,0.0,0.0,0.0,0,0,0.0,0.0
PPK,2026-01-12,2026,1,1,3,operasional,train,0.0,0.0,0.0,0,0,0,16.42770851179144,0.0,0.0,0.0,0,0,0.0,0.0
PPK,2026-01-19,2026,1,1,4,operasional,train,0.0,0.0,0.0,0,0,0,16.42770851179144,0.0,0.0,0.0,0,0,0.0,0.0
PPK,2026-01-26,2026,1,1,5,operasional,train,2.0,2.0,1.0986122886681096,0,0,0,16.42770851179144,34000.0,1.0,1.0,0,0,16.5,1.0
PPK,2026-02-02,2026,1,2,6,operasional,train,0.0,0.0,0.0,0,0,0,16.42770851179144,0.0,0.0,0.0,1,0,0.0,0.0
PPK,2026-02-09,2026,1,2,7,operasional,train,4.0,4.0,1.6094379124341003,0,0,0,16.42770851179144,68000.0,1.0,1.0,0,0,0.0,0.0
PPK,2026-02-16,2026,1,2,8,operasional,train,0.0,0.0,0.0,0,0,0,16.42770851179144,0.0,0.0,0.0,0,0,0.0,0.0
PPK,2026-02-23,2026,1,2,9,operasional,train,0.0,0.0,0.0,0,0,0,16.42770851179144,0.0,0.0,0.0,0,0,0.0,0.0
PPK,2026-03-02,2026,1,3,10,operasional,train,4.0,4.0,1.6094379124341003,0,0,0,16.42770851179144,68000.0,1.0,1.0,0,0,0.0,0.0
PPK,2026-03-09,2026,1,3,11,operasional,train,0.0,0.0,0.0,0,0,0,16.42770851179144,0.0,0.0,0.0,0,0,0.0,0.0
PPK,2026-03-16,2026,1,3,12,operasional,train,0.0,0.0,0.0,0,0,0,16.42770851179144,0.0,0.0,0.0,1,0,0.0,0.0
PPK,2026-03-23,2026,1,3,13,operasional,train,0.0,0.0,0.0,0,0,0,16.42770851179144,0.0,0.0,0.0,0,0,0.0,0.0
PPK,2026-03-30,2026,1,3,14,operasional,train,0.0,0.0,0.0,0,0,0,16.42770851179144,0.0,0.0,0.0,1,0,0.0,0.0
PPK,2026-04-06,2026,2,4,15,operasional,test,0.0,0.0,0.0,0,0,0,16.42770851179144,0.0,0.0,0.0,0,0,0.0,0.0
PPK,2026-04-13,2026,2,4,16,operasional,test,0.0,0.0,0.0,0,0,0,16.42770851179144,0.0,0.0,0.0,0,1,0.0,0.0
PPK,2026-04-20,2026,2,4,17,operasional,test,2.0,2.0,1.0986122886681096,0,0,0,16.42770851179144,34000.0,2.0,1.0,0,0,0.0,0.0
PPK,2026-04-27,2026,2,4,18,operasional,test,0.0,0.0,0.0,0,0,0,16.42770851179144,0.0,0.0,0.0,0,0,0.0,0.0
PPK,2026-05-04,2026,2,5,19,operasional,test,1.0,1.0,0.6931471805599453,0,0,0,16.42770851179144,17000.0,1.0,1.0,1,0,0.0,0.0
PPK,2026-05-11,2026,2,5,20,operasional,test,12.0,12.0,2.5649493574615367,0,0,0,16.42770851179144,204000.0,5.0,4.0,0,1,0.0,0.0
PPK,2026-05-18,2026,2,5,21,operasional,test,0.0,0.0,0.0,0,0,0,16.42770851179144,0.0,0.0,0.0,0,0,0.0,0.0
PPK,2026-05-25,2026,2,5,22,operasional,test,0.0,0.0,0.0,0,0,0,16.42770851179144,0.0,0.0,0.0,0,0,0.0,0.0
PPK,2026-06-01,2026,2,6,23,operasional,test,0.0,0.0,0.0,0,0,0,16.42770851179144,0.0,0.0,0.0,0,0,0.0,0.0
PPK,2026-06-08,2026,2,6,24,operasional,test,0.0,0.0,0.0,0,0,0,16.42770851179144,0.0,0.0,0.0,0,0,0.0,0.0
PPK,2026-06-15,2026,2,6,25,operasional,test,0.0,0.0,0.0,0,0,0,16.42770851179144,0.0,0.0,0.0,0,0,0.0,0.0
PPK,2026-06-22,2026,2,6,26,operasional,test,0.0,0.0,0.0,0,0,0,16.42770851179144,0.0,0.0,0.0,1,0,0.0,0.0
PPK,2026-06-29,2026,2,6,27,operasional,test,0.0,0.0,0.0,0,0,0,16.42770851179144,0.0,0.0,0.0,0,1,0.0,0.0
PPK,2026-07-06,2026,3,7,28,operasional,test,0.0,0.0,0.0,0,0,0,16.42770851179144,0.0,0.0,0.0,0,0,0.0,0.0
PPK,2026-07-13,2026,3,7,29,operasional,test,4.0,4.0,1.6094379124341003,0,0,0,16.42770851179144,68000.0,1.0,1.0,0,0,0.0,0.0
PPK,2026-07-20,2026,3,7,30,operasional,test,4.0,4.0,1.6094379124341003,0,0,0,16.42770851179144,68000.0,1.0,1.0,1,1,0.0,0.0
PPK,2026-07-27,2026,3,7,31,operasional,test,0.0,0.0,0.0,0,0,0,16.42770851179144,0.0,0.0,0.0,0,0,0.0,0.0
PPK,2026-08-03,2026,3,8,32,operasional,test,0.0,0.0,0.0,0,0,0,16.42770851179144,0.0,0.0,0.0,0,0,0.0,0.0
PPK,2026-08-10,2026,3,8,33,operasional,test,0.0,0.0,0.0,0,0,0,16.42770851179144,0.0,0.0,0.0,0,1,0.0,0.0
PPK,2026-08-17,2026,3,8,34,operasional,test,5.0,5.0,1.791759469228055,0,0,0,16.42770851179144,85000.0,3.0,2.0,0,1,0.0,0.0
PPK,2026-08-24,2026,3,8,35,operasional,test,4.0,4.0,1.6094379124341003,0,0,0,16.42770851179144,68000.0,1.0,1.0,1,0,0.0,0.0
PPK,2026-08-31,2026,3,8,36,operasional,test,0.0,0.0,0.0,0,0,0,16.42770851179144,0.0,0.0,0.0,0,1,0.0,0.0
PPK,2026-09-07,2026,3,9,37,operasional,test,4.0,4.0,1.6094379124341003,0,0,0,16.42770851179144,68000.0,1.0,1.0,0,0,0.0,0.0
PPK,2026-09-14,2026,3,9,38,operasional,test,4.0,4.0,1.6094379124341003,0,0,0,16.42770851179144,68000.0,1.0,1.0,1,1,0.0,0.0
PPK,2026-09-21,2026,3,9,39,operasional,test,0.0,0.0,0.0,0,0,0,16.42770851179144,0.0,0.0,0.0,0,0,0.0,0.0
PSK,2024-01-01,2024,1,1,1,sebelum_produk_dijual,train,,,,0,0,0,62.726203747746005,,,,1,0,,
PSK,2024-01-08,2024,1,1,2,operasional,train,17.0,17.0,2.8903717578961645,0,0,0,62.726203747746005,340000.0,2.0,2.0,1,0,21.0,1.0
PSK,2024-01-15,2024,1,1,3,operasional,train,0.0,0.0,0.0,0,0,0,62.726203747746005,0.0,0.0,0.0,0,0,0.0,0.0
PSK,2024-01-22,2024,1,1,4,operasional,train,0.0,0.0,0.0,0,0,0,62.726203747746005,0.0,0.0,0.0,0,0,0.0,0.0
PSK,2024-01-29,2024,1,1,5,operasional,train,0.0,0.0,0.0,0,0,0,62.726203747746005,0.0,0.0,0.0,0,0,0.0,0.0
PSK,2024-02-05,2024,1,2,6,operasional,train,0.0,0.0,0.0,0,0,0,62.726203747746005,0.0,0.0,0.0,1,0,0.0,0.0
PSK,2024-02-12,2024,1,2,7,operasional,train,10.0,10.0,2.3978952727983707,0,0,0,62.726203747746005,200000.0,2.0,2.0,1,0,39.0,1.0
PSK,2024-02-19,2024,1,2,8,operasional,train,0.0,0.0,0.0,0,0,0,62.726203747746005,0.0,0.0,0.0,0,0,0.0,0.0
PSK,2024-02-26,2024,1,2,9,operasional,train,0.0,0.0,0.0,0,0,0,62.726203747746005,0.0,0.0,0.0,1,0,0.0,0.0
PSK,2024-03-04,2024,1,3,10,operasional,train,0.0,0.0,0.0,0,0,0,62.726203747746005,0.0,0.0,0.0,0,0,0.0,0.0
PSK,2024-03-11,2024,1,3,11,operasional,train,0.0,0.0,0.0,0,0,0,62.726203747746005,0.0,0.0,0.0,1,0,0.0,0.0
PSK,2024-03-18,2024,1,3,12,operasional,train,13.0,13.0,2.639057329615259,0,0,0,62.726203747746005,260000.0,2.0,2.0,1,0,0.0,0.0
PSK,2024-03-25,2024,1,3,13,operasional,train,0.0,0.0,0.0,0,0,0,62.726203747746005,0.0,0.0,0.0,0,1,0.0,0.0
PSK,2024-04-01,2024,2,4,14,operasional,train,0.0,0.0,0.0,0,0,0,62.726203747746005,0.0,0.0,0.0,1,0,0.0,0.0
PSK,2024-04-08,2024,2,4,15,operasional,train,0.0,0.0,0.0,0,0,0,62.726203747746005,0.0,0.0,0.0,0,0,0.0,0.0
PSK,2024-04-15,2024,2,4,16,operasional,train,0.0,0.0,0.0,0,0,0,62.726203747746005,0.0,0.0,0.0,1,0,0.0,0.0
PSK,2024-04-22,2024,2,4,17,operasional,train,16.0,16.0,2.833213344056216,0,0,0,62.726203747746005,320000.0,2.0,2.0,1,0,0.0,0.0
PSK,2024-04-29,2024,2,4,18,operasional,train,0.0,0.0,0.0,0,0,0,62.726203747746005,0.0,0.0,0.0,0,1,0.0,0.0
PSK,2024-05-06,2024,2,5,19,operasional,train,0.0,0.0,0.0,0,0,0,62.726203747746005,0.0,0.0,0.0,1,0,0.0,0.0
PSK,2024-05-13,2024,2,5,20,operasional,train,0.0,0.0,0.0,0,0,0,62.726203747746005,0.0,0.0,0.0,0,0,0.0,0.0
PSK,2024-05-20,2024,2,5,21,operasional,train,0.0,0.0,0.0,0,0,0,62.726203747746005,0.0,0.0,0.0,0,1,0.0,0.0
PSK,2024-05-27,2024,2,5,22,operasional,train,39.0,39.0,3.6888794541139363,0,0,0,62.726203747746005,780000.0,6.0,3.0,0,0,71.0,1.0
PSK,2024-06-03,2024,2,6,23,operasional,train,32.0,32.0,3.4965075614664802,0,0,0,62.726203747746005,640000.0,4.0,3.0,0,1,0.0,0.0
PSK,2024-06-10,2024,2,6,24,operasional,train,0.0,0.0,0.0,0,0,0,62.726203747746005,0.0,0.0,0.0,0,1,0.0,0.0
PSK,2024-06-17,2024,2,6,25,operasional,train,0.0,0.0,0.0,0,0,0,62.726203747746005,0.0,0.0,0.0,1,1,0.0,0.0
PSK,2024-06-24,2024,2,6,26,operasional,train,0.0,0.0,0.0,0,0,0,62.726203747746005,0.0,0.0,0.0,1,1,0.0,0.0
PSK,2024-07-01,2024,3,7,27,operasional,train,0.0,0.0,0.0,0,0,0,62.726203747746005,0.0,0.0,0.0,0,1,0.0,0.0
PSK,2024-07-08,2024,3,7,28,operasional,train,38.0,38.0,3.6635616461296463,0,0,0,62.726203747746005,760000.0,6.0,3.0,0,0,91.0,1.0
PSK,2024-07-15,2024,3,7,29,operasional,train,24.0,24.0,3.2188758248682006,0,0,0,62.726203747746005,480000.0,4.0,3.0,0,1,0.0,0.0
PSK,2024-07-22,2024,3,7,30,operasional,train,0.0,0.0,0.0,0,0,0,62.726203747746005,0.0,0.0,0.0,0,0,0.0,0.0
PSK,2024-07-29,2024,3,7,31,operasional,train,0.0,0.0,0.0,0,0,0,62.726203747746005,0.0,0.0,0.0,1,0,0.0,0.0
PSK,2024-08-05,2024,3,8,32,operasional,train,0.0,0.0,0.0,0,0,0,62.726203747746005,0.0,0.0,0.0,0,0,0.0,0.0
PSK,2024-08-12,2024,3,8,33,operasional,train,0.0,0.0,0.0,0,0,0,62.726203747746005,0.0,0.0,0.0,1,0,0.0,0.0
PSK,2024-08-19,2024,3,8,34,operasional,train,13.0,13.0,2.639057329615259,0,0,0,62.726203747746005,260000.0,2.0,2.0,1,0,0.0,0.0
PSK,2024-08-26,2024,3,8,35,operasional,train,0.0,0.0,0.0,0,0,0,62.726203747746005,0.0,0.0,0.0,0,1,0.0,0.0
PSK,2024-09-02,2024,3,9,36,operasional,train,0.0,0.0,0.0,0,0,0,62.726203747746005,0.0,0.0,0.0,1,0,0.0,0.0
PSK,2024-09-09,2024,3,9,37,operasional,train,0.0,0.0,0.0,0,0,0,62.726203747746005,0.0,0.0,0.0,0,0,0.0,0.0
PSK,2024-09-16,2024,3,9,38,operasional,train,0.0,0.0,0.0,0,0,0,62.726203747746005,0.0,0.0,0.0,1,0,0.0,0.0
PSK,2024-09-23,2024,3,9,39,operasional,train,16.0,16.0,2.833213344056216,0,0,0,62.726203747746005,320000.0,2.0,2.0,1,0,0.0,0.0
PSK,2024-09-30,2024,3,9,40,operasional,train,0.0,0.0,0.0,0,0,0,62.726203747746005,0.0,0.0,0.0,0,1,0.0,0.0
PSK,2024-10-07,2024,4,10,41,operasional,train,0.0,0.0,0.0,0,0,0,62.726203747746005,0.0,0.0,0.0,1,0,0.0,0.0
PSK,2024-10-14,2024,4,10,42,operasional,train,0.0,0.0,0.0,0,0,0,62.726203747746005,0.0,0.0,0.0,0,0,0.0,0.0
PSK,2024-10-21,2024,4,10,43,tidak_tercatat,train,,,,0,0,0,62.726203747746005,,,,0,0,,
PSK,2024-10-28,2024,4,10,44,tidak_tercatat,train,,,,0,0,0,62.726203747746005,,,,0,0,,
PSK,2024-11-04,2024,4,11,45,tidak_tercatat,train,,,,0,0,0,62.726203747746005,,,,0,0,,
PSK,2024-11-11,2024,4,11,46,tidak_tercatat,train,,,,0,0,0,62.726203747746005,,,,0,0,,
PSK,2024-11-18,2024,4,11,47,tidak_tercatat,train,,,,0,0,0,62.726203747746005,,,,0,0,,
PSK,2024-11-25,2024,4,11,48,tidak_tercatat,train,,,,0,0,0,62.726203747746005,,,,0,0,,
PSK,2024-12-02,2024,4,12,49,tidak_tercatat,train,,,,0,0,0,62.726203747746005,,,,0,0,,
PSK,2024-12-09,2024,4,12,50,tidak_tercatat,train,,,,0,0,0,62.726203747746005,,,,0,0,,
PSK,2024-12-16,2024,4,12,51,tidak_tercatat,train,,,,0,0,0,62.726203747746005,,,,0,0,,
PSK,2024-12-23,2024,4,12,52,tidak_tercatat,train,,,,0,0,0,62.726203747746005,,,,0,0,,
PSK,2024-12-30,2024,4,12,1,tidak_tercatat,train,,,,0,0,0,62.726203747746005,,,,0,0,,
PSK,2025-01-06,2025,1,1,2,tidak_tercatat,train,,,,0,0,0,62.726203747746005,,,,0,0,,
PSK,2025-01-13,2025,1,1,3,tidak_tercatat,train,,,,0,0,0,62.726203747746005,,,,0,0,,
PSK,2025-01-20,2025,1,1,4,tidak_tercatat,train,,,,0,0,0,62.726203747746005,,,,0,0,,
PSK,2025-01-27,2025,1,1,5,operasional,train,0.0,0.0,0.0,0,0,0,62.726203747746005,0.0,0.0,0.0,0,0,0.0,0.0
PSK,2025-02-03,2025,1,2,6,operasional,train,0.0,0.0,0.0,0,0,0,62.726203747746005,0.0,0.0,0.0,0,0,0.0,0.0
PSK,2025-02-10,2025,1,2,7,operasional,train,0.0,0.0,0.0,0,0,0,62.726203747746005,0.0,0.0,0.0,0,0,0.0,0.0
PSK,2025-02-17,2025,1,2,8,operasional,train,0.0,0.0,0.0,0,0,0,62.726203747746005,0.0,0.0,0.0,0,0,0.0,0.0
PSK,2025-02-24,2025,1,2,9,operasional,train,0.0,0.0,0.0,0,0,0,62.726203747746005,0.0,0.0,0.0,0,0,0.0,0.0
PSK,2025-03-03,2025,1,3,10,tidak_tercatat,train,,,,0,0,0,62.726203747746005,,,,0,0,,
PSK,2025-03-10,2025,1,3,11,tidak_tercatat,train,,,,0,0,0,62.726203747746005,,,,0,0,,
PSK,2025-03-17,2025,1,3,12,tidak_tercatat,train,,,,0,0,0,62.726203747746005,,,,0,0,,
PSK,2025-03-24,2025,1,3,13,tidak_tercatat,train,,,,0,0,0,62.726203747746005,,,,0,0,,
PSK,2025-03-31,2025,1,3,14,tidak_tercatat,train,,,,0,0,0,62.726203747746005,,,,0,0,,
PSK,2025-04-07,2025,2,4,15,tidak_tercatat,train,,,,0,0,0,62.726203747746005,,,,0,0,,
PSK,2025-04-14,2025,2,4,16,operasional,train,0.0,0.0,0.0,0,0,0,62.726203747746005,0.0,0.0,0.0,0,0,0.0,0.0
PSK,2025-04-21,2025,2,4,17,operasional,train,0.0,0.0,0.0,0,0,0,62.726203747746005,0.0,0.0,0.0,0,0,0.0,0.0
PSK,2025-04-28,2025,2,4,18,operasional,train,0.0,0.0,0.0,0,0,0,62.726203747746005,0.0,0.0,0.0,0,0,0.0,0.0
PSK,2025-05-05,2025,2,5,19,operasional,train,0.0,0.0,0.0,0,0,0,62.726203747746005,0.0,0.0,0.0,0,0,0.0,0.0
PSK,2025-05-12,2025,2,5,20,operasional,train,0.0,0.0,0.0,0,0,0,62.726203747746005,0.0,0.0,0.0,0,0,0.0,0.0
PSK,2025-05-19,2025,2,5,21,operasional,train,0.0,0.0,0.0,0,0,0,62.726203747746005,0.0,0.0,0.0,0,0,0.0,0.0
PSK,2025-05-26,2025,2,5,22,operasional,train,0.0,0.0,0.0,0,0,0,62.726203747746005,0.0,0.0,0.0,0,0,0.0,0.0
PSK,2025-06-02,2025,2,6,23,operasional,train,0.0,0.0,0.0,0,0,0,62.726203747746005,0.0,0.0,0.0,0,0,0.0,0.0
PSK,2025-06-09,2025,2,6,24,operasional,train,0.0,0.0,0.0,0,0,0,62.726203747746005,0.0,0.0,0.0,1,1,0.0,0.0
PSK,2025-06-16,2025,2,6,25,operasional,train,0.0,0.0,0.0,0,0,0,62.726203747746005,0.0,0.0,0.0,0,0,0.0,0.0
PSK,2025-06-23,2025,2,6,26,operasional,train,0.0,0.0,0.0,0,0,0,62.726203747746005,0.0,0.0,0.0,1,1,0.0,0.0
PSK,2025-06-30,2025,2,6,27,operasional,train,0.0,0.0,0.0,0,0,0,62.726203747746005,0.0,0.0,0.0,0,0,0.0,0.0
PSK,2025-07-07,2025,3,7,28,operasional,train,0.0,0.0,0.0,0,0,0,62.726203747746005,0.0,0.0,0.0,0,0,0.0,0.0
PSK,2025-07-14,2025,3,7,29,operasional,train,5.0,5.0,1.791759469228055,0,0,0,62.726203747746005,100000.0,3.0,1.0,0,0,74.0,1.0
PSK,2025-07-21,2025,3,7,30,operasional,train,0.0,0.0,0.0,0,0,0,62.726203747746005,0.0,0.0,0.0,0,0,0.0,0.0
PSK,2025-07-28,2025,3,7,31,operasional,train,0.0,0.0,0.0,0,0,0,62.726203747746005,0.0,0.0,0.0,0,0,0.0,0.0
PSK,2025-08-04,2025,3,8,32,operasional,train,1.0,1.0,0.6931471805599453,0,0,0,62.726203747746005,20000.0,1.0,1.0,0,0,0.0,0.0
PSK,2025-08-11,2025,3,8,33,operasional,train,0.0,0.0,0.0,0,0,0,62.726203747746005,0.0,0.0,0.0,1,0,0.0,0.0
PSK,2025-08-18,2025,3,8,34,operasional,train,0.0,0.0,0.0,0,0,0,62.726203747746005,0.0,0.0,0.0,0,0,0.0,0.0
PSK,2025-08-25,2025,3,8,35,operasional,train,0.0,0.0,0.0,0,0,0,62.726203747746005,0.0,0.0,0.0,0,0,0.0,0.0
PSK,2025-09-01,2025,3,9,36,operasional,train,0.0,0.0,0.0,0,0,0,62.726203747746005,0.0,0.0,0.0,0,0,0.0,0.0
PSK,2025-09-08,2025,3,9,37,operasional,train,0.0,0.0,0.0,0,0,0,62.726203747746005,0.0,0.0,0.0,0,0,0.0,0.0
PSK,2025-09-15,2025,3,9,38,operasional,train,0.0,0.0,0.0,0,0,0,62.726203747746005,0.0,0.0,0.0,0,0,0.0,0.0
PSK,2025-09-22,2025,3,9,39,operasional,train,0.0,0.0,0.0,0,0,0,62.726203747746005,0.0,0.0,0.0,0,1,0.0,0.0
PSK,2025-09-29,2025,3,9,40,operasional,train,0.0,0.0,0.0,0,0,0,62.726203747746005,0.0,0.0,0.0,0,0,0.0,0.0
PSK,2025-10-06,2025,4,10,41,operasional,train,0.0,0.0,0.0,0,0,0,62.726203747746005,0.0,0.0,0.0,0,0,0.0,0.0
PSK,2025-10-13,2025,4,10,42,operasional,train,0.0,0.0,0.0,0,0,0,62.726203747746005,0.0,0.0,0.0,0,0,0.0,0.0
PSK,2025-10-20,2025,4,10,43,operasional,train,0.0,0.0,0.0,0,0,0,62.726203747746005,0.0,0.0,0.0,0,0,0.0,0.0
PSK,2025-10-27,2025,4,10,44,operasional,train,0.0,0.0,0.0,0,0,0,62.726203747746005,0.0,0.0,0.0,0,0,0.0,0.0
PSK,2025-11-03,2025,4,11,45,operasional,train,0.0,0.0,0.0,0,0,0,62.726203747746005,0.0,0.0,0.0,0,0,0.0,0.0
PSK,2025-11-10,2025,4,11,46,operasional,train,0.0,0.0,0.0,0,0,0,62.726203747746005,0.0,0.0,0.0,0,0,0.0,0.0
PSK,2025-11-17,2025,4,11,47,operasional,train,0.0,0.0,0.0,0,0,0,62.726203747746005,0.0,0.0,0.0,0,0,0.0,0.0
PSK,2025-11-24,2025,4,11,48,operasional,train,0.0,0.0,0.0,0,0,0,62.726203747746005,0.0,0.0,0.0,0,0,0.0,0.0
PSK,2025-12-01,2025,4,12,49,operasional,train,0.0,0.0,0.0,0,0,0,62.726203747746005,0.0,0.0,0.0,1,0,0.0,0.0
PSK,2025-12-08,2025,4,12,50,operasional,train,0.0,0.0,0.0,0,0,0,62.726203747746005,0.0,0.0,0.0,0,0,0.0,0.0
PSK,2025-12-15,2025,4,12,51,operasional,train,0.0,0.0,0.0,0,0,0,62.726203747746005,0.0,0.0,0.0,0,0,0.0,0.0
PSK,2025-12-22,2025,4,12,52,operasional,train,0.0,0.0,0.0,0,0,0,62.726203747746005,0.0,0.0,0.0,0,0,0.0,0.0
PSK,2025-12-29,2025,4,12,1,operasional,train,0.0,0.0,0.0,0,0,0,62.726203747746005,0.0,0.0,0.0,0,0,0.0,0.0
PSK,2026-01-05,2026,1,1,2,operasional,train,0.0,0.0,0.0,0,0,0,62.726203747746005,0.0,0.0,0.0,0,0,0.0,0.0
PSK,2026-01-12,2026,1,1,3,operasional,train,0.0,0.0,0.0,0,0,0,62.726203747746005,0.0,0.0,0.0,0,0,0.0,0.0
PSK,2026-01-19,2026,1,1,4,operasional,train,0.0,0.0,0.0,0,0,0,62.726203747746005,0.0,0.0,0.0,0,0,0.0,0.0
PSK,2026-01-26,2026,1,1,5,operasional,train,0.0,0.0,0.0,0,0,0,62.726203747746005,0.0,0.0,0.0,0,0,0.0,0.0
PSK,2026-02-02,2026,1,2,6,operasional,train,0.0,0.0,0.0,0,0,0,62.726203747746005,0.0,0.0,0.0,1,0,0.0,0.0
PSK,2026-02-09,2026,1,2,7,operasional,train,0.0,0.0,0.0,0,0,0,62.726203747746005,0.0,0.0,0.0,0,0,0.0,0.0
PSK,2026-02-16,2026,1,2,8,operasional,train,0.0,0.0,0.0,0,0,0,62.726203747746005,0.0,0.0,0.0,0,0,0.0,0.0
PSK,2026-02-23,2026,1,2,9,operasional,train,0.0,0.0,0.0,0,0,0,62.726203747746005,0.0,0.0,0.0,0,0,0.0,0.0
PSK,2026-03-02,2026,1,3,10,operasional,train,0.0,0.0,0.0,0,0,0,62.726203747746005,0.0,0.0,0.0,0,0,0.0,0.0
PSK,2026-03-09,2026,1,3,11,operasional,train,0.0,0.0,0.0,0,0,0,62.726203747746005,0.0,0.0,0.0,0,0,0.0,0.0
PSK,2026-03-16,2026,1,3,12,operasional,train,17.0,17.0,2.8903717578961645,0,0,0,62.726203747746005,340000.0,11.0,1.0,1,0,62.0,1.0
PSK,2026-03-23,2026,1,3,13,operasional,train,0.0,0.0,0.0,0,0,0,62.726203747746005,0.0,0.0,0.0,0,0,0.0,0.0
PSK,2026-03-30,2026,1,3,14,operasional,train,9.0,9.0,2.302585092994046,0,0,0,62.726203747746005,180000.0,6.0,4.0,1,0,0.0,0.0
PSK,2026-04-06,2026,2,4,15,operasional,test,5.0,5.0,1.791759469228055,0,0,0,62.726203747746005,100000.0,3.0,2.0,0,0,0.0,0.0
PSK,2026-04-13,2026,2,4,16,operasional,test,1.0,1.0,0.6931471805599453,0,0,0,62.726203747746005,20000.0,1.0,1.0,0,1,0.0,0.0
PSK,2026-04-20,2026,2,4,17,operasional,test,0.0,0.0,0.0,0,0,0,62.726203747746005,0.0,0.0,0.0,0,0,0.0,0.0
PSK,2026-04-27,2026,2,4,18,operasional,test,0.0,0.0,0.0,0,0,0,62.726203747746005,0.0,0.0,0.0,0,0,0.0,0.0
PSK,2026-05-04,2026,2,5,19,operasional,test,0.0,0.0,0.0,0,0,0,62.726203747746005,0.0,0.0,0.0,1,0,0.0,0.0
PSK,2026-05-11,2026,2,5,20,operasional,test,0.0,0.0,0.0,0,0,0,62.726203747746005,0.0,0.0,0.0,0,1,0.0,0.0
PSK,2026-05-18,2026,2,5,21,operasional,test,0.0,0.0,0.0,0,0,0,62.726203747746005,0.0,0.0,0.0,0,0,0.0,0.0
PSK,2026-05-25,2026,2,5,22,operasional,test,0.0,0.0,0.0,0,0,0,62.726203747746005,0.0,0.0,0.0,0,0,0.0,0.0
PSK,2026-06-01,2026,2,6,23,operasional,test,0.0,0.0,0.0,0,0,0,62.726203747746005,0.0,0.0,0.0,0,0,0.0,0.0
PSK,2026-06-08,2026,2,6,24,operasional,test,0.0,0.0,0.0,0,0,0,62.726203747746005,0.0,0.0,0.0,0,0,0.0,0.0
PSK,2026-06-15,2026,2,6,25,operasional,test,0.0,0.0,0.0,0,0,0,62.726203747746005,0.0,0.0,0.0,0,0,0.0,0.0
PSK,2026-06-22,2026,2,6,26,operasional,test,0.0,0.0,0.0,0,0,0,62.726203747746005,0.0,0.0,0.0,1,0,0.0,0.0
PSK,2026-06-29,2026,2,6,27,operasional,test,0.0,0.0,0.0,0,0,0,62.726203747746005,0.0,0.0,0.0,0,1,0.0,0.0
PSK,2026-07-06,2026,3,7,28,operasional,test,0.0,0.0,0.0,0,0,0,62.726203747746005,0.0,0.0,0.0,0,0,0.0,0.0
PSK,2026-07-13,2026,3,7,29,operasional,test,0.0,0.0,0.0,0,0,0,62.726203747746005,0.0,0.0,0.0,0,0,0.0,0.0
PSK,2026-07-20,2026,3,7,30,operasional,test,2.0,2.0,1.0986122886681096,0,0,0,62.726203747746005,40000.0,2.0,1.0,1,1,48.0,1.0
PSK,2026-07-27,2026,3,7,31,operasional,test,3.0,3.0,1.3862943611198906,0,0,0,62.726203747746005,60000.0,2.0,2.0,0,0,0.0,0.0
PSK,2026-08-03,2026,3,8,32,operasional,test,8.0,8.0,2.1972245773362196,0,0,0,62.726203747746005,160000.0,4.0,4.0,0,0,0.0,0.0
PSK,2026-08-10,2026,3,8,33,operasional,test,2.0,2.0,1.0986122886681096,0,0,0,62.726203747746005,40000.0,2.0,2.0,0,1,0.0,0.0
PSK,2026-08-17,2026,3,8,34,operasional,test,0.0,0.0,0.0,0,0,0,62.726203747746005,0.0,0.0,0.0,0,1,0.0,0.0
PSK,2026-08-24,2026,3,8,35,operasional,test,0.0,0.0,0.0,0,0,0,62.726203747746005,0.0,0.0,0.0,1,0,0.0,0.0
PSK,2026-08-31,2026,3,8,36,operasional,test,0.0,0.0,0.0,0,0,0,62.726203747746005,0.0,0.0,0.0,0,1,0.0,0.0
PSK,2026-09-07,2026,3,9,37,operasional,test,0.0,0.0,0.0,0,0,0,62.726203747746005,0.0,0.0,0.0,0,0,0.0,0.0
PSK,2026-09-14,2026,3,9,38,operasional,test,0.0,0.0,0.0,0,0,0,62.726203747746005,0.0,0.0,0.0,1,1,0.0,0.0
PSK,2026-09-21,2026,3,9,39,operasional,test,2.0,2.0,1.0986122886681096,0,0,0,62.726203747746005,40000.0,2.0,2.0,0,0,20.0,1.0
PYB,2024-01-01,2024,1,1,1,sebelum_produk_dijual,train,,,,0,0,0,,,,,1,0,,
PYB,2024-01-08,2024,1,1,2,sebelum_produk_dijual,train,,,,0,0,0,,,,,1,0,,
PYB,2024-01-15,2024,1,1,3,sebelum_produk_dijual,train,,,,0,0,0,,,,,0,0,,
PYB,2024-01-22,2024,1,1,4,sebelum_produk_dijual,train,,,,0,0,0,,,,,0,0,,
PYB,2024-01-29,2024,1,1,5,sebelum_produk_dijual,train,,,,0,0,0,,,,,0,0,,
PYB,2024-02-05,2024,1,2,6,sebelum_produk_dijual,train,,,,0,0,0,,,,,1,0,,
PYB,2024-02-12,2024,1,2,7,sebelum_produk_dijual,train,,,,0,0,0,,,,,1,0,,
PYB,2024-02-19,2024,1,2,8,sebelum_produk_dijual,train,,,,0,0,0,,,,,0,0,,
PYB,2024-02-26,2024,1,2,9,sebelum_produk_dijual,train,,,,0,0,0,,,,,1,0,,
PYB,2024-03-04,2024,1,3,10,sebelum_produk_dijual,train,,,,0,0,0,,,,,0,0,,
PYB,2024-03-11,2024,1,3,11,sebelum_produk_dijual,train,,,,0,0,0,,,,,1,0,,
PYB,2024-03-18,2024,1,3,12,sebelum_produk_dijual,train,,,,0,0,0,,,,,1,0,,
PYB,2024-03-25,2024,1,3,13,sebelum_produk_dijual,train,,,,0,0,0,,,,,0,1,,
PYB,2024-04-01,2024,2,4,14,sebelum_produk_dijual,train,,,,0,0,0,,,,,1,0,,
PYB,2024-04-08,2024,2,4,15,sebelum_produk_dijual,train,,,,0,0,0,,,,,0,0,,
PYB,2024-04-15,2024,2,4,16,sebelum_produk_dijual,train,,,,0,0,0,,,,,1,0,,
PYB,2024-04-22,2024,2,4,17,sebelum_produk_dijual,train,,,,0,0,0,,,,,1,0,,
PYB,2024-04-29,2024,2,4,18,sebelum_produk_dijual,train,,,,0,0,0,,,,,0,1,,
PYB,2024-05-06,2024,2,5,19,sebelum_produk_dijual,train,,,,0,0,0,,,,,1,0,,
PYB,2024-05-13,2024,2,5,20,sebelum_produk_dijual,train,,,,0,0,0,,,,,0,0,,
PYB,2024-05-20,2024,2,5,21,sebelum_produk_dijual,train,,,,0,0,0,,,,,0,1,,
PYB,2024-05-27,2024,2,5,22,sebelum_produk_dijual,train,,,,0,0,0,,,,,0,0,,
PYB,2024-06-03,2024,2,6,23,sebelum_produk_dijual,train,,,,0,0,0,,,,,0,1,,
PYB,2024-06-10,2024,2,6,24,sebelum_produk_dijual,train,,,,0,0,0,,,,,0,1,,
PYB,2024-06-17,2024,2,6,25,sebelum_produk_dijual,train,,,,0,0,0,,,,,1,1,,
PYB,2024-06-24,2024,2,6,26,sebelum_produk_dijual,train,,,,0,0,0,,,,,1,1,,
PYB,2024-07-01,2024,3,7,27,sebelum_produk_dijual,train,,,,0,0,0,,,,,0,1,,
PYB,2024-07-08,2024,3,7,28,sebelum_produk_dijual,train,,,,0,0,0,,,,,0,0,,
PYB,2024-07-15,2024,3,7,29,sebelum_produk_dijual,train,,,,0,0,0,,,,,0,1,,
PYB,2024-07-22,2024,3,7,30,sebelum_produk_dijual,train,,,,0,0,0,,,,,0,0,,
PYB,2024-07-29,2024,3,7,31,sebelum_produk_dijual,train,,,,0,0,0,,,,,1,0,,
PYB,2024-08-05,2024,3,8,32,sebelum_produk_dijual,train,,,,0,0,0,,,,,0,0,,
PYB,2024-08-12,2024,3,8,33,sebelum_produk_dijual,train,,,,0,0,0,,,,,1,0,,
PYB,2024-08-19,2024,3,8,34,sebelum_produk_dijual,train,,,,0,0,0,,,,,1,0,,
PYB,2024-08-26,2024,3,8,35,sebelum_produk_dijual,train,,,,0,0,0,,,,,0,1,,
PYB,2024-09-02,2024,3,9,36,sebelum_produk_dijual,train,,,,0,0,0,,,,,1,0,,
PYB,2024-09-09,2024,3,9,37,sebelum_produk_dijual,train,,,,0,0,0,,,,,0,0,,
PYB,2024-09-16,2024,3,9,38,sebelum_produk_dijual,train,,,,0,0,0,,,,,1,0,,
PYB,2024-09-23,2024,3,9,39,sebelum_produk_dijual,train,,,,0,0,0,,,,,1,0,,
PYB,2024-09-30,2024,3,9,40,sebelum_produk_dijual,train,,,,0,0,0,,,,,0,1,,
PYB,2024-10-07,2024,4,10,41,sebelum_produk_dijual,train,,,,0,0,0,,,,,1,0,,
PYB,2024-10-14,2024,4,10,42,sebelum_produk_dijual,train,,,,0,0,0,,,,,0,0,,
PYB,2024-10-21,2024,4,10,43,tidak_tercatat,train,,,,0,0,0,,,,,0,0,,
PYB,2024-10-28,2024,4,10,44,tidak_tercatat,train,,,,0,0,0,,,,,0,0,,
PYB,2024-11-04,2024,4,11,45,tidak_tercatat,train,,,,0,0,0,,,,,0,0,,
PYB,2024-11-11,2024,4,11,46,tidak_tercatat,train,,,,0,0,0,,,,,0,0,,
PYB,2024-11-18,2024,4,11,47,tidak_tercatat,train,,,,0,0,0,,,,,0,0,,
PYB,2024-11-25,2024,4,11,48,tidak_tercatat,train,,,,0,0,0,,,,,0,0,,
PYB,2024-12-02,2024,4,12,49,tidak_tercatat,train,,,,0,0,0,,,,,0,0,,
PYB,2024-12-09,2024,4,12,50,tidak_tercatat,train,,,,0,0,0,,,,,0,0,,
PYB,2024-12-16,2024,4,12,51,tidak_tercatat,train,,,,0,0,0,,,,,0,0,,
PYB,2024-12-23,2024,4,12,52,tidak_tercatat,train,,,,0,0,0,,,,,0,0,,
PYB,2024-12-30,2024,4,12,1,tidak_tercatat,train,,,,0,0,0,,,,,0,0,,
PYB,2025-01-06,2025,1,1,2,tidak_tercatat,train,,,,0,0,0,,,,,0,0,,
PYB,2025-01-13,2025,1,1,3,tidak_tercatat,train,,,,0,0,0,,,,,0,0,,
PYB,2025-01-20,2025,1,1,4,tidak_tercatat,train,,,,0,0,0,,,,,0,0,,
PYB,2025-01-27,2025,1,1,5,sebelum_produk_dijual,train,,,,0,0,0,,,,,0,0,,
PYB,2025-02-03,2025,1,2,6,sebelum_produk_dijual,train,,,,0,0,0,,,,,0,0,,
PYB,2025-02-10,2025,1,2,7,sebelum_produk_dijual,train,,,,0,0,0,,,,,0,0,,
PYB,2025-02-17,2025,1,2,8,sebelum_produk_dijual,train,,,,0,0,0,,,,,0,0,,
PYB,2025-02-24,2025,1,2,9,sebelum_produk_dijual,train,,,,0,0,0,,,,,0,0,,
PYB,2025-03-03,2025,1,3,10,tidak_tercatat,train,,,,0,0,0,,,,,0,0,,
PYB,2025-03-10,2025,1,3,11,tidak_tercatat,train,,,,0,0,0,,,,,0,0,,
PYB,2025-03-17,2025,1,3,12,tidak_tercatat,train,,,,0,0,0,,,,,0,0,,
PYB,2025-03-24,2025,1,3,13,tidak_tercatat,train,,,,0,0,0,,,,,0,0,,
PYB,2025-03-31,2025,1,3,14,tidak_tercatat,train,,,,0,0,0,,,,,0,0,,
PYB,2025-04-07,2025,2,4,15,tidak_tercatat,train,,,,0,0,0,,,,,0,0,,
PYB,2025-04-14,2025,2,4,16,sebelum_produk_dijual,train,,,,0,0,0,,,,,0,0,,
PYB,2025-04-21,2025,2,4,17,sebelum_produk_dijual,train,,,,0,0,0,,,,,0,0,,
PYB,2025-04-28,2025,2,4,18,sebelum_produk_dijual,train,,,,0,0,0,,,,,0,0,,
PYB,2025-05-05,2025,2,5,19,sebelum_produk_dijual,train,,,,0,0,0,,,,,0,0,,
PYB,2025-05-12,2025,2,5,20,sebelum_produk_dijual,train,,,,0,0,0,,,,,0,0,,
PYB,2025-05-19,2025,2,5,21,sebelum_produk_dijual,train,,,,0,0,0,,,,,0,0,,
PYB,2025-05-26,2025,2,5,22,sebelum_produk_dijual,train,,,,0,0,0,,,,,0,0,,
PYB,2025-06-02,2025,2,6,23,sebelum_produk_dijual,train,,,,0,0,0,,,,,0,0,,
PYB,2025-06-09,2025,2,6,24,sebelum_produk_dijual,train,,,,0,0,0,,,,,1,1,,
PYB,2025-06-16,2025,2,6,25,sebelum_produk_dijual,train,,,,0,0,0,,,,,0,0,,
PYB,2025-06-23,2025,2,6,26,sebelum_produk_dijual,train,,,,0,0,0,,,,,1,1,,
PYB,2025-06-30,2025,2,6,27,sebelum_produk_dijual,train,,,,0,0,0,,,,,0,0,,
PYB,2025-07-07,2025,3,7,28,sebelum_produk_dijual,train,,,,0,0,0,,,,,0,0,,
PYB,2025-07-14,2025,3,7,29,sebelum_produk_dijual,train,,,,0,0,0,,,,,0,0,,
PYB,2025-07-21,2025,3,7,30,sebelum_produk_dijual,train,,,,0,0,0,,,,,0,0,,
PYB,2025-07-28,2025,3,7,31,sebelum_produk_dijual,train,,,,0,0,0,,,,,0,0,,
PYB,2025-08-04,2025,3,8,32,sebelum_produk_dijual,train,,,,0,0,0,,,,,0,0,,
PYB,2025-08-11,2025,3,8,33,sebelum_produk_dijual,train,,,,0,0,0,,,,,1,0,,
PYB,2025-08-18,2025,3,8,34,sebelum_produk_dijual,train,,,,0,0,0,,,,,0,0,,
PYB,2025-08-25,2025,3,8,35,sebelum_produk_dijual,train,,,,0,0,0,,,,,0,0,,
PYB,2025-09-01,2025,3,9,36,sebelum_produk_dijual,train,,,,0,0,0,,,,,0,0,,
PYB,2025-09-08,2025,3,9,37,sebelum_produk_dijual,train,,,,0,0,0,,,,,0,0,,
PYB,2025-09-15,2025,3,9,38,sebelum_produk_dijual,train,,,,0,0,0,,,,,0,0,,
PYB,2025-09-22,2025,3,9,39,operasional,train,4.0,4.0,1.6094379124341003,0,0,0,,40000.0,1.0,1.0,0,1,5.0,1.0
PYB,2025-09-29,2025,3,9,40,operasional,train,0.0,0.0,0.0,0,0,0,,0.0,0.0,0.0,0,0,0.0,0.0
PYB,2025-10-06,2025,4,10,41,operasional,train,0.0,0.0,0.0,0,0,0,,0.0,0.0,0.0,0,0,0.0,0.0
PYB,2025-10-13,2025,4,10,42,operasional,train,0.0,0.0,0.0,0,0,0,,0.0,0.0,0.0,0,0,0.0,0.0
PYB,2025-10-20,2025,4,10,43,operasional,train,0.0,0.0,0.0,0,0,0,,0.0,0.0,0.0,0,0,0.0,0.0
PYB,2025-10-27,2025,4,10,44,operasional,train,0.0,0.0,0.0,0,0,0,,0.0,0.0,0.0,0,0,0.0,0.0
PYB,2025-11-03,2025,4,11,45,operasional,train,0.0,0.0,0.0,0,0,0,,0.0,0.0,0.0,0,0,0.0,0.0
PYB,2025-11-10,2025,4,11,46,operasional,train,0.0,0.0,0.0,0,0,0,,0.0,0.0,0.0,0,0,0.0,0.0
PYB,2025-11-17,2025,4,11,47,operasional,train,0.0,0.0,0.0,0,0,0,,0.0,0.0,0.0,0,0,0.0,0.0
PYB,2025-11-24,2025,4,11,48,operasional,train,0.0,0.0,0.0,0,0,0,,0.0,0.0,0.0,0,0,0.0,0.0
PYB,2025-12-01,2025,4,12,49,operasional,train,0.0,0.0,0.0,0,0,0,,0.0,0.0,0.0,1,0,0.0,0.0
PYB,2025-12-08,2025,4,12,50,operasional,train,0.0,0.0,0.0,0,0,0,,0.0,0.0,0.0,0,0,0.0,0.0
PYB,2025-12-15,2025,4,12,51,operasional,train,0.0,0.0,0.0,0,0,0,,0.0,0.0,0.0,0,0,0.0,0.0
PYB,2025-12-22,2025,4,12,52,operasional,train,0.0,0.0,0.0,0,0,0,,0.0,0.0,0.0,0,0,0.0,0.0
PYB,2025-12-29,2025,4,12,1,operasional,train,0.0,0.0,0.0,0,0,0,,0.0,0.0,0.0,0,0,0.0,0.0
PYB,2026-01-05,2026,1,1,2,operasional,train,0.0,0.0,0.0,0,0,0,,0.0,0.0,0.0,0,0,0.0,0.0
PYB,2026-01-12,2026,1,1,3,operasional,train,0.0,0.0,0.0,0,0,0,,0.0,0.0,0.0,0,0,0.0,0.0
PYB,2026-01-19,2026,1,1,4,operasional,train,0.0,0.0,0.0,0,0,0,,0.0,0.0,0.0,0,0,0.0,0.0
PYB,2026-01-26,2026,1,1,5,operasional,train,0.0,0.0,0.0,0,0,0,,0.0,0.0,0.0,0,0,0.0,0.0
PYB,2026-02-02,2026,1,2,6,operasional,train,0.0,0.0,0.0,0,0,0,,0.0,0.0,0.0,1,0,0.0,0.0
PYB,2026-02-09,2026,1,2,7,operasional,train,0.0,0.0,0.0,0,0,0,,0.0,0.0,0.0,0,0,0.0,0.0
PYB,2026-02-16,2026,1,2,8,operasional,train,0.0,0.0,0.0,0,0,0,,0.0,0.0,0.0,0,0,0.0,0.0
PYB,2026-02-23,2026,1,2,9,operasional,train,0.0,0.0,0.0,0,0,0,,0.0,0.0,0.0,0,0,0.0,0.0
PYB,2026-03-02,2026,1,3,10,operasional,train,0.0,0.0,0.0,0,0,0,,0.0,0.0,0.0,0,0,0.0,0.0
PYB,2026-03-09,2026,1,3,11,operasional,train,0.0,0.0,0.0,0,0,0,,0.0,0.0,0.0,0,0,0.0,0.0
PYB,2026-03-16,2026,1,3,12,operasional,train,0.0,0.0,0.0,0,0,0,,0.0,0.0,0.0,1,0,0.0,0.0
PYB,2026-03-23,2026,1,3,13,operasional,train,0.0,0.0,0.0,0,0,0,,0.0,0.0,0.0,0,0,0.0,0.0
PYB,2026-03-30,2026,1,3,14,operasional,train,0.0,0.0,0.0,0,0,0,,0.0,0.0,0.0,1,0,0.0,0.0
PYB,2026-04-06,2026,2,4,15,operasional,test,0.0,0.0,0.0,0,0,0,,0.0,0.0,0.0,0,0,0.0,0.0
PYB,2026-04-13,2026,2,4,16,operasional,test,0.0,0.0,0.0,0,0,0,,0.0,0.0,0.0,0,1,0.0,0.0
PYB,2026-04-20,2026,2,4,17,operasional,test,0.0,0.0,0.0,0,0,0,,0.0,0.0,0.0,0,0,0.0,0.0
PYB,2026-04-27,2026,2,4,18,operasional,test,0.0,0.0,0.0,0,0,0,,0.0,0.0,0.0,0,0,0.0,0.0
PYB,2026-05-04,2026,2,5,19,operasional,test,0.0,0.0,0.0,0,0,0,,0.0,0.0,0.0,1,0,0.0,0.0
PYB,2026-05-11,2026,2,5,20,operasional,test,0.0,0.0,0.0,0,0,0,,0.0,0.0,0.0,0,1,0.0,0.0
PYB,2026-05-18,2026,2,5,21,operasional,test,0.0,0.0,0.0,0,0,0,,0.0,0.0,0.0,0,0,0.0,0.0
PYB,2026-05-25,2026,2,5,22,operasional,test,0.0,0.0,0.0,0,0,0,,0.0,0.0,0.0,0,0,0.0,0.0
PYB,2026-06-01,2026,2,6,23,operasional,test,0.0,0.0,0.0,0,0,0,,0.0,0.0,0.0,0,0,0.0,0.0
PYB,2026-06-08,2026,2,6,24,operasional,test,0.0,0.0,0.0,0,0,0,,0.0,0.0,0.0,0,0,0.0,0.0
PYB,2026-06-15,2026,2,6,25,operasional,test,0.0,0.0,0.0,0,0,0,,0.0,0.0,0.0,0,0,0.0,0.0
PYB,2026-06-22,2026,2,6,26,operasional,test,0.0,0.0,0.0,0,0,0,,0.0,0.0,0.0,1,0,0.0,0.0
PYB,2026-06-29,2026,2,6,27,operasional,test,0.0,0.0,0.0,0,0,0,,0.0,0.0,0.0,0,1,0.0,0.0
PYB,2026-07-06,2026,3,7,28,operasional,test,0.0,0.0,0.0,0,0,0,,0.0,0.0,0.0,0,0,0.0,0.0
PYB,2026-07-13,2026,3,7,29,operasional,test,0.0,0.0,0.0,0,0,0,,0.0,0.0,0.0,0,0,0.0,0.0
PYB,2026-07-20,2026,3,7,30,operasional,test,0.0,0.0,0.0,0,0,0,,0.0,0.0,0.0,1,1,0.0,0.0
PYB,2026-07-27,2026,3,7,31,operasional,test,0.0,0.0,0.0,0,0,0,,0.0,0.0,0.0,0,0,0.0,0.0
PYB,2026-08-03,2026,3,8,32,operasional,test,0.0,0.0,0.0,0,0,0,,0.0,0.0,0.0,0,0,0.0,0.0
PYB,2026-08-10,2026,3,8,33,operasional,test,0.0,0.0,0.0,0,0,0,,0.0,0.0,0.0,0,1,0.0,0.0
PYB,2026-08-17,2026,3,8,34,operasional,test,0.0,0.0,0.0,0,0,0,,0.0,0.0,0.0,0,1,0.0,0.0
PYB,2026-08-24,2026,3,8,35,operasional,test,0.0,0.0,0.0,0,0,0,,0.0,0.0,0.0,1,0,0.0,0.0
PYB,2026-08-31,2026,3,8,36,operasional,test,0.0,0.0,0.0,0,0,0,,0.0,0.0,0.0,0,1,0.0,0.0
PYB,2026-09-07,2026,3,9,37,operasional,test,0.0,0.0,0.0,0,0,0,,0.0,0.0,0.0,0,0,0.0,0.0
PYB,2026-09-14,2026,3,9,38,operasional,test,0.0,0.0,0.0,0,0,0,,0.0,0.0,0.0,1,1,0.0,0.0
PYB,2026-09-21,2026,3,9,39,operasional,test,0.0,0.0,0.0,0,0,0,,0.0,0.0,0.0,0,0,0.0,0.0
RJK,2024-01-01,2024,1,1,1,sebelum_produk_dijual,train,,,,0,0,0,,,,,1,0,,
RJK,2024-01-08,2024,1,1,2,sebelum_produk_dijual,train,,,,0,0,0,,,,,1,0,,
RJK,2024-01-15,2024,1,1,3,sebelum_produk_dijual,train,,,,0,0,0,,,,,0,0,,
RJK,2024-01-22,2024,1,1,4,sebelum_produk_dijual,train,,,,0,0,0,,,,,0,0,,
RJK,2024-01-29,2024,1,1,5,sebelum_produk_dijual,train,,,,0,0,0,,,,,0,0,,
RJK,2024-02-05,2024,1,2,6,sebelum_produk_dijual,train,,,,0,0,0,,,,,1,0,,
RJK,2024-02-12,2024,1,2,7,sebelum_produk_dijual,train,,,,0,0,0,,,,,1,0,,
RJK,2024-02-19,2024,1,2,8,sebelum_produk_dijual,train,,,,0,0,0,,,,,0,0,,
RJK,2024-02-26,2024,1,2,9,sebelum_produk_dijual,train,,,,0,0,0,,,,,1,0,,
RJK,2024-03-04,2024,1,3,10,sebelum_produk_dijual,train,,,,0,0,0,,,,,0,0,,
RJK,2024-03-11,2024,1,3,11,sebelum_produk_dijual,train,,,,0,0,0,,,,,1,0,,
RJK,2024-03-18,2024,1,3,12,sebelum_produk_dijual,train,,,,0,0,0,,,,,1,0,,
RJK,2024-03-25,2024,1,3,13,sebelum_produk_dijual,train,,,,0,0,0,,,,,0,1,,
RJK,2024-04-01,2024,2,4,14,sebelum_produk_dijual,train,,,,0,0,0,,,,,1,0,,
RJK,2024-04-08,2024,2,4,15,sebelum_produk_dijual,train,,,,0,0,0,,,,,0,0,,
RJK,2024-04-15,2024,2,4,16,sebelum_produk_dijual,train,,,,0,0,0,,,,,1,0,,
RJK,2024-04-22,2024,2,4,17,sebelum_produk_dijual,train,,,,0,0,0,,,,,1,0,,
RJK,2024-04-29,2024,2,4,18,sebelum_produk_dijual,train,,,,0,0,0,,,,,0,1,,
RJK,2024-05-06,2024,2,5,19,sebelum_produk_dijual,train,,,,0,0,0,,,,,1,0,,
RJK,2024-05-13,2024,2,5,20,sebelum_produk_dijual,train,,,,0,0,0,,,,,0,0,,
RJK,2024-05-20,2024,2,5,21,sebelum_produk_dijual,train,,,,0,0,0,,,,,0,1,,
RJK,2024-05-27,2024,2,5,22,sebelum_produk_dijual,train,,,,0,0,0,,,,,0,0,,
RJK,2024-06-03,2024,2,6,23,sebelum_produk_dijual,train,,,,0,0,0,,,,,0,1,,
RJK,2024-06-10,2024,2,6,24,sebelum_produk_dijual,train,,,,0,0,0,,,,,0,1,,
RJK,2024-06-17,2024,2,6,25,operasional,train,5.0,5.0,1.791759469228055,0,0,0,,25000.0,1.0,1.0,1,1,6.0,1.0
RJK,2024-06-24,2024,2,6,26,operasional,train,0.0,0.0,0.0,0,0,0,,0.0,0.0,0.0,1,1,0.0,0.0
RJK,2024-07-01,2024,3,7,27,operasional,train,0.0,0.0,0.0,0,0,0,,0.0,0.0,0.0,0,1,0.0,0.0
RJK,2024-07-08,2024,3,7,28,operasional,train,0.0,0.0,0.0,0,0,0,,0.0,0.0,0.0,0,0,0.0,0.0
RJK,2024-07-15,2024,3,7,29,operasional,train,0.0,0.0,0.0,0,0,0,,0.0,0.0,0.0,0,1,0.0,0.0
RJK,2024-07-22,2024,3,7,30,operasional,train,0.0,0.0,0.0,0,0,0,,0.0,0.0,0.0,0,0,0.0,0.0
RJK,2024-07-29,2024,3,7,31,operasional,train,0.0,0.0,0.0,0,0,0,,0.0,0.0,0.0,1,0,0.0,0.0
RJK,2024-08-05,2024,3,8,32,operasional,train,0.0,0.0,0.0,0,0,0,,0.0,0.0,0.0,0,0,0.0,0.0
RJK,2024-08-12,2024,3,8,33,operasional,train,0.0,0.0,0.0,0,0,0,,0.0,0.0,0.0,1,0,0.0,0.0
RJK,2024-08-19,2024,3,8,34,operasional,train,0.0,0.0,0.0,0,0,0,,0.0,0.0,0.0,1,0,0.0,0.0
RJK,2024-08-26,2024,3,8,35,operasional,train,0.0,0.0,0.0,0,0,0,,0.0,0.0,0.0,0,1,0.0,0.0
RJK,2024-09-02,2024,3,9,36,operasional,train,0.0,0.0,0.0,0,0,0,,0.0,0.0,0.0,1,0,0.0,0.0
RJK,2024-09-09,2024,3,9,37,operasional,train,0.0,0.0,0.0,0,0,0,,0.0,0.0,0.0,0,0,0.0,0.0
RJK,2024-09-16,2024,3,9,38,operasional,train,0.0,0.0,0.0,0,0,0,,0.0,0.0,0.0,1,0,0.0,0.0
RJK,2024-09-23,2024,3,9,39,operasional,train,0.0,0.0,0.0,0,0,0,,0.0,0.0,0.0,1,0,0.0,0.0
RJK,2024-09-30,2024,3,9,40,operasional,train,0.0,0.0,0.0,0,0,0,,0.0,0.0,0.0,0,1,0.0,0.0
RJK,2024-10-07,2024,4,10,41,operasional,train,0.0,0.0,0.0,0,0,0,,0.0,0.0,0.0,1,0,0.0,0.0
RJK,2024-10-14,2024,4,10,42,operasional,train,0.0,0.0,0.0,0,0,0,,0.0,0.0,0.0,0,0,0.0,0.0
RJK,2024-10-21,2024,4,10,43,tidak_tercatat,train,,,,0,0,0,,,,,0,0,,
RJK,2024-10-28,2024,4,10,44,tidak_tercatat,train,,,,0,0,0,,,,,0,0,,
RJK,2024-11-04,2024,4,11,45,tidak_tercatat,train,,,,0,0,0,,,,,0,0,,
RJK,2024-11-11,2024,4,11,46,tidak_tercatat,train,,,,0,0,0,,,,,0,0,,
RJK,2024-11-18,2024,4,11,47,tidak_tercatat,train,,,,0,0,0,,,,,0,0,,
RJK,2024-11-25,2024,4,11,48,tidak_tercatat,train,,,,0,0,0,,,,,0,0,,
RJK,2024-12-02,2024,4,12,49,tidak_tercatat,train,,,,0,0,0,,,,,0,0,,
RJK,2024-12-09,2024,4,12,50,tidak_tercatat,train,,,,0,0,0,,,,,0,0,,
RJK,2024-12-16,2024,4,12,51,tidak_tercatat,train,,,,0,0,0,,,,,0,0,,
RJK,2024-12-23,2024,4,12,52,tidak_tercatat,train,,,,0,0,0,,,,,0,0,,
RJK,2024-12-30,2024,4,12,1,tidak_tercatat,train,,,,0,0,0,,,,,0,0,,
RJK,2025-01-06,2025,1,1,2,tidak_tercatat,train,,,,0,0,0,,,,,0,0,,
RJK,2025-01-13,2025,1,1,3,tidak_tercatat,train,,,,0,0,0,,,,,0,0,,
RJK,2025-01-20,2025,1,1,4,tidak_tercatat,train,,,,0,0,0,,,,,0,0,,
RJK,2025-01-27,2025,1,1,5,operasional,train,0.0,0.0,0.0,0,0,0,,0.0,0.0,0.0,0,0,0.0,0.0
RJK,2025-02-03,2025,1,2,6,operasional,train,0.0,0.0,0.0,0,0,0,,0.0,0.0,0.0,0,0,0.0,0.0
RJK,2025-02-10,2025,1,2,7,operasional,train,0.0,0.0,0.0,0,0,0,,0.0,0.0,0.0,0,0,0.0,0.0
RJK,2025-02-17,2025,1,2,8,operasional,train,0.0,0.0,0.0,0,0,0,,0.0,0.0,0.0,0,0,0.0,0.0
RJK,2025-02-24,2025,1,2,9,operasional,train,0.0,0.0,0.0,0,0,0,,0.0,0.0,0.0,0,0,0.0,0.0
RJK,2025-03-03,2025,1,3,10,tidak_tercatat,train,,,,0,0,0,,,,,0,0,,
RJK,2025-03-10,2025,1,3,11,tidak_tercatat,train,,,,0,0,0,,,,,0,0,,
RJK,2025-03-17,2025,1,3,12,tidak_tercatat,train,,,,0,0,0,,,,,0,0,,
RJK,2025-03-24,2025,1,3,13,tidak_tercatat,train,,,,0,0,0,,,,,0,0,,
RJK,2025-03-31,2025,1,3,14,tidak_tercatat,train,,,,0,0,0,,,,,0,0,,
RJK,2025-04-07,2025,2,4,15,tidak_tercatat,train,,,,0,0,0,,,,,0,0,,
RJK,2025-04-14,2025,2,4,16,operasional,train,0.0,0.0,0.0,0,0,0,,0.0,0.0,0.0,0,0,0.0,0.0
RJK,2025-04-21,2025,2,4,17,operasional,train,0.0,0.0,0.0,0,0,0,,0.0,0.0,0.0,0,0,0.0,0.0
RJK,2025-04-28,2025,2,4,18,operasional,train,0.0,0.0,0.0,0,0,0,,0.0,0.0,0.0,0,0,0.0,0.0
RJK,2025-05-05,2025,2,5,19,operasional,train,0.0,0.0,0.0,0,0,0,,0.0,0.0,0.0,0,0,0.0,0.0
RJK,2025-05-12,2025,2,5,20,operasional,train,0.0,0.0,0.0,0,0,0,,0.0,0.0,0.0,0,0,0.0,0.0
RJK,2025-05-19,2025,2,5,21,operasional,train,0.0,0.0,0.0,0,0,0,,0.0,0.0,0.0,0,0,0.0,0.0
RJK,2025-05-26,2025,2,5,22,operasional,train,0.0,0.0,0.0,0,0,0,,0.0,0.0,0.0,0,0,0.0,0.0
RJK,2025-06-02,2025,2,6,23,operasional,train,0.0,0.0,0.0,0,0,0,,0.0,0.0,0.0,0,0,0.0,0.0
RJK,2025-06-09,2025,2,6,24,operasional,train,0.0,0.0,0.0,0,0,0,,0.0,0.0,0.0,1,1,0.0,0.0
RJK,2025-06-16,2025,2,6,25,operasional,train,0.0,0.0,0.0,0,0,0,,0.0,0.0,0.0,0,0,0.0,0.0
RJK,2025-06-23,2025,2,6,26,operasional,train,0.0,0.0,0.0,0,0,0,,0.0,0.0,0.0,1,1,0.0,0.0
RJK,2025-06-30,2025,2,6,27,operasional,train,0.0,0.0,0.0,0,0,0,,0.0,0.0,0.0,0,0,0.0,0.0
RJK,2025-07-07,2025,3,7,28,operasional,train,0.0,0.0,0.0,0,0,0,,0.0,0.0,0.0,0,0,0.0,0.0
RJK,2025-07-14,2025,3,7,29,operasional,train,0.0,0.0,0.0,0,0,0,,0.0,0.0,0.0,0,0,0.0,0.0
RJK,2025-07-21,2025,3,7,30,operasional,train,0.0,0.0,0.0,0,0,0,,0.0,0.0,0.0,0,0,0.0,0.0
RJK,2025-07-28,2025,3,7,31,operasional,train,0.0,0.0,0.0,0,0,0,,0.0,0.0,0.0,0,0,0.0,0.0
RJK,2025-08-04,2025,3,8,32,operasional,train,0.0,0.0,0.0,0,0,0,,0.0,0.0,0.0,0,0,0.0,0.0
RJK,2025-08-11,2025,3,8,33,operasional,train,0.0,0.0,0.0,0,0,0,,0.0,0.0,0.0,1,0,0.0,0.0
RJK,2025-08-18,2025,3,8,34,operasional,train,0.0,0.0,0.0,0,0,0,,0.0,0.0,0.0,0,0,0.0,0.0
RJK,2025-08-25,2025,3,8,35,operasional,train,0.0,0.0,0.0,0,0,0,,0.0,0.0,0.0,0,0,0.0,0.0
RJK,2025-09-01,2025,3,9,36,operasional,train,0.0,0.0,0.0,0,0,0,,0.0,0.0,0.0,0,0,0.0,0.0
RJK,2025-09-08,2025,3,9,37,operasional,train,0.0,0.0,0.0,0,0,0,,0.0,0.0,0.0,0,0,0.0,0.0
RJK,2025-09-15,2025,3,9,38,operasional,train,0.0,0.0,0.0,0,0,0,,0.0,0.0,0.0,0,0,0.0,0.0
RJK,2025-09-22,2025,3,9,39,operasional,train,0.0,0.0,0.0,0,0,0,,0.0,0.0,0.0,0,1,0.0,0.0
RJK,2025-09-29,2025,3,9,40,operasional,train,0.0,0.0,0.0,0,0,0,,0.0,0.0,0.0,0,0,0.0,0.0
RJK,2025-10-06,2025,4,10,41,operasional,train,0.0,0.0,0.0,0,0,0,,0.0,0.0,0.0,0,0,0.0,0.0
RJK,2025-10-13,2025,4,10,42,operasional,train,0.0,0.0,0.0,0,0,0,,0.0,0.0,0.0,0,0,0.0,0.0
RJK,2025-10-20,2025,4,10,43,operasional,train,0.0,0.0,0.0,0,0,0,,0.0,0.0,0.0,0,0,0.0,0.0
RJK,2025-10-27,2025,4,10,44,operasional,train,0.0,0.0,0.0,0,0,0,,0.0,0.0,0.0,0,0,0.0,0.0
RJK,2025-11-03,2025,4,11,45,operasional,train,0.0,0.0,0.0,0,0,0,,0.0,0.0,0.0,0,0,0.0,0.0
RJK,2025-11-10,2025,4,11,46,operasional,train,0.0,0.0,0.0,0,0,0,,0.0,0.0,0.0,0,0,0.0,0.0
RJK,2025-11-17,2025,4,11,47,operasional,train,0.0,0.0,0.0,0,0,0,,0.0,0.0,0.0,0,0,0.0,0.0
RJK,2025-11-24,2025,4,11,48,operasional,train,0.0,0.0,0.0,0,0,0,,0.0,0.0,0.0,0,0,0.0,0.0
RJK,2025-12-01,2025,4,12,49,operasional,train,0.0,0.0,0.0,0,0,0,,0.0,0.0,0.0,1,0,0.0,0.0
RJK,2025-12-08,2025,4,12,50,operasional,train,0.0,0.0,0.0,0,0,0,,0.0,0.0,0.0,0,0,0.0,0.0
RJK,2025-12-15,2025,4,12,51,operasional,train,0.0,0.0,0.0,0,0,0,,0.0,0.0,0.0,0,0,0.0,0.0
RJK,2025-12-22,2025,4,12,52,operasional,train,0.0,0.0,0.0,0,0,0,,0.0,0.0,0.0,0,0,0.0,0.0
RJK,2025-12-29,2025,4,12,1,operasional,train,0.0,0.0,0.0,0,0,0,,0.0,0.0,0.0,0,0,0.0,0.0
RJK,2026-01-05,2026,1,1,2,operasional,train,0.0,0.0,0.0,0,0,0,,0.0,0.0,0.0,0,0,0.0,0.0
RJK,2026-01-12,2026,1,1,3,operasional,train,0.0,0.0,0.0,0,0,0,,0.0,0.0,0.0,0,0,0.0,0.0
RJK,2026-01-19,2026,1,1,4,operasional,train,0.0,0.0,0.0,0,0,0,,0.0,0.0,0.0,0,0,0.0,0.0
RJK,2026-01-26,2026,1,1,5,operasional,train,0.0,0.0,0.0,0,0,0,,0.0,0.0,0.0,0,0,0.0,0.0
RJK,2026-02-02,2026,1,2,6,operasional,train,0.0,0.0,0.0,0,0,0,,0.0,0.0,0.0,1,0,0.0,0.0
RJK,2026-02-09,2026,1,2,7,operasional,train,0.0,0.0,0.0,0,0,0,,0.0,0.0,0.0,0,0,0.0,0.0
RJK,2026-02-16,2026,1,2,8,operasional,train,0.0,0.0,0.0,0,0,0,,0.0,0.0,0.0,0,0,0.0,0.0
RJK,2026-02-23,2026,1,2,9,operasional,train,0.0,0.0,0.0,0,0,0,,0.0,0.0,0.0,0,0,0.0,0.0
RJK,2026-03-02,2026,1,3,10,operasional,train,0.0,0.0,0.0,0,0,0,,0.0,0.0,0.0,0,0,0.0,0.0
RJK,2026-03-09,2026,1,3,11,operasional,train,0.0,0.0,0.0,0,0,0,,0.0,0.0,0.0,0,0,0.0,0.0
RJK,2026-03-16,2026,1,3,12,operasional,train,0.0,0.0,0.0,0,0,0,,0.0,0.0,0.0,1,0,0.0,0.0
RJK,2026-03-23,2026,1,3,13,operasional,train,0.0,0.0,0.0,0,0,0,,0.0,0.0,0.0,0,0,0.0,0.0
RJK,2026-03-30,2026,1,3,14,operasional,train,0.0,0.0,0.0,0,0,0,,0.0,0.0,0.0,1,0,0.0,0.0
RJK,2026-04-06,2026,2,4,15,operasional,test,0.0,0.0,0.0,0,0,0,,0.0,0.0,0.0,0,0,0.0,0.0
RJK,2026-04-13,2026,2,4,16,operasional,test,0.0,0.0,0.0,0,0,0,,0.0,0.0,0.0,0,1,0.0,0.0
RJK,2026-04-20,2026,2,4,17,operasional,test,0.0,0.0,0.0,0,0,0,,0.0,0.0,0.0,0,0,0.0,0.0
RJK,2026-04-27,2026,2,4,18,operasional,test,0.0,0.0,0.0,0,0,0,,0.0,0.0,0.0,0,0,0.0,0.0
RJK,2026-05-04,2026,2,5,19,operasional,test,0.0,0.0,0.0,0,0,0,,0.0,0.0,0.0,1,0,0.0,0.0
RJK,2026-05-11,2026,2,5,20,operasional,test,8.0,8.0,2.1972245773362196,0,0,0,,40000.0,1.0,1.0,0,1,5.0,1.0
RJK,2026-05-18,2026,2,5,21,operasional,test,0.0,0.0,0.0,0,0,0,,0.0,0.0,0.0,0,0,0.0,0.0
RJK,2026-05-25,2026,2,5,22,operasional,test,0.0,0.0,0.0,0,0,0,,0.0,0.0,0.0,0,0,0.0,0.0
RJK,2026-06-01,2026,2,6,23,operasional,test,0.0,0.0,0.0,0,0,0,,0.0,0.0,0.0,0,0,0.0,0.0
RJK,2026-06-08,2026,2,6,24,operasional,test,0.0,0.0,0.0,0,0,0,,0.0,0.0,0.0,0,0,0.0,0.0
RJK,2026-06-15,2026,2,6,25,operasional,test,0.0,0.0,0.0,0,0,0,,0.0,0.0,0.0,0,0,0.0,0.0
RJK,2026-06-22,2026,2,6,26,operasional,test,0.0,0.0,0.0,0,0,0,,0.0,0.0,0.0,1,0,0.0,0.0
RJK,2026-06-29,2026,2,6,27,operasional,test,30.0,30.0,3.4339872044851463,0,0,0,,150000.0,1.0,1.0,0,1,0.0,0.0
RJK,2026-07-06,2026,3,7,28,operasional,test,0.0,0.0,0.0,0,0,0,,0.0,0.0,0.0,0,0,0.0,0.0
RJK,2026-07-13,2026,3,7,29,operasional,test,0.0,0.0,0.0,0,0,0,,0.0,0.0,0.0,0,0,0.0,0.0
RJK,2026-07-20,2026,3,7,30,operasional,test,0.0,0.0,0.0,0,0,0,,0.0,0.0,0.0,1,1,0.0,0.0
RJK,2026-07-27,2026,3,7,31,operasional,test,0.0,0.0,0.0,0,0,0,,0.0,0.0,0.0,0,0,0.0,0.0
RJK,2026-08-03,2026,3,8,32,operasional,test,0.0,0.0,0.0,0,0,0,,0.0,0.0,0.0,0,0,0.0,0.0
RJK,2026-08-10,2026,3,8,33,operasional,test,0.0,0.0,0.0,0,0,0,,0.0,0.0,0.0,0,1,0.0,0.0
RJK,2026-08-17,2026,3,8,34,operasional,test,0.0,0.0,0.0,0,0,0,,0.0,0.0,0.0,0,1,0.0,0.0
RJK,2026-08-24,2026,3,8,35,operasional,test,0.0,0.0,0.0,0,0,0,,0.0,0.0,0.0,1,0,0.0,0.0
RJK,2026-08-31,2026,3,8,36,operasional,test,10.0,10.0,2.3978952727983707,0,0,0,,50000.0,1.0,1.0,0,1,0.0,0.0
RJK,2026-09-07,2026,3,9,37,operasional,test,0.0,0.0,0.0,0,0,0,,0.0,0.0,0.0,0,0,0.0,0.0
RJK,2026-09-14,2026,3,9,38,operasional,test,0.0,0.0,0.0,0,0,0,,0.0,0.0,0.0,1,1,0.0,0.0
RJK,2026-09-21,2026,3,9,39,operasional,test,0.0,0.0,0.0,0,0,0,,0.0,0.0,0.0,0,0,0.0,0.0
SAW,2024-01-01,2024,1,1,1,operasional,train,5.0,5.0,1.791759469228055,0,0,0,34.89440067754303,20000.0,1.0,1.0,1,0,89.0,1.0
SAW,2024-01-08,2024,1,1,2,operasional,train,0.0,0.0,0.0,0,0,0,34.89440067754303,0.0,0.0,0.0,1,0,0.0,0.0
SAW,2024-01-15,2024,1,1,3,operasional,train,6.0,6.0,1.9459101490553132,0,0,0,34.89440067754303,24000.0,1.0,1.0,0,0,0.0,0.0
SAW,2024-01-22,2024,1,1,4,operasional,train,2.0,2.0,1.0986122886681096,0,0,0,34.89440067754303,8000.0,1.0,1.0,0,0,0.0,0.0
SAW,2024-01-29,2024,1,1,5,operasional,train,0.0,0.0,0.0,0,0,0,34.89440067754303,0.0,0.0,0.0,0,0,0.0,0.0
SAW,2024-02-05,2024,1,2,6,operasional,train,12.0,12.0,2.5649493574615367,0,0,0,34.89440067754303,48000.0,1.0,1.0,1,0,0.0,0.0
SAW,2024-02-12,2024,1,2,7,operasional,train,0.0,0.0,0.0,0,0,0,34.89440067754303,0.0,0.0,0.0,1,0,0.0,0.0
SAW,2024-02-19,2024,1,2,8,operasional,train,3.0,3.0,1.3862943611198906,0,0,0,34.89440067754303,12000.0,1.0,1.0,0,0,0.0,0.0
SAW,2024-02-26,2024,1,2,9,operasional,train,8.0,8.0,2.1972245773362196,0,0,0,34.89440067754303,32000.0,1.0,1.0,1,0,0.0,0.0
SAW,2024-03-04,2024,1,3,10,operasional,train,0.0,0.0,0.0,0,0,0,34.89440067754303,0.0,0.0,0.0,0,0,0.0,0.0
SAW,2024-03-11,2024,1,3,11,operasional,train,8.0,8.0,2.1972245773362196,0,0,0,34.89440067754303,32000.0,1.0,1.0,1,0,0.0,0.0
SAW,2024-03-18,2024,1,3,12,operasional,train,0.0,0.0,0.0,0,0,0,34.89440067754303,0.0,0.0,0.0,1,0,0.0,0.0
SAW,2024-03-25,2024,1,3,13,operasional,train,10.0,10.0,2.3978952727983707,0,0,0,34.89440067754303,40000.0,1.0,1.0,0,1,0.0,0.0
SAW,2024-04-01,2024,2,4,14,operasional,train,4.0,4.0,1.6094379124341003,0,0,0,34.89440067754303,16000.0,1.0,1.0,1,0,0.0,0.0
SAW,2024-04-08,2024,2,4,15,operasional,train,0.0,0.0,0.0,0,0,0,34.89440067754303,0.0,0.0,0.0,0,0,0.0,0.0
SAW,2024-04-15,2024,2,4,16,operasional,train,2.0,2.0,1.0986122886681096,0,0,0,34.89440067754303,8000.0,1.0,1.0,1,0,0.0,0.0
SAW,2024-04-22,2024,2,4,17,operasional,train,0.0,0.0,0.0,0,0,0,34.89440067754303,0.0,0.0,0.0,1,0,0.0,0.0
SAW,2024-04-29,2024,2,4,18,operasional,train,4.0,4.0,1.6094379124341003,0,0,0,34.89440067754303,16000.0,1.0,1.0,0,1,0.0,0.0
SAW,2024-05-06,2024,2,5,19,operasional,train,10.0,10.0,2.3978952727983707,0,0,0,34.89440067754303,40000.0,1.0,1.0,1,0,0.0,0.0
SAW,2024-05-13,2024,2,5,20,operasional,train,0.0,0.0,0.0,0,0,0,34.89440067754303,0.0,0.0,0.0,0,0,0.0,0.0
SAW,2024-05-20,2024,2,5,21,operasional,train,0.0,0.0,0.0,0,0,0,34.89440067754303,0.0,0.0,0.0,0,1,0.0,0.0
SAW,2024-05-27,2024,2,5,22,operasional,train,0.0,0.0,0.0,0,0,0,34.89440067754303,0.0,0.0,0.0,0,0,0.0,0.0
SAW,2024-06-03,2024,2,6,23,operasional,train,0.0,0.0,0.0,0,0,0,34.89440067754303,0.0,0.0,0.0,0,1,0.0,0.0
SAW,2024-06-10,2024,2,6,24,operasional,train,0.0,0.0,0.0,0,0,0,34.89440067754303,0.0,0.0,0.0,0,1,0.0,0.0
SAW,2024-06-17,2024,2,6,25,operasional,train,0.0,0.0,0.0,0,0,0,34.89440067754303,0.0,0.0,0.0,1,1,0.0,0.0
SAW,2024-06-24,2024,2,6,26,operasional,train,0.0,0.0,0.0,0,0,0,34.89440067754303,0.0,0.0,0.0,1,1,0.0,0.0
SAW,2024-07-01,2024,3,7,27,operasional,train,0.0,0.0,0.0,0,0,0,34.89440067754303,0.0,0.0,0.0,0,1,0.0,0.0
SAW,2024-07-08,2024,3,7,28,operasional,train,0.0,0.0,0.0,0,0,0,34.89440067754303,0.0,0.0,0.0,0,0,0.0,0.0
SAW,2024-07-15,2024,3,7,29,operasional,train,0.0,0.0,0.0,0,0,0,34.89440067754303,0.0,0.0,0.0,0,1,0.0,0.0
SAW,2024-07-22,2024,3,7,30,operasional,train,9.0,9.0,2.302585092994046,0,0,0,34.89440067754303,36000.0,1.0,1.0,0,0,82.0,1.0
SAW,2024-07-29,2024,3,7,31,operasional,train,8.0,8.0,2.1972245773362196,0,0,0,34.89440067754303,32000.0,1.0,1.0,1,0,0.0,0.0
SAW,2024-08-05,2024,3,8,32,operasional,train,0.0,0.0,0.0,0,0,0,34.89440067754303,0.0,0.0,0.0,0,0,0.0,0.0
SAW,2024-08-12,2024,3,8,33,operasional,train,8.0,8.0,2.1972245773362196,0,0,0,34.89440067754303,30000.0,1.0,1.0,1,0,0.0,0.0
SAW,2024-08-19,2024,3,8,34,operasional,train,0.0,0.0,0.0,0,0,0,34.89440067754303,0.0,0.0,0.0,1,0,0.0,0.0
SAW,2024-08-26,2024,3,8,35,operasional,train,10.0,10.0,2.3978952727983707,0,0,0,34.89440067754303,40000.0,1.0,1.0,0,1,0.0,0.0
SAW,2024-09-02,2024,3,9,36,operasional,train,4.0,4.0,1.6094379124341003,0,0,0,34.89440067754303,16000.0,1.0,1.0,1,0,0.0,0.0
SAW,2024-09-09,2024,3,9,37,operasional,train,0.0,0.0,0.0,0,0,0,34.89440067754303,0.0,0.0,0.0,0,0,0.0,0.0
SAW,2024-09-16,2024,3,9,38,operasional,train,13.0,13.0,2.639057329615259,0,0,0,34.89440067754303,52000.0,1.0,1.0,1,0,0.0,0.0
SAW,2024-09-23,2024,3,9,39,operasional,train,0.0,0.0,0.0,0,0,0,34.89440067754303,0.0,0.0,0.0,1,0,0.0,0.0
SAW,2024-09-30,2024,3,9,40,operasional,train,9.0,9.0,2.302585092994046,0,0,0,34.89440067754303,36000.0,1.0,1.0,0,1,0.0,0.0
SAW,2024-10-07,2024,4,10,41,operasional,train,10.0,10.0,2.3978952727983707,0,0,0,34.89440067754303,40000.0,1.0,1.0,1,0,0.0,0.0
SAW,2024-10-14,2024,4,10,42,operasional,train,0.0,0.0,0.0,0,0,0,34.89440067754303,0.0,0.0,0.0,0,0,0.0,0.0
SAW,2024-10-21,2024,4,10,43,tidak_tercatat,train,,,,0,0,0,34.89440067754303,,,,0,0,,
SAW,2024-10-28,2024,4,10,44,tidak_tercatat,train,,,,0,0,0,34.89440067754303,,,,0,0,,
SAW,2024-11-04,2024,4,11,45,tidak_tercatat,train,,,,0,0,0,34.89440067754303,,,,0,0,,
SAW,2024-11-11,2024,4,11,46,tidak_tercatat,train,,,,0,0,0,34.89440067754303,,,,0,0,,
SAW,2024-11-18,2024,4,11,47,tidak_tercatat,train,,,,0,0,0,34.89440067754303,,,,0,0,,
SAW,2024-11-25,2024,4,11,48,tidak_tercatat,train,,,,0,0,0,34.89440067754303,,,,0,0,,
SAW,2024-12-02,2024,4,12,49,tidak_tercatat,train,,,,0,0,0,34.89440067754303,,,,0,0,,
SAW,2024-12-09,2024,4,12,50,tidak_tercatat,train,,,,0,0,0,34.89440067754303,,,,0,0,,
SAW,2024-12-16,2024,4,12,51,tidak_tercatat,train,,,,0,0,0,34.89440067754303,,,,0,0,,
SAW,2024-12-23,2024,4,12,52,tidak_tercatat,train,,,,0,0,0,34.89440067754303,,,,0,0,,
SAW,2024-12-30,2024,4,12,1,tidak_tercatat,train,,,,0,0,0,34.89440067754303,,,,0,0,,
SAW,2025-01-06,2025,1,1,2,tidak_tercatat,train,,,,0,0,0,34.89440067754303,,,,0,0,,
SAW,2025-01-13,2025,1,1,3,tidak_tercatat,train,,,,0,0,0,34.89440067754303,,,,0,0,,
SAW,2025-01-20,2025,1,1,4,tidak_tercatat,train,,,,0,0,0,34.89440067754303,,,,0,0,,
SAW,2025-01-27,2025,1,1,5,operasional,train,5.0,5.0,1.791759469228055,0,0,0,34.89440067754303,20000.0,1.0,1.0,0,0,80.0,1.0
SAW,2025-02-03,2025,1,2,6,operasional,train,0.0,0.0,0.0,0,0,0,34.89440067754303,0.0,0.0,0.0,0,0,0.0,0.0
SAW,2025-02-10,2025,1,2,7,operasional,train,0.0,0.0,0.0,0,0,0,34.89440067754303,0.0,0.0,0.0,0,0,0.0,0.0
SAW,2025-02-17,2025,1,2,8,operasional,train,0.0,0.0,0.0,0,0,0,34.89440067754303,0.0,0.0,0.0,0,0,0.0,0.0
SAW,2025-02-24,2025,1,2,9,operasional,train,0.0,0.0,0.0,0,0,0,34.89440067754303,0.0,0.0,0.0,0,0,0.0,0.0
SAW,2025-03-03,2025,1,3,10,tidak_tercatat,train,,,,0,0,0,34.89440067754303,,,,0,0,,
SAW,2025-03-10,2025,1,3,11,tidak_tercatat,train,,,,0,0,0,34.89440067754303,,,,0,0,,
SAW,2025-03-17,2025,1,3,12,tidak_tercatat,train,,,,0,0,0,34.89440067754303,,,,0,0,,
SAW,2025-03-24,2025,1,3,13,tidak_tercatat,train,,,,0,0,0,34.89440067754303,,,,0,0,,
SAW,2025-03-31,2025,1,3,14,tidak_tercatat,train,,,,0,0,0,34.89440067754303,,,,0,0,,
SAW,2025-04-07,2025,2,4,15,tidak_tercatat,train,,,,0,0,0,34.89440067754303,,,,0,0,,
SAW,2025-04-14,2025,2,4,16,operasional,train,0.0,0.0,0.0,0,0,0,34.89440067754303,0.0,0.0,0.0,0,0,0.0,0.0
SAW,2025-04-21,2025,2,4,17,operasional,train,0.0,0.0,0.0,0,0,0,34.89440067754303,0.0,0.0,0.0,0,0,0.0,0.0
SAW,2025-04-28,2025,2,4,18,operasional,train,0.0,0.0,0.0,0,0,0,34.89440067754303,0.0,0.0,0.0,0,0,0.0,0.0
SAW,2025-05-05,2025,2,5,19,operasional,train,0.0,0.0,0.0,0,0,0,34.89440067754303,0.0,0.0,0.0,0,0,0.0,0.0
SAW,2025-05-12,2025,2,5,20,operasional,train,0.0,0.0,0.0,0,0,0,34.89440067754303,0.0,0.0,0.0,0,0,0.0,0.0
SAW,2025-05-19,2025,2,5,21,operasional,train,0.0,0.0,0.0,0,0,0,34.89440067754303,0.0,0.0,0.0,0,0,0.0,0.0
SAW,2025-05-26,2025,2,5,22,operasional,train,0.0,0.0,0.0,0,0,0,34.89440067754303,0.0,0.0,0.0,0,0,0.0,0.0
SAW,2025-06-02,2025,2,6,23,operasional,train,0.0,0.0,0.0,0,0,0,34.89440067754303,0.0,0.0,0.0,0,0,0.0,0.0
SAW,2025-06-09,2025,2,6,24,operasional,train,0.0,0.0,0.0,0,0,0,34.89440067754303,0.0,0.0,0.0,1,1,0.0,0.0
SAW,2025-06-16,2025,2,6,25,operasional,train,0.0,0.0,0.0,0,0,0,34.89440067754303,0.0,0.0,0.0,0,0,0.0,0.0
SAW,2025-06-23,2025,2,6,26,operasional,train,0.0,0.0,0.0,0,0,0,34.89440067754303,0.0,0.0,0.0,1,1,0.0,0.0
SAW,2025-06-30,2025,2,6,27,operasional,train,0.0,0.0,0.0,0,0,0,34.89440067754303,0.0,0.0,0.0,0,0,0.0,0.0
SAW,2025-07-07,2025,3,7,28,operasional,train,0.0,0.0,0.0,0,0,0,34.89440067754303,0.0,0.0,0.0,0,0,0.0,0.0
SAW,2025-07-14,2025,3,7,29,operasional,train,0.0,0.0,0.0,0,0,0,34.89440067754303,0.0,0.0,0.0,0,0,0.0,0.0
SAW,2025-07-21,2025,3,7,30,operasional,train,0.0,0.0,0.0,0,0,0,34.89440067754303,0.0,0.0,0.0,0,0,0.0,0.0
SAW,2025-07-28,2025,3,7,31,operasional,train,0.0,0.0,0.0,0,0,0,34.89440067754303,0.0,0.0,0.0,0,0,0.0,0.0
SAW,2025-08-04,2025,3,8,32,operasional,train,0.0,0.0,0.0,0,0,0,34.89440067754303,0.0,0.0,0.0,0,0,0.0,0.0
SAW,2025-08-11,2025,3,8,33,operasional,train,0.0,0.0,0.0,0,0,0,34.89440067754303,0.0,0.0,0.0,1,0,0.0,0.0
SAW,2025-08-18,2025,3,8,34,operasional,train,16.0,16.0,2.833213344056216,0,0,0,34.89440067754303,64000.0,1.0,1.0,0,0,150.0,1.0
SAW,2025-08-25,2025,3,8,35,operasional,train,8.0,8.0,2.1972245773362196,0,0,0,34.89440067754303,32000.0,1.0,1.0,0,0,0.0,0.0
SAW,2025-09-01,2025,3,9,36,operasional,train,3.0,3.0,1.3862943611198906,0,0,0,34.89440067754303,12000.0,1.0,1.0,0,0,0.0,0.0
SAW,2025-09-08,2025,3,9,37,operasional,train,0.0,0.0,0.0,0,0,0,34.89440067754303,0.0,0.0,0.0,0,0,0.0,0.0
SAW,2025-09-15,2025,3,9,38,operasional,train,0.0,0.0,0.0,0,0,0,34.89440067754303,0.0,0.0,0.0,0,0,0.0,0.0
SAW,2025-09-22,2025,3,9,39,operasional,train,0.0,0.0,0.0,0,0,0,34.89440067754303,0.0,0.0,0.0,0,1,0.0,0.0
SAW,2025-09-29,2025,3,9,40,operasional,train,0.0,0.0,0.0,0,0,0,34.89440067754303,0.0,0.0,0.0,0,0,0.0,0.0
SAW,2025-10-06,2025,4,10,41,operasional,train,0.0,0.0,0.0,0,0,0,34.89440067754303,0.0,0.0,0.0,0,0,0.0,0.0
SAW,2025-10-13,2025,4,10,42,operasional,train,0.0,0.0,0.0,0,0,0,34.89440067754303,0.0,0.0,0.0,0,0,0.0,0.0
SAW,2025-10-20,2025,4,10,43,operasional,train,0.0,0.0,0.0,0,0,0,34.89440067754303,0.0,0.0,0.0,0,0,0.0,0.0
SAW,2025-10-27,2025,4,10,44,operasional,train,6.0,6.0,1.9459101490553132,0,0,0,34.89440067754303,24000.0,1.0,1.0,0,0,38.0,1.0
SAW,2025-11-03,2025,4,11,45,operasional,train,0.0,0.0,0.0,0,0,0,34.89440067754303,0.0,0.0,0.0,0,0,0.0,0.0
SAW,2025-11-10,2025,4,11,46,operasional,train,0.0,0.0,0.0,0,0,0,34.89440067754303,0.0,0.0,0.0,0,0,0.0,0.0
SAW,2025-11-17,2025,4,11,47,operasional,train,0.0,0.0,0.0,0,0,0,34.89440067754303,0.0,0.0,0.0,0,0,0.0,0.0
SAW,2025-11-24,2025,4,11,48,operasional,train,0.0,0.0,0.0,0,0,0,34.89440067754303,0.0,0.0,0.0,0,0,0.0,0.0
SAW,2025-12-01,2025,4,12,49,operasional,train,0.0,0.0,0.0,0,0,0,34.89440067754303,0.0,0.0,0.0,1,0,0.0,0.0
SAW,2025-12-08,2025,4,12,50,operasional,train,0.0,0.0,0.0,0,0,0,34.89440067754303,0.0,0.0,0.0,0,0,0.0,0.0
SAW,2025-12-15,2025,4,12,51,operasional,train,0.0,0.0,0.0,0,0,0,34.89440067754303,0.0,0.0,0.0,0,0,0.0,0.0
SAW,2025-12-22,2025,4,12,52,operasional,train,0.0,0.0,0.0,0,0,0,34.89440067754303,0.0,0.0,0.0,0,0,0.0,0.0
SAW,2025-12-29,2025,4,12,1,operasional,train,0.0,0.0,0.0,0,0,0,34.89440067754303,0.0,0.0,0.0,0,0,0.0,0.0
SAW,2026-01-05,2026,1,1,2,operasional,train,0.0,0.0,0.0,0,0,0,34.89440067754303,0.0,0.0,0.0,0,0,0.0,0.0
SAW,2026-01-12,2026,1,1,3,operasional,train,0.0,0.0,0.0,0,0,0,34.89440067754303,0.0,0.0,0.0,0,0,0.0,0.0
SAW,2026-01-19,2026,1,1,4,operasional,train,0.0,0.0,0.0,0,0,0,34.89440067754303,0.0,0.0,0.0,0,0,0.0,0.0
SAW,2026-01-26,2026,1,1,5,operasional,train,0.0,0.0,0.0,0,0,0,34.89440067754303,0.0,0.0,0.0,0,0,0.0,0.0
SAW,2026-02-02,2026,1,2,6,operasional,train,0.0,0.0,0.0,0,0,0,34.89440067754303,0.0,0.0,0.0,1,0,0.0,0.0
SAW,2026-02-09,2026,1,2,7,operasional,train,0.0,0.0,0.0,0,0,0,34.89440067754303,0.0,0.0,0.0,0,0,0.0,0.0
SAW,2026-02-16,2026,1,2,8,operasional,train,0.0,0.0,0.0,0,0,0,34.89440067754303,0.0,0.0,0.0,0,0,0.0,0.0
SAW,2026-02-23,2026,1,2,9,operasional,train,0.0,0.0,0.0,0,0,0,34.89440067754303,0.0,0.0,0.0,0,0,0.0,0.0
SAW,2026-03-02,2026,1,3,10,operasional,train,0.0,0.0,0.0,0,0,0,34.89440067754303,0.0,0.0,0.0,0,0,0.0,0.0
SAW,2026-03-09,2026,1,3,11,operasional,train,0.0,0.0,0.0,0,0,0,34.89440067754303,0.0,0.0,0.0,0,0,0.0,0.0
SAW,2026-03-16,2026,1,3,12,operasional,train,0.0,0.0,0.0,0,0,0,34.89440067754303,0.0,0.0,0.0,1,0,0.0,0.0
SAW,2026-03-23,2026,1,3,13,operasional,train,0.0,0.0,0.0,0,0,0,34.89440067754303,0.0,0.0,0.0,0,0,0.0,0.0
SAW,2026-03-30,2026,1,3,14,operasional,train,0.0,0.0,0.0,0,0,0,34.89440067754303,0.0,0.0,0.0,1,0,0.0,0.0
SAW,2026-04-06,2026,2,4,15,operasional,test,0.0,0.0,0.0,0,0,0,34.89440067754303,0.0,0.0,0.0,0,0,0.0,0.0
SAW,2026-04-13,2026,2,4,16,operasional,test,0.0,0.0,0.0,0,0,0,34.89440067754303,0.0,0.0,0.0,0,1,0.0,0.0
SAW,2026-04-20,2026,2,4,17,operasional,test,0.0,0.0,0.0,0,0,0,34.89440067754303,0.0,0.0,0.0,0,0,0.0,0.0
SAW,2026-04-27,2026,2,4,18,operasional,test,0.0,0.0,0.0,0,0,0,34.89440067754303,0.0,0.0,0.0,0,0,0.0,0.0
SAW,2026-05-04,2026,2,5,19,operasional,test,0.0,0.0,0.0,0,0,0,34.89440067754303,0.0,0.0,0.0,1,0,0.0,0.0
SAW,2026-05-11,2026,2,5,20,operasional,test,0.0,0.0,0.0,0,0,0,34.89440067754303,0.0,0.0,0.0,0,1,0.0,0.0
SAW,2026-05-18,2026,2,5,21,operasional,test,0.0,0.0,0.0,0,0,0,34.89440067754303,0.0,0.0,0.0,0,0,0.0,0.0
SAW,2026-05-25,2026,2,5,22,operasional,test,0.0,0.0,0.0,0,0,0,34.89440067754303,0.0,0.0,0.0,0,0,0.0,0.0
SAW,2026-06-01,2026,2,6,23,operasional,test,0.0,0.0,0.0,0,0,0,34.89440067754303,0.0,0.0,0.0,0,0,0.0,0.0
SAW,2026-06-08,2026,2,6,24,operasional,test,0.0,0.0,0.0,0,0,0,34.89440067754303,0.0,0.0,0.0,0,0,0.0,0.0
SAW,2026-06-15,2026,2,6,25,operasional,test,0.0,0.0,0.0,0,0,0,34.89440067754303,0.0,0.0,0.0,0,0,0.0,0.0
SAW,2026-06-22,2026,2,6,26,operasional,test,0.0,0.0,0.0,0,0,0,34.89440067754303,0.0,0.0,0.0,1,0,0.0,0.0
SAW,2026-06-29,2026,2,6,27,operasional,test,0.0,0.0,0.0,0,0,0,34.89440067754303,0.0,0.0,0.0,0,1,0.0,0.0
SAW,2026-07-06,2026,3,7,28,operasional,test,0.0,0.0,0.0,0,0,0,34.89440067754303,0.0,0.0,0.0,0,0,0.0,0.0
SAW,2026-07-13,2026,3,7,29,operasional,test,0.0,0.0,0.0,0,0,0,34.89440067754303,0.0,0.0,0.0,0,0,0.0,0.0
SAW,2026-07-20,2026,3,7,30,operasional,test,0.0,0.0,0.0,0,0,0,34.89440067754303,0.0,0.0,0.0,1,1,0.0,0.0
SAW,2026-07-27,2026,3,7,31,operasional,test,0.0,0.0,0.0,0,0,0,34.89440067754303,0.0,0.0,0.0,0,0,0.0,0.0
SAW,2026-08-03,2026,3,8,32,operasional,test,0.0,0.0,0.0,0,0,0,34.89440067754303,0.0,0.0,0.0,0,0,0.0,0.0
SAW,2026-08-10,2026,3,8,33,operasional,test,0.0,0.0,0.0,0,0,0,34.89440067754303,0.0,0.0,0.0,0,1,0.0,0.0
SAW,2026-08-17,2026,3,8,34,operasional,test,0.0,0.0,0.0,0,0,0,34.89440067754303,0.0,0.0,0.0,0,1,0.0,0.0
SAW,2026-08-24,2026,3,8,35,operasional,test,0.0,0.0,0.0,0,0,0,34.89440067754303,0.0,0.0,0.0,1,0,0.0,0.0
SAW,2026-08-31,2026,3,8,36,operasional,test,0.0,0.0,0.0,0,0,0,34.89440067754303,0.0,0.0,0.0,0,1,0.0,0.0
SAW,2026-09-07,2026,3,9,37,operasional,test,0.0,0.0,0.0,0,0,0,34.89440067754303,0.0,0.0,0.0,0,0,0.0,0.0
SAW,2026-09-14,2026,3,9,38,operasional,test,0.0,0.0,0.0,0,0,0,34.89440067754303,0.0,0.0,0.0,1,1,0.0,0.0
SAW,2026-09-21,2026,3,9,39,operasional,test,0.0,0.0,0.0,0,0,0,34.89440067754303,0.0,0.0,0.0,0,0,0.0,0.0
SLD,2024-01-01,2024,1,1,1,operasional,train,14.0,14.0,2.70805020110221,0,0,0,28.23800961527322,70000.0,2.0,2.0,1,0,104.0,1.0
SLD,2024-01-08,2024,1,1,2,operasional,train,0.0,0.0,0.0,0,0,0,28.23800961527322,0.0,0.0,0.0,1,0,0.0,0.0
SLD,2024-01-15,2024,1,1,3,operasional,train,6.0,6.0,1.9459101490553132,0,0,0,28.23800961527322,30000.0,1.0,1.0,0,0,0.0,0.0
SLD,2024-01-22,2024,1,1,4,operasional,train,0.0,0.0,0.0,0,0,0,28.23800961527322,0.0,0.0,0.0,0,0,0.0,0.0
SLD,2024-01-29,2024,1,1,5,operasional,train,0.0,0.0,0.0,0,0,0,28.23800961527322,0.0,0.0,0.0,0,0,0.0,0.0
SLD,2024-02-05,2024,1,2,6,operasional,train,9.0,9.0,2.302585092994046,0,0,0,28.23800961527322,45000.0,1.0,1.0,1,0,0.0,0.0
SLD,2024-02-12,2024,1,2,7,operasional,train,10.0,10.0,2.3978952727983707,0,0,0,28.23800961527322,50000.0,1.0,1.0,1,0,0.0,0.0
SLD,2024-02-19,2024,1,2,8,operasional,train,11.0,11.0,2.4849066497880004,0,0,0,28.23800961527322,55000.0,1.0,1.0,0,0,0.0,0.0
SLD,2024-02-26,2024,1,2,9,operasional,train,0.0,0.0,0.0,0,0,0,28.23800961527322,0.0,0.0,0.0,1,0,0.0,0.0
SLD,2024-03-04,2024,1,3,10,operasional,train,0.0,0.0,0.0,0,0,0,28.23800961527322,0.0,0.0,0.0,0,0,0.0,0.0
SLD,2024-03-11,2024,1,3,11,operasional,train,4.0,4.0,1.6094379124341003,0,0,0,28.23800961527322,20000.0,1.0,1.0,1,0,0.0,0.0
SLD,2024-03-18,2024,1,3,12,operasional,train,4.0,4.0,1.6094379124341003,0,0,0,28.23800961527322,20000.0,1.0,1.0,1,0,0.0,0.0
SLD,2024-03-25,2024,1,3,13,operasional,train,7.0,7.0,2.0794415416798357,0,0,0,28.23800961527322,35000.0,1.0,1.0,0,1,0.0,0.0
SLD,2024-04-01,2024,2,4,14,operasional,train,0.0,0.0,0.0,0,0,0,28.23800961527322,0.0,0.0,0.0,1,0,0.0,0.0
SLD,2024-04-08,2024,2,4,15,operasional,train,0.0,0.0,0.0,0,0,0,28.23800961527322,0.0,0.0,0.0,0,0,0.0,0.0
SLD,2024-04-15,2024,2,4,16,operasional,train,8.0,8.0,2.1972245773362196,0,0,0,28.23800961527322,40000.0,1.0,1.0,1,0,0.0,0.0
SLD,2024-04-22,2024,2,4,17,operasional,train,10.0,10.0,2.3978952727983707,0,0,0,28.23800961527322,50000.0,1.0,1.0,1,0,0.0,0.0
SLD,2024-04-29,2024,2,4,18,operasional,train,3.0,3.0,1.3862943611198906,0,0,0,28.23800961527322,15000.0,1.0,1.0,0,1,0.0,0.0
SLD,2024-05-06,2024,2,5,19,operasional,train,0.0,0.0,0.0,0,0,0,28.23800961527322,0.0,0.0,0.0,1,0,0.0,0.0
SLD,2024-05-13,2024,2,5,20,operasional,train,0.0,0.0,0.0,0,0,0,28.23800961527322,0.0,0.0,0.0,0,0,0.0,0.0
SLD,2024-05-20,2024,2,5,21,operasional,train,0.0,0.0,0.0,0,0,0,28.23800961527322,0.0,0.0,0.0,0,1,0.0,0.0
SLD,2024-05-27,2024,2,5,22,operasional,train,0.0,0.0,0.0,0,0,0,28.23800961527322,0.0,0.0,0.0,0,0,0.0,0.0
SLD,2024-06-03,2024,2,6,23,operasional,train,0.0,0.0,0.0,0,0,0,28.23800961527322,0.0,0.0,0.0,0,1,0.0,0.0
SLD,2024-06-10,2024,2,6,24,operasional,train,0.0,0.0,0.0,0,0,0,28.23800961527322,0.0,0.0,0.0,0,1,0.0,0.0
SLD,2024-06-17,2024,2,6,25,operasional,train,0.0,0.0,0.0,0,0,0,28.23800961527322,0.0,0.0,0.0,1,1,0.0,0.0
SLD,2024-06-24,2024,2,6,26,operasional,train,0.0,0.0,0.0,0,0,0,28.23800961527322,0.0,0.0,0.0,1,1,0.0,0.0
SLD,2024-07-01,2024,3,7,27,operasional,train,0.0,0.0,0.0,0,0,0,28.23800961527322,0.0,0.0,0.0,0,1,0.0,0.0
SLD,2024-07-08,2024,3,7,28,operasional,train,0.0,0.0,0.0,0,0,0,28.23800961527322,0.0,0.0,0.0,0,0,0.0,0.0
SLD,2024-07-15,2024,3,7,29,operasional,train,0.0,0.0,0.0,0,0,0,28.23800961527322,0.0,0.0,0.0,0,1,0.0,0.0
SLD,2024-07-22,2024,3,7,30,operasional,train,11.0,11.0,2.4849066497880004,0,0,0,28.23800961527322,55000.0,1.0,1.0,0,0,86.0,1.0
SLD,2024-07-29,2024,3,7,31,operasional,train,0.0,0.0,0.0,0,0,0,28.23800961527322,0.0,0.0,0.0,1,0,0.0,0.0
SLD,2024-08-05,2024,3,8,32,operasional,train,0.0,0.0,0.0,0,0,0,28.23800961527322,0.0,0.0,0.0,0,0,0.0,0.0
SLD,2024-08-12,2024,3,8,33,operasional,train,8.0,8.0,2.1972245773362196,0,0,0,28.23800961527322,40000.0,1.0,1.0,1,0,0.0,0.0
SLD,2024-08-19,2024,3,8,34,operasional,train,4.0,4.0,1.6094379124341003,0,0,0,28.23800961527322,20000.0,1.0,1.0,1,0,0.0,0.0
SLD,2024-08-26,2024,3,8,35,operasional,train,7.0,7.0,2.0794415416798357,0,0,0,28.23800961527322,35000.0,1.0,1.0,0,1,0.0,0.0
SLD,2024-09-02,2024,3,9,36,operasional,train,0.0,0.0,0.0,0,0,0,28.23800961527322,0.0,0.0,0.0,1,0,0.0,0.0
SLD,2024-09-09,2024,3,9,37,operasional,train,0.0,0.0,0.0,0,0,0,28.23800961527322,0.0,0.0,0.0,0,0,0.0,0.0
SLD,2024-09-16,2024,3,9,38,operasional,train,0.0,0.0,0.0,0,0,0,28.23800961527322,0.0,0.0,0.0,1,0,0.0,0.0
SLD,2024-09-23,2024,3,9,39,operasional,train,10.0,10.0,2.3978952727983707,0,0,0,28.23800961527322,50000.0,1.0,1.0,1,0,0.0,0.0
SLD,2024-09-30,2024,3,9,40,operasional,train,3.0,3.0,1.3862943611198906,0,0,0,28.23800961527322,15000.0,1.0,1.0,0,1,0.0,0.0
SLD,2024-10-07,2024,4,10,41,operasional,train,0.0,0.0,0.0,0,0,0,28.23800961527322,0.0,0.0,0.0,1,0,0.0,0.0
SLD,2024-10-14,2024,4,10,42,operasional,train,0.0,0.0,0.0,0,0,0,28.23800961527322,0.0,0.0,0.0,0,0,0.0,0.0
SLD,2024-10-21,2024,4,10,43,tidak_tercatat,train,,,,0,0,0,28.23800961527322,,,,0,0,,
SLD,2024-10-28,2024,4,10,44,tidak_tercatat,train,,,,0,0,0,28.23800961527322,,,,0,0,,
SLD,2024-11-04,2024,4,11,45,tidak_tercatat,train,,,,0,0,0,28.23800961527322,,,,0,0,,
SLD,2024-11-11,2024,4,11,46,tidak_tercatat,train,,,,0,0,0,28.23800961527322,,,,0,0,,
SLD,2024-11-18,2024,4,11,47,tidak_tercatat,train,,,,0,0,0,28.23800961527322,,,,0,0,,
SLD,2024-11-25,2024,4,11,48,tidak_tercatat,train,,,,0,0,0,28.23800961527322,,,,0,0,,
SLD,2024-12-02,2024,4,12,49,tidak_tercatat,train,,,,0,0,0,28.23800961527322,,,,0,0,,
SLD,2024-12-09,2024,4,12,50,tidak_tercatat,train,,,,0,0,0,28.23800961527322,,,,0,0,,
SLD,2024-12-16,2024,4,12,51,tidak_tercatat,train,,,,0,0,0,28.23800961527322,,,,0,0,,
SLD,2024-12-23,2024,4,12,52,tidak_tercatat,train,,,,0,0,0,28.23800961527322,,,,0,0,,
SLD,2024-12-30,2024,4,12,1,tidak_tercatat,train,,,,0,0,0,28.23800961527322,,,,0,0,,
SLD,2025-01-06,2025,1,1,2,tidak_tercatat,train,,,,0,0,0,28.23800961527322,,,,0,0,,
SLD,2025-01-13,2025,1,1,3,tidak_tercatat,train,,,,0,0,0,28.23800961527322,,,,0,0,,
SLD,2025-01-20,2025,1,1,4,tidak_tercatat,train,,,,0,0,0,28.23800961527322,,,,0,0,,
SLD,2025-01-27,2025,1,1,5,operasional,train,0.0,0.0,0.0,0,0,0,28.23800961527322,0.0,0.0,0.0,0,0,0.0,0.0
SLD,2025-02-03,2025,1,2,6,operasional,train,0.0,0.0,0.0,0,0,0,28.23800961527322,0.0,0.0,0.0,0,0,0.0,0.0
SLD,2025-02-10,2025,1,2,7,operasional,train,0.0,0.0,0.0,0,0,0,28.23800961527322,0.0,0.0,0.0,0,0,0.0,0.0
SLD,2025-02-17,2025,1,2,8,operasional,train,0.0,0.0,0.0,0,0,0,28.23800961527322,0.0,0.0,0.0,0,0,0.0,0.0
SLD,2025-02-24,2025,1,2,9,operasional,train,0.0,0.0,0.0,0,0,0,28.23800961527322,0.0,0.0,0.0,0,0,0.0,0.0
SLD,2025-03-03,2025,1,3,10,tidak_tercatat,train,,,,0,0,0,28.23800961527322,,,,0,0,,
SLD,2025-03-10,2025,1,3,11,tidak_tercatat,train,,,,0,0,0,28.23800961527322,,,,0,0,,
SLD,2025-03-17,2025,1,3,12,tidak_tercatat,train,,,,0,0,0,28.23800961527322,,,,0,0,,
SLD,2025-03-24,2025,1,3,13,tidak_tercatat,train,,,,0,0,0,28.23800961527322,,,,0,0,,
SLD,2025-03-31,2025,1,3,14,tidak_tercatat,train,,,,0,0,0,28.23800961527322,,,,0,0,,
SLD,2025-04-07,2025,2,4,15,tidak_tercatat,train,,,,0,0,0,28.23800961527322,,,,0,0,,
SLD,2025-04-14,2025,2,4,16,operasional,train,0.0,0.0,0.0,0,0,0,28.23800961527322,0.0,0.0,0.0,0,0,0.0,0.0
SLD,2025-04-21,2025,2,4,17,operasional,train,0.0,0.0,0.0,0,0,0,28.23800961527322,0.0,0.0,0.0,0,0,0.0,0.0
SLD,2025-04-28,2025,2,4,18,operasional,train,0.0,0.0,0.0,0,0,0,28.23800961527322,0.0,0.0,0.0,0,0,0.0,0.0
SLD,2025-05-05,2025,2,5,19,operasional,train,0.0,0.0,0.0,0,0,0,28.23800961527322,0.0,0.0,0.0,0,0,0.0,0.0
SLD,2025-05-12,2025,2,5,20,operasional,train,0.0,0.0,0.0,0,0,0,28.23800961527322,0.0,0.0,0.0,0,0,0.0,0.0
SLD,2025-05-19,2025,2,5,21,operasional,train,0.0,0.0,0.0,0,0,0,28.23800961527322,0.0,0.0,0.0,0,0,0.0,0.0
SLD,2025-05-26,2025,2,5,22,operasional,train,0.0,0.0,0.0,0,0,0,28.23800961527322,0.0,0.0,0.0,0,0,0.0,0.0
SLD,2025-06-02,2025,2,6,23,operasional,train,0.0,0.0,0.0,0,0,0,28.23800961527322,0.0,0.0,0.0,0,0,0.0,0.0
SLD,2025-06-09,2025,2,6,24,operasional,train,0.0,0.0,0.0,0,0,0,28.23800961527322,0.0,0.0,0.0,1,1,0.0,0.0
SLD,2025-06-16,2025,2,6,25,operasional,train,0.0,0.0,0.0,0,0,0,28.23800961527322,0.0,0.0,0.0,0,0,0.0,0.0
SLD,2025-06-23,2025,2,6,26,operasional,train,0.0,0.0,0.0,0,0,0,28.23800961527322,0.0,0.0,0.0,1,1,0.0,0.0
SLD,2025-06-30,2025,2,6,27,operasional,train,0.0,0.0,0.0,0,0,0,28.23800961527322,0.0,0.0,0.0,0,0,0.0,0.0
SLD,2025-07-07,2025,3,7,28,operasional,train,0.0,0.0,0.0,0,0,0,28.23800961527322,0.0,0.0,0.0,0,0,0.0,0.0
SLD,2025-07-14,2025,3,7,29,operasional,train,0.0,0.0,0.0,0,0,0,28.23800961527322,0.0,0.0,0.0,0,0,0.0,0.0
SLD,2025-07-21,2025,3,7,30,operasional,train,0.0,0.0,0.0,0,0,0,28.23800961527322,0.0,0.0,0.0,0,0,0.0,0.0
SLD,2025-07-28,2025,3,7,31,operasional,train,0.0,0.0,0.0,0,0,0,28.23800961527322,0.0,0.0,0.0,0,0,0.0,0.0
SLD,2025-08-04,2025,3,8,32,operasional,train,0.0,0.0,0.0,0,0,0,28.23800961527322,0.0,0.0,0.0,0,0,0.0,0.0
SLD,2025-08-11,2025,3,8,33,operasional,train,0.0,0.0,0.0,0,0,0,28.23800961527322,0.0,0.0,0.0,1,0,0.0,0.0
SLD,2025-08-18,2025,3,8,34,operasional,train,5.0,5.0,1.791759469228055,0,0,0,28.23800961527322,25000.0,1.0,1.0,0,0,64.5,1.0
SLD,2025-08-25,2025,3,8,35,operasional,train,12.0,12.0,2.5649493574615367,0,0,0,28.23800961527322,60000.0,2.0,2.0,0,0,0.0,0.0
SLD,2025-09-01,2025,3,9,36,operasional,train,8.0,8.0,2.1972245773362196,0,0,0,28.23800961527322,40000.0,1.0,1.0,0,0,0.0,0.0
SLD,2025-09-08,2025,3,9,37,operasional,train,0.0,0.0,0.0,0,0,0,28.23800961527322,0.0,0.0,0.0,0,0,0.0,0.0
SLD,2025-09-15,2025,3,9,38,operasional,train,0.0,0.0,0.0,0,0,0,28.23800961527322,0.0,0.0,0.0,0,0,0.0,0.0
SLD,2025-09-22,2025,3,9,39,operasional,train,0.0,0.0,0.0,0,0,0,28.23800961527322,0.0,0.0,0.0,0,1,0.0,0.0
SLD,2025-09-29,2025,3,9,40,operasional,train,0.0,0.0,0.0,0,0,0,28.23800961527322,0.0,0.0,0.0,0,0,0.0,0.0
SLD,2025-10-06,2025,4,10,41,operasional,train,0.0,0.0,0.0,0,0,0,28.23800961527322,0.0,0.0,0.0,0,0,0.0,0.0
SLD,2025-10-13,2025,4,10,42,operasional,train,0.0,0.0,0.0,0,0,0,28.23800961527322,0.0,0.0,0.0,0,0,0.0,0.0
SLD,2025-10-20,2025,4,10,43,operasional,train,0.0,0.0,0.0,0,0,0,28.23800961527322,0.0,0.0,0.0,0,0,0.0,0.0
SLD,2025-10-27,2025,4,10,44,operasional,train,0.0,0.0,0.0,0,0,0,28.23800961527322,0.0,0.0,0.0,0,0,0.0,0.0
SLD,2025-11-03,2025,4,11,45,operasional,train,0.0,0.0,0.0,0,0,0,28.23800961527322,0.0,0.0,0.0,0,0,0.0,0.0
SLD,2025-11-10,2025,4,11,46,operasional,train,0.0,0.0,0.0,0,0,0,28.23800961527322,0.0,0.0,0.0,0,0,0.0,0.0
SLD,2025-11-17,2025,4,11,47,operasional,train,0.0,0.0,0.0,0,0,0,28.23800961527322,0.0,0.0,0.0,0,0,0.0,0.0
SLD,2025-11-24,2025,4,11,48,operasional,train,0.0,0.0,0.0,0,0,0,28.23800961527322,0.0,0.0,0.0,0,0,0.0,0.0
SLD,2025-12-01,2025,4,12,49,operasional,train,0.0,0.0,0.0,0,0,0,28.23800961527322,0.0,0.0,0.0,1,0,0.0,0.0
SLD,2025-12-08,2025,4,12,50,operasional,train,0.0,0.0,0.0,0,0,0,28.23800961527322,0.0,0.0,0.0,0,0,0.0,0.0
SLD,2025-12-15,2025,4,12,51,operasional,train,0.0,0.0,0.0,0,0,0,28.23800961527322,0.0,0.0,0.0,0,0,0.0,0.0
SLD,2025-12-22,2025,4,12,52,operasional,train,0.0,0.0,0.0,0,0,0,28.23800961527322,0.0,0.0,0.0,0,0,0.0,0.0
SLD,2025-12-29,2025,4,12,1,operasional,train,0.0,0.0,0.0,0,0,0,28.23800961527322,0.0,0.0,0.0,0,0,0.0,0.0
SLD,2026-01-05,2026,1,1,2,operasional,train,0.0,0.0,0.0,0,0,0,28.23800961527322,0.0,0.0,0.0,0,0,0.0,0.0
SLD,2026-01-12,2026,1,1,3,operasional,train,0.0,0.0,0.0,0,0,0,28.23800961527322,0.0,0.0,0.0,0,0,0.0,0.0
SLD,2026-01-19,2026,1,1,4,operasional,train,0.0,0.0,0.0,0,0,0,28.23800961527322,0.0,0.0,0.0,0,0,0.0,0.0
SLD,2026-01-26,2026,1,1,5,operasional,train,0.0,0.0,0.0,0,0,0,28.23800961527322,0.0,0.0,0.0,0,0,0.0,0.0
SLD,2026-02-02,2026,1,2,6,operasional,train,0.0,0.0,0.0,0,0,0,28.23800961527322,0.0,0.0,0.0,1,0,0.0,0.0
SLD,2026-02-09,2026,1,2,7,operasional,train,0.0,0.0,0.0,0,0,0,28.23800961527322,0.0,0.0,0.0,0,0,0.0,0.0
SLD,2026-02-16,2026,1,2,8,operasional,train,0.0,0.0,0.0,0,0,0,28.23800961527322,0.0,0.0,0.0,0,0,0.0,0.0
SLD,2026-02-23,2026,1,2,9,operasional,train,0.0,0.0,0.0,0,0,0,28.23800961527322,0.0,0.0,0.0,0,0,0.0,0.0
SLD,2026-03-02,2026,1,3,10,operasional,train,0.0,0.0,0.0,0,0,0,28.23800961527322,0.0,0.0,0.0,0,0,0.0,0.0
SLD,2026-03-09,2026,1,3,11,operasional,train,0.0,0.0,0.0,0,0,0,28.23800961527322,0.0,0.0,0.0,0,0,0.0,0.0
SLD,2026-03-16,2026,1,3,12,operasional,train,0.0,0.0,0.0,0,0,0,28.23800961527322,0.0,0.0,0.0,1,0,0.0,0.0
SLD,2026-03-23,2026,1,3,13,operasional,train,0.0,0.0,0.0,0,0,0,28.23800961527322,0.0,0.0,0.0,0,0,0.0,0.0
SLD,2026-03-30,2026,1,3,14,operasional,train,0.0,0.0,0.0,0,0,0,28.23800961527322,0.0,0.0,0.0,1,0,0.0,0.0
SLD,2026-04-06,2026,2,4,15,operasional,test,0.0,0.0,0.0,0,0,0,28.23800961527322,0.0,0.0,0.0,0,0,0.0,0.0
SLD,2026-04-13,2026,2,4,16,operasional,test,0.0,0.0,0.0,0,0,0,28.23800961527322,0.0,0.0,0.0,0,1,0.0,0.0
SLD,2026-04-20,2026,2,4,17,operasional,test,0.0,0.0,0.0,0,0,0,28.23800961527322,0.0,0.0,0.0,0,0,0.0,0.0
SLD,2026-04-27,2026,2,4,18,operasional,test,0.0,0.0,0.0,0,0,0,28.23800961527322,0.0,0.0,0.0,0,0,0.0,0.0
SLD,2026-05-04,2026,2,5,19,operasional,test,0.0,0.0,0.0,0,0,0,28.23800961527322,0.0,0.0,0.0,1,0,0.0,0.0
SLD,2026-05-11,2026,2,5,20,operasional,test,0.0,0.0,0.0,0,0,0,28.23800961527322,0.0,0.0,0.0,0,1,0.0,0.0
SLD,2026-05-18,2026,2,5,21,operasional,test,0.0,0.0,0.0,0,0,0,28.23800961527322,0.0,0.0,0.0,0,0,0.0,0.0
SLD,2026-05-25,2026,2,5,22,operasional,test,0.0,0.0,0.0,0,0,0,28.23800961527322,0.0,0.0,0.0,0,0,0.0,0.0
SLD,2026-06-01,2026,2,6,23,operasional,test,0.0,0.0,0.0,0,0,0,28.23800961527322,0.0,0.0,0.0,0,0,0.0,0.0
SLD,2026-06-08,2026,2,6,24,operasional,test,0.0,0.0,0.0,0,0,0,28.23800961527322,0.0,0.0,0.0,0,0,0.0,0.0
SLD,2026-06-15,2026,2,6,25,operasional,test,0.0,0.0,0.0,0,0,0,28.23800961527322,0.0,0.0,0.0,0,0,0.0,0.0
SLD,2026-06-22,2026,2,6,26,operasional,test,0.0,0.0,0.0,0,0,0,28.23800961527322,0.0,0.0,0.0,1,0,0.0,0.0
SLD,2026-06-29,2026,2,6,27,operasional,test,0.0,0.0,0.0,0,0,0,28.23800961527322,0.0,0.0,0.0,0,1,0.0,0.0
SLD,2026-07-06,2026,3,7,28,operasional,test,0.0,0.0,0.0,0,0,0,28.23800961527322,0.0,0.0,0.0,0,0,0.0,0.0
SLD,2026-07-13,2026,3,7,29,operasional,test,0.0,0.0,0.0,0,0,0,28.23800961527322,0.0,0.0,0.0,0,0,0.0,0.0
SLD,2026-07-20,2026,3,7,30,operasional,test,0.0,0.0,0.0,0,0,0,28.23800961527322,0.0,0.0,0.0,1,1,0.0,0.0
SLD,2026-07-27,2026,3,7,31,operasional,test,0.0,0.0,0.0,0,0,0,28.23800961527322,0.0,0.0,0.0,0,0,0.0,0.0
SLD,2026-08-03,2026,3,8,32,operasional,test,0.0,0.0,0.0,0,0,0,28.23800961527322,0.0,0.0,0.0,0,0,0.0,0.0
SLD,2026-08-10,2026,3,8,33,operasional,test,0.0,0.0,0.0,0,0,0,28.23800961527322,0.0,0.0,0.0,0,1,0.0,0.0
SLD,2026-08-17,2026,3,8,34,operasional,test,0.0,0.0,0.0,0,0,0,28.23800961527322,0.0,0.0,0.0,0,1,0.0,0.0
SLD,2026-08-24,2026,3,8,35,operasional,test,0.0,0.0,0.0,0,0,0,28.23800961527322,0.0,0.0,0.0,1,0,0.0,0.0
SLD,2026-08-31,2026,3,8,36,operasional,test,0.0,0.0,0.0,0,0,0,28.23800961527322,0.0,0.0,0.0,0,1,0.0,0.0
SLD,2026-09-07,2026,3,9,37,operasional,test,0.0,0.0,0.0,0,0,0,28.23800961527322,0.0,0.0,0.0,0,0,0.0,0.0
SLD,2026-09-14,2026,3,9,38,operasional,test,0.0,0.0,0.0,0,0,0,28.23800961527322,0.0,0.0,0.0,1,1,0.0,0.0
SLD,2026-09-21,2026,3,9,39,operasional,test,0.0,0.0,0.0,0,0,0,28.23800961527322,0.0,0.0,0.0,0,0,0.0,0.0
SYR,2024-01-01,2024,1,1,1,sebelum_produk_dijual,train,,,,0,0,0,18.490524512136176,,,,1,0,,
SYR,2024-01-08,2024,1,1,2,sebelum_produk_dijual,train,,,,0,0,0,18.490524512136176,,,,1,0,,
SYR,2024-01-15,2024,1,1,3,sebelum_produk_dijual,train,,,,0,0,0,18.490524512136176,,,,0,0,,
SYR,2024-01-22,2024,1,1,4,operasional,train,6.0,6.0,1.9459101490553132,0,0,0,18.490524512136176,24000.0,1.0,1.0,0,0,48.0,1.0
SYR,2024-01-29,2024,1,1,5,operasional,train,0.0,0.0,0.0,0,0,0,18.490524512136176,0.0,0.0,0.0,0,0,0.0,0.0
SYR,2024-02-05,2024,1,2,6,operasional,train,0.0,0.0,0.0,0,0,0,18.490524512136176,0.0,0.0,0.0,1,0,0.0,0.0
SYR,2024-02-12,2024,1,2,7,operasional,train,0.0,0.0,0.0,0,0,0,18.490524512136176,0.0,0.0,0.0,1,0,0.0,0.0
SYR,2024-02-19,2024,1,2,8,operasional,train,0.0,0.0,0.0,0,0,0,18.490524512136176,0.0,0.0,0.0,0,0,0.0,0.0
SYR,2024-02-26,2024,1,2,9,operasional,train,2.0,2.0,1.0986122886681096,0,0,0,18.490524512136176,8000.0,1.0,1.0,1,0,0.0,0.0
SYR,2024-03-04,2024,1,3,10,operasional,train,0.0,0.0,0.0,0,0,0,18.490524512136176,0.0,0.0,0.0,0,0,0.0,0.0
SYR,2024-03-11,2024,1,3,11,operasional,train,0.0,0.0,0.0,0,0,0,18.490524512136176,0.0,0.0,0.0,1,0,0.0,0.0
SYR,2024-03-18,2024,1,3,12,operasional,train,0.0,0.0,0.0,0,0,0,18.490524512136176,0.0,0.0,0.0,1,0,0.0,0.0
SYR,2024-03-25,2024,1,3,13,operasional,train,0.0,0.0,0.0,0,0,0,18.490524512136176,0.0,0.0,0.0,0,1,0.0,0.0
SYR,2024-04-01,2024,2,4,14,operasional,train,0.0,0.0,0.0,0,0,0,18.490524512136176,0.0,0.0,0.0,1,0,0.0,0.0
SYR,2024-04-08,2024,2,4,15,operasional,train,10.0,10.0,2.3978952727983707,0,0,0,18.490524512136176,40000.0,1.0,1.0,0,0,0.0,0.0
SYR,2024-04-15,2024,2,4,16,operasional,train,0.0,0.0,0.0,0,0,0,18.490524512136176,0.0,0.0,0.0,1,0,0.0,0.0
SYR,2024-04-22,2024,2,4,17,operasional,train,0.0,0.0,0.0,0,0,0,18.490524512136176,0.0,0.0,0.0,1,0,0.0,0.0
SYR,2024-04-29,2024,2,4,18,operasional,train,0.0,0.0,0.0,0,0,0,18.490524512136176,0.0,0.0,0.0,0,1,0.0,0.0
SYR,2024-05-06,2024,2,5,19,operasional,train,0.0,0.0,0.0,0,0,0,18.490524512136176,0.0,0.0,0.0,1,0,0.0,0.0
SYR,2024-05-13,2024,2,5,20,operasional,train,5.0,5.0,1.791759469228055,0,0,0,18.490524512136176,20000.0,1.0,1.0,0,0,0.0,0.0
SYR,2024-05-20,2024,2,5,21,operasional,train,0.0,0.0,0.0,0,0,0,18.490524512136176,0.0,0.0,0.0,0,1,0.0,0.0
SYR,2024-05-27,2024,2,5,22,operasional,train,0.0,0.0,0.0,0,0,0,18.490524512136176,0.0,0.0,0.0,0,0,0.0,0.0
SYR,2024-06-03,2024,2,6,23,operasional,train,0.0,0.0,0.0,0,0,0,18.490524512136176,0.0,0.0,0.0,0,1,0.0,0.0
SYR,2024-06-10,2024,2,6,24,operasional,train,0.0,0.0,0.0,0,0,0,18.490524512136176,0.0,0.0,0.0,0,1,0.0,0.0
SYR,2024-06-17,2024,2,6,25,operasional,train,0.0,0.0,0.0,0,0,0,18.490524512136176,0.0,0.0,0.0,1,1,0.0,0.0
SYR,2024-06-24,2024,2,6,26,operasional,train,0.0,0.0,0.0,0,0,0,18.490524512136176,0.0,0.0,0.0,1,1,0.0,0.0
SYR,2024-07-01,2024,3,7,27,operasional,train,0.0,0.0,0.0,0,0,0,18.490524512136176,0.0,0.0,0.0,0,1,0.0,0.0
SYR,2024-07-08,2024,3,7,28,operasional,train,0.0,0.0,0.0,0,0,0,18.490524512136176,0.0,0.0,0.0,0,0,0.0,0.0
SYR,2024-07-15,2024,3,7,29,operasional,train,0.0,0.0,0.0,0,0,0,18.490524512136176,0.0,0.0,0.0,0,1,0.0,0.0
SYR,2024-07-22,2024,3,7,30,operasional,train,0.0,0.0,0.0,0,0,0,18.490524512136176,0.0,0.0,0.0,0,0,0.0,0.0
SYR,2024-07-29,2024,3,7,31,operasional,train,2.0,2.0,1.0986122886681096,0,0,0,18.490524512136176,8000.0,1.0,1.0,1,0,23.0,1.0
SYR,2024-08-05,2024,3,8,32,operasional,train,0.0,0.0,0.0,0,0,0,18.490524512136176,0.0,0.0,0.0,0,0,0.0,0.0
SYR,2024-08-12,2024,3,8,33,operasional,train,0.0,0.0,0.0,0,0,0,18.490524512136176,0.0,0.0,0.0,1,0,0.0,0.0
SYR,2024-08-19,2024,3,8,34,operasional,train,0.0,0.0,0.0,0,0,0,18.490524512136176,0.0,0.0,0.0,1,0,0.0,0.0
SYR,2024-08-26,2024,3,8,35,operasional,train,0.0,0.0,0.0,0,0,0,18.490524512136176,0.0,0.0,0.0,0,1,0.0,0.0
SYR,2024-09-02,2024,3,9,36,operasional,train,0.0,0.0,0.0,0,0,0,18.490524512136176,0.0,0.0,0.0,1,0,0.0,0.0
SYR,2024-09-09,2024,3,9,37,operasional,train,10.0,10.0,2.3978952727983707,0,0,0,18.490524512136176,40000.0,1.0,1.0,0,0,0.0,0.0
SYR,2024-09-16,2024,3,9,38,operasional,train,0.0,0.0,0.0,0,0,0,18.490524512136176,0.0,0.0,0.0,1,0,0.0,0.0
SYR,2024-09-23,2024,3,9,39,operasional,train,0.0,0.0,0.0,0,0,0,18.490524512136176,0.0,0.0,0.0,1,0,0.0,0.0
SYR,2024-09-30,2024,3,9,40,operasional,train,0.0,0.0,0.0,0,0,0,18.490524512136176,0.0,0.0,0.0,0,1,0.0,0.0
SYR,2024-10-07,2024,4,10,41,operasional,train,0.0,0.0,0.0,0,0,0,18.490524512136176,0.0,0.0,0.0,1,0,0.0,0.0
SYR,2024-10-14,2024,4,10,42,operasional,train,5.0,5.0,1.791759469228055,0,0,0,18.490524512136176,20000.0,1.0,1.0,0,0,0.0,0.0
SYR,2024-10-21,2024,4,10,43,tidak_tercatat,train,,,,0,0,0,18.490524512136176,,,,0,0,,
SYR,2024-10-28,2024,4,10,44,tidak_tercatat,train,,,,0,0,0,18.490524512136176,,,,0,0,,
SYR,2024-11-04,2024,4,11,45,tidak_tercatat,train,,,,0,0,0,18.490524512136176,,,,0,0,,
SYR,2024-11-11,2024,4,11,46,tidak_tercatat,train,,,,0,0,0,18.490524512136176,,,,0,0,,
SYR,2024-11-18,2024,4,11,47,tidak_tercatat,train,,,,0,0,0,18.490524512136176,,,,0,0,,
SYR,2024-11-25,2024,4,11,48,tidak_tercatat,train,,,,0,0,0,18.490524512136176,,,,0,0,,
SYR,2024-12-02,2024,4,12,49,tidak_tercatat,train,,,,0,0,0,18.490524512136176,,,,0,0,,
SYR,2024-12-09,2024,4,12,50,tidak_tercatat,train,,,,0,0,0,18.490524512136176,,,,0,0,,
SYR,2024-12-16,2024,4,12,51,tidak_tercatat,train,,,,0,0,0,18.490524512136176,,,,0,0,,
SYR,2024-12-23,2024,4,12,52,tidak_tercatat,train,,,,0,0,0,18.490524512136176,,,,0,0,,
SYR,2024-12-30,2024,4,12,1,tidak_tercatat,train,,,,0,0,0,18.490524512136176,,,,0,0,,
SYR,2025-01-06,2025,1,1,2,tidak_tercatat,train,,,,0,0,0,18.490524512136176,,,,0,0,,
SYR,2025-01-13,2025,1,1,3,tidak_tercatat,train,,,,0,0,0,18.490524512136176,,,,0,0,,
SYR,2025-01-20,2025,1,1,4,tidak_tercatat,train,,,,0,0,0,18.490524512136176,,,,0,0,,
SYR,2025-01-27,2025,1,1,5,operasional,train,0.0,0.0,0.0,0,0,0,18.490524512136176,0.0,0.0,0.0,0,0,0.0,0.0
SYR,2025-02-03,2025,1,2,6,operasional,train,0.0,0.0,0.0,0,0,0,18.490524512136176,0.0,0.0,0.0,0,0,0.0,0.0
SYR,2025-02-10,2025,1,2,7,operasional,train,0.0,0.0,0.0,0,0,0,18.490524512136176,0.0,0.0,0.0,0,0,0.0,0.0
SYR,2025-02-17,2025,1,2,8,operasional,train,0.0,0.0,0.0,0,0,0,18.490524512136176,0.0,0.0,0.0,0,0,0.0,0.0
SYR,2025-02-24,2025,1,2,9,operasional,train,0.0,0.0,0.0,0,0,0,18.490524512136176,0.0,0.0,0.0,0,0,0.0,0.0
SYR,2025-03-03,2025,1,3,10,tidak_tercatat,train,,,,0,0,0,18.490524512136176,,,,0,0,,
SYR,2025-03-10,2025,1,3,11,tidak_tercatat,train,,,,0,0,0,18.490524512136176,,,,0,0,,
SYR,2025-03-17,2025,1,3,12,tidak_tercatat,train,,,,0,0,0,18.490524512136176,,,,0,0,,
SYR,2025-03-24,2025,1,3,13,tidak_tercatat,train,,,,0,0,0,18.490524512136176,,,,0,0,,
SYR,2025-03-31,2025,1,3,14,tidak_tercatat,train,,,,0,0,0,18.490524512136176,,,,0,0,,
SYR,2025-04-07,2025,2,4,15,tidak_tercatat,train,,,,0,0,0,18.490524512136176,,,,0,0,,
SYR,2025-04-14,2025,2,4,16,operasional,train,0.0,0.0,0.0,0,0,0,18.490524512136176,0.0,0.0,0.0,0,0,0.0,0.0
SYR,2025-04-21,2025,2,4,17,operasional,train,0.0,0.0,0.0,0,0,0,18.490524512136176,0.0,0.0,0.0,0,0,0.0,0.0
SYR,2025-04-28,2025,2,4,18,operasional,train,0.0,0.0,0.0,0,0,0,18.490524512136176,0.0,0.0,0.0,0,0,0.0,0.0
SYR,2025-05-05,2025,2,5,19,operasional,train,0.0,0.0,0.0,0,0,0,18.490524512136176,0.0,0.0,0.0,0,0,0.0,0.0
SYR,2025-05-12,2025,2,5,20,operasional,train,0.0,0.0,0.0,0,0,0,18.490524512136176,0.0,0.0,0.0,0,0,0.0,0.0
SYR,2025-05-19,2025,2,5,21,operasional,train,0.0,0.0,0.0,0,0,0,18.490524512136176,0.0,0.0,0.0,0,0,0.0,0.0
SYR,2025-05-26,2025,2,5,22,operasional,train,0.0,0.0,0.0,0,0,0,18.490524512136176,0.0,0.0,0.0,0,0,0.0,0.0
SYR,2025-06-02,2025,2,6,23,operasional,train,0.0,0.0,0.0,0,0,0,18.490524512136176,0.0,0.0,0.0,0,0,0.0,0.0
SYR,2025-06-09,2025,2,6,24,operasional,train,0.0,0.0,0.0,0,0,0,18.490524512136176,0.0,0.0,0.0,1,1,0.0,0.0
SYR,2025-06-16,2025,2,6,25,operasional,train,0.0,0.0,0.0,0,0,0,18.490524512136176,0.0,0.0,0.0,0,0,0.0,0.0
SYR,2025-06-23,2025,2,6,26,operasional,train,0.0,0.0,0.0,0,0,0,18.490524512136176,0.0,0.0,0.0,1,1,0.0,0.0
SYR,2025-06-30,2025,2,6,27,operasional,train,0.0,0.0,0.0,0,0,0,18.490524512136176,0.0,0.0,0.0,0,0,0.0,0.0
SYR,2025-07-07,2025,3,7,28,operasional,train,0.0,0.0,0.0,0,0,0,18.490524512136176,0.0,0.0,0.0,0,0,0.0,0.0
SYR,2025-07-14,2025,3,7,29,operasional,train,0.0,0.0,0.0,0,0,0,18.490524512136176,0.0,0.0,0.0,0,0,0.0,0.0
SYR,2025-07-21,2025,3,7,30,operasional,train,0.0,0.0,0.0,0,0,0,18.490524512136176,0.0,0.0,0.0,0,0,0.0,0.0
SYR,2025-07-28,2025,3,7,31,operasional,train,0.0,0.0,0.0,0,0,0,18.490524512136176,0.0,0.0,0.0,0,0,0.0,0.0
SYR,2025-08-04,2025,3,8,32,operasional,train,0.0,0.0,0.0,0,0,0,18.490524512136176,0.0,0.0,0.0,0,0,0.0,0.0
SYR,2025-08-11,2025,3,8,33,operasional,train,0.0,0.0,0.0,0,0,0,18.490524512136176,0.0,0.0,0.0,1,0,0.0,0.0
SYR,2025-08-18,2025,3,8,34,operasional,train,0.0,0.0,0.0,0,0,0,18.490524512136176,0.0,0.0,0.0,0,0,0.0,0.0
SYR,2025-08-25,2025,3,8,35,operasional,train,0.0,0.0,0.0,0,0,0,18.490524512136176,0.0,0.0,0.0,0,0,0.0,0.0
SYR,2025-09-01,2025,3,9,36,operasional,train,0.0,0.0,0.0,0,0,0,18.490524512136176,0.0,0.0,0.0,0,0,0.0,0.0
SYR,2025-09-08,2025,3,9,37,operasional,train,0.0,0.0,0.0,0,0,0,18.490524512136176,0.0,0.0,0.0,0,0,0.0,0.0
SYR,2025-09-15,2025,3,9,38,operasional,train,0.0,0.0,0.0,0,0,0,18.490524512136176,0.0,0.0,0.0,0,0,0.0,0.0
SYR,2025-09-22,2025,3,9,39,operasional,train,0.0,0.0,0.0,0,0,0,18.490524512136176,0.0,0.0,0.0,0,1,0.0,0.0
SYR,2025-09-29,2025,3,9,40,operasional,train,0.0,0.0,0.0,0,0,0,18.490524512136176,0.0,0.0,0.0,0,0,0.0,0.0
SYR,2025-10-06,2025,4,10,41,operasional,train,0.0,0.0,0.0,0,0,0,18.490524512136176,0.0,0.0,0.0,0,0,0.0,0.0
SYR,2025-10-13,2025,4,10,42,operasional,train,0.0,0.0,0.0,0,0,0,18.490524512136176,0.0,0.0,0.0,0,0,0.0,0.0
SYR,2025-10-20,2025,4,10,43,operasional,train,0.0,0.0,0.0,0,0,0,18.490524512136176,0.0,0.0,0.0,0,0,0.0,0.0
SYR,2025-10-27,2025,4,10,44,operasional,train,0.0,0.0,0.0,0,0,0,18.490524512136176,0.0,0.0,0.0,0,0,0.0,0.0
SYR,2025-11-03,2025,4,11,45,operasional,train,0.0,0.0,0.0,0,0,0,18.490524512136176,0.0,0.0,0.0,0,0,0.0,0.0
SYR,2025-11-10,2025,4,11,46,operasional,train,0.0,0.0,0.0,0,0,0,18.490524512136176,0.0,0.0,0.0,0,0,0.0,0.0
SYR,2025-11-17,2025,4,11,47,operasional,train,0.0,0.0,0.0,0,0,0,18.490524512136176,0.0,0.0,0.0,0,0,0.0,0.0
SYR,2025-11-24,2025,4,11,48,operasional,train,0.0,0.0,0.0,0,0,0,18.490524512136176,0.0,0.0,0.0,0,0,0.0,0.0
SYR,2025-12-01,2025,4,12,49,operasional,train,7.0,7.0,2.0794415416798357,0,0,0,18.490524512136176,28000.0,1.0,1.0,1,0,20.0,1.0
SYR,2025-12-08,2025,4,12,50,operasional,train,0.0,0.0,0.0,0,0,0,18.490524512136176,0.0,0.0,0.0,0,0,0.0,0.0
SYR,2025-12-15,2025,4,12,51,operasional,train,0.0,0.0,0.0,0,0,0,18.490524512136176,0.0,0.0,0.0,0,0,0.0,0.0
SYR,2025-12-22,2025,4,12,52,operasional,train,0.0,0.0,0.0,0,0,0,18.490524512136176,0.0,0.0,0.0,0,0,0.0,0.0
SYR,2025-12-29,2025,4,12,1,operasional,train,0.0,0.0,0.0,0,0,0,18.490524512136176,0.0,0.0,0.0,0,0,0.0,0.0
SYR,2026-01-05,2026,1,1,2,operasional,train,0.0,0.0,0.0,0,0,0,18.490524512136176,0.0,0.0,0.0,0,0,0.0,0.0
SYR,2026-01-12,2026,1,1,3,operasional,train,0.0,0.0,0.0,0,0,0,18.490524512136176,0.0,0.0,0.0,0,0,0.0,0.0
SYR,2026-01-19,2026,1,1,4,operasional,train,0.0,0.0,0.0,0,0,0,18.490524512136176,0.0,0.0,0.0,0,0,0.0,0.0
SYR,2026-01-26,2026,1,1,5,operasional,train,0.0,0.0,0.0,0,0,0,18.490524512136176,0.0,0.0,0.0,0,0,0.0,0.0
SYR,2026-02-02,2026,1,2,6,operasional,train,0.0,0.0,0.0,0,0,0,18.490524512136176,0.0,0.0,0.0,1,0,0.0,0.0
SYR,2026-02-09,2026,1,2,7,operasional,train,0.0,0.0,0.0,0,0,0,18.490524512136176,0.0,0.0,0.0,0,0,0.0,0.0
SYR,2026-02-16,2026,1,2,8,operasional,train,0.0,0.0,0.0,0,0,0,18.490524512136176,0.0,0.0,0.0,0,0,0.0,0.0
SYR,2026-02-23,2026,1,2,9,operasional,train,0.0,0.0,0.0,0,0,0,18.490524512136176,0.0,0.0,0.0,0,0,0.0,0.0
SYR,2026-03-02,2026,1,3,10,operasional,train,0.0,0.0,0.0,0,0,0,18.490524512136176,0.0,0.0,0.0,0,0,0.0,0.0
SYR,2026-03-09,2026,1,3,11,operasional,train,0.0,0.0,0.0,0,0,0,18.490524512136176,0.0,0.0,0.0,0,0,0.0,0.0
SYR,2026-03-16,2026,1,3,12,operasional,train,0.0,0.0,0.0,0,0,0,18.490524512136176,0.0,0.0,0.0,1,0,0.0,0.0
SYR,2026-03-23,2026,1,3,13,operasional,train,0.0,0.0,0.0,0,0,0,18.490524512136176,0.0,0.0,0.0,0,0,0.0,0.0
SYR,2026-03-30,2026,1,3,14,operasional,train,0.0,0.0,0.0,0,0,0,18.490524512136176,0.0,0.0,0.0,1,0,0.0,0.0
SYR,2026-04-06,2026,2,4,15,operasional,test,0.0,0.0,0.0,0,0,0,18.490524512136176,0.0,0.0,0.0,0,0,0.0,0.0
SYR,2026-04-13,2026,2,4,16,operasional,test,0.0,0.0,0.0,0,0,0,18.490524512136176,0.0,0.0,0.0,0,1,0.0,0.0
SYR,2026-04-20,2026,2,4,17,operasional,test,0.0,0.0,0.0,0,0,0,18.490524512136176,0.0,0.0,0.0,0,0,0.0,0.0
SYR,2026-04-27,2026,2,4,18,operasional,test,0.0,0.0,0.0,0,0,0,18.490524512136176,0.0,0.0,0.0,0,0,0.0,0.0
SYR,2026-05-04,2026,2,5,19,operasional,test,0.0,0.0,0.0,0,0,0,18.490524512136176,0.0,0.0,0.0,1,0,0.0,0.0
SYR,2026-05-11,2026,2,5,20,operasional,test,0.0,0.0,0.0,0,0,0,18.490524512136176,0.0,0.0,0.0,0,1,0.0,0.0
SYR,2026-05-18,2026,2,5,21,operasional,test,0.0,0.0,0.0,0,0,0,18.490524512136176,0.0,0.0,0.0,0,0,0.0,0.0
SYR,2026-05-25,2026,2,5,22,operasional,test,0.0,0.0,0.0,0,0,0,18.490524512136176,0.0,0.0,0.0,0,0,0.0,0.0
SYR,2026-06-01,2026,2,6,23,operasional,test,0.0,0.0,0.0,0,0,0,18.490524512136176,0.0,0.0,0.0,0,0,0.0,0.0
SYR,2026-06-08,2026,2,6,24,operasional,test,0.0,0.0,0.0,0,0,0,18.490524512136176,0.0,0.0,0.0,0,0,0.0,0.0
SYR,2026-06-15,2026,2,6,25,operasional,test,0.0,0.0,0.0,0,0,0,18.490524512136176,0.0,0.0,0.0,0,0,0.0,0.0
SYR,2026-06-22,2026,2,6,26,operasional,test,0.0,0.0,0.0,0,0,0,18.490524512136176,0.0,0.0,0.0,1,0,0.0,0.0
SYR,2026-06-29,2026,2,6,27,operasional,test,0.0,0.0,0.0,0,0,0,18.490524512136176,0.0,0.0,0.0,0,1,0.0,0.0
SYR,2026-07-06,2026,3,7,28,operasional,test,0.0,0.0,0.0,0,0,0,18.490524512136176,0.0,0.0,0.0,0,0,0.0,0.0
SYR,2026-07-13,2026,3,7,29,operasional,test,0.0,0.0,0.0,0,0,0,18.490524512136176,0.0,0.0,0.0,0,0,0.0,0.0
SYR,2026-07-20,2026,3,7,30,operasional,test,0.0,0.0,0.0,0,0,0,18.490524512136176,0.0,0.0,0.0,1,1,0.0,0.0
SYR,2026-07-27,2026,3,7,31,operasional,test,0.0,0.0,0.0,0,0,0,18.490524512136176,0.0,0.0,0.0,0,0,0.0,0.0
SYR,2026-08-03,2026,3,8,32,operasional,test,0.0,0.0,0.0,0,0,0,18.490524512136176,0.0,0.0,0.0,0,0,0.0,0.0
SYR,2026-08-10,2026,3,8,33,operasional,test,0.0,0.0,0.0,0,0,0,18.490524512136176,0.0,0.0,0.0,0,1,0.0,0.0
SYR,2026-08-17,2026,3,8,34,operasional,test,0.0,0.0,0.0,0,0,0,18.490524512136176,0.0,0.0,0.0,0,1,0.0,0.0
SYR,2026-08-24,2026,3,8,35,operasional,test,0.0,0.0,0.0,0,0,0,18.490524512136176,0.0,0.0,0.0,1,0,0.0,0.0
SYR,2026-08-31,2026,3,8,36,operasional,test,0.0,0.0,0.0,0,0,0,18.490524512136176,0.0,0.0,0.0,0,1,0.0,0.0
SYR,2026-09-07,2026,3,9,37,operasional,test,0.0,0.0,0.0,0,0,0,18.490524512136176,0.0,0.0,0.0,0,0,0.0,0.0
SYR,2026-09-14,2026,3,9,38,operasional,test,0.0,0.0,0.0,0,0,0,18.490524512136176,0.0,0.0,0.0,1,1,0.0,0.0
SYR,2026-09-21,2026,3,9,39,operasional,test,0.0,0.0,0.0,0,0,0,18.490524512136176,0.0,0.0,0.0,0,0,0.0,0.0
TTL,2024-01-01,2024,1,1,1,sebelum_produk_dijual,train,,,,0,0,0,53.8274544482547,,,,1,0,,
TTL,2024-01-08,2024,1,1,2,sebelum_produk_dijual,train,,,,0,0,0,53.8274544482547,,,,1,0,,
TTL,2024-01-15,2024,1,1,3,sebelum_produk_dijual,train,,,,0,0,0,53.8274544482547,,,,0,0,,
TTL,2024-01-22,2024,1,1,4,sebelum_produk_dijual,train,,,,0,0,0,53.8274544482547,,,,0,0,,
TTL,2024-01-29,2024,1,1,5,sebelum_produk_dijual,train,,,,0,0,0,53.8274544482547,,,,0,0,,
TTL,2024-02-05,2024,1,2,6,sebelum_produk_dijual,train,,,,0,0,0,53.8274544482547,,,,1,0,,
TTL,2024-02-12,2024,1,2,7,sebelum_produk_dijual,train,,,,0,0,0,53.8274544482547,,,,1,0,,
TTL,2024-02-19,2024,1,2,8,sebelum_produk_dijual,train,,,,0,0,0,53.8274544482547,,,,0,0,,
TTL,2024-02-26,2024,1,2,9,sebelum_produk_dijual,train,,,,0,0,0,53.8274544482547,,,,1,0,,
TTL,2024-03-04,2024,1,3,10,sebelum_produk_dijual,train,,,,0,0,0,53.8274544482547,,,,0,0,,
TTL,2024-03-11,2024,1,3,11,sebelum_produk_dijual,train,,,,0,0,0,53.8274544482547,,,,1,0,,
TTL,2024-03-18,2024,1,3,12,sebelum_produk_dijual,train,,,,0,0,0,53.8274544482547,,,,1,0,,
TTL,2024-03-25,2024,1,3,13,sebelum_produk_dijual,train,,,,0,0,0,53.8274544482547,,,,0,1,,
TTL,2024-04-01,2024,2,4,14,sebelum_produk_dijual,train,,,,0,0,0,53.8274544482547,,,,1,0,,
TTL,2024-04-08,2024,2,4,15,sebelum_produk_dijual,train,,,,0,0,0,53.8274544482547,,,,0,0,,
TTL,2024-04-15,2024,2,4,16,sebelum_produk_dijual,train,,,,0,0,0,53.8274544482547,,,,1,0,,
TTL,2024-04-22,2024,2,4,17,sebelum_produk_dijual,train,,,,0,0,0,53.8274544482547,,,,1,0,,
TTL,2024-04-29,2024,2,4,18,sebelum_produk_dijual,train,,,,0,0,0,53.8274544482547,,,,0,1,,
TTL,2024-05-06,2024,2,5,19,sebelum_produk_dijual,train,,,,0,0,0,53.8274544482547,,,,1,0,,
TTL,2024-05-13,2024,2,5,20,sebelum_produk_dijual,train,,,,0,0,0,53.8274544482547,,,,0,0,,
TTL,2024-05-20,2024,2,5,21,sebelum_produk_dijual,train,,,,0,0,0,53.8274544482547,,,,0,1,,
TTL,2024-05-27,2024,2,5,22,sebelum_produk_dijual,train,,,,0,0,0,53.8274544482547,,,,0,0,,
TTL,2024-06-03,2024,2,6,23,sebelum_produk_dijual,train,,,,0,0,0,53.8274544482547,,,,0,1,,
TTL,2024-06-10,2024,2,6,24,sebelum_produk_dijual,train,,,,0,0,0,53.8274544482547,,,,0,1,,
TTL,2024-06-17,2024,2,6,25,operasional,train,12.0,12.0,2.5649493574615367,0,0,0,53.8274544482547,60000.0,2.0,2.0,1,1,15.0,1.0
TTL,2024-06-24,2024,2,6,26,operasional,train,0.0,0.0,0.0,0,0,0,53.8274544482547,0.0,0.0,0.0,1,1,0.0,0.0
TTL,2024-07-01,2024,3,7,27,operasional,train,0.0,0.0,0.0,0,0,0,53.8274544482547,0.0,0.0,0.0,0,1,0.0,0.0
TTL,2024-07-08,2024,3,7,28,operasional,train,0.0,0.0,0.0,0,0,0,53.8274544482547,0.0,0.0,0.0,0,0,0.0,0.0
TTL,2024-07-15,2024,3,7,29,operasional,train,0.0,0.0,0.0,0,0,0,53.8274544482547,0.0,0.0,0.0,0,1,0.0,0.0
TTL,2024-07-22,2024,3,7,30,operasional,train,0.0,0.0,0.0,0,0,0,53.8274544482547,0.0,0.0,0.0,0,0,0.0,0.0
TTL,2024-07-29,2024,3,7,31,operasional,train,0.0,0.0,0.0,0,0,0,53.8274544482547,0.0,0.0,0.0,1,0,0.0,0.0
TTL,2024-08-05,2024,3,8,32,operasional,train,0.0,0.0,0.0,0,0,0,53.8274544482547,0.0,0.0,0.0,0,0,0.0,0.0
TTL,2024-08-12,2024,3,8,33,operasional,train,0.0,0.0,0.0,0,0,0,53.8274544482547,0.0,0.0,0.0,1,0,0.0,0.0
TTL,2024-08-19,2024,3,8,34,operasional,train,0.0,0.0,0.0,0,0,0,53.8274544482547,0.0,0.0,0.0,1,0,0.0,0.0
TTL,2024-08-26,2024,3,8,35,operasional,train,0.0,0.0,0.0,0,0,0,53.8274544482547,0.0,0.0,0.0,0,1,0.0,0.0
TTL,2024-09-02,2024,3,9,36,operasional,train,0.0,0.0,0.0,0,0,0,53.8274544482547,0.0,0.0,0.0,1,0,0.0,0.0
TTL,2024-09-09,2024,3,9,37,operasional,train,0.0,0.0,0.0,0,0,0,53.8274544482547,0.0,0.0,0.0,0,0,0.0,0.0
TTL,2024-09-16,2024,3,9,38,operasional,train,0.0,0.0,0.0,0,0,0,53.8274544482547,0.0,0.0,0.0,1,0,0.0,0.0
TTL,2024-09-23,2024,3,9,39,operasional,train,0.0,0.0,0.0,0,0,0,53.8274544482547,0.0,0.0,0.0,1,0,0.0,0.0
TTL,2024-09-30,2024,3,9,40,operasional,train,0.0,0.0,0.0,0,0,0,53.8274544482547,0.0,0.0,0.0,0,1,0.0,0.0
TTL,2024-10-07,2024,4,10,41,operasional,train,0.0,0.0,0.0,0,0,0,53.8274544482547,0.0,0.0,0.0,1,0,0.0,0.0
TTL,2024-10-14,2024,4,10,42,operasional,train,0.0,0.0,0.0,0,0,0,53.8274544482547,0.0,0.0,0.0,0,0,0.0,0.0
TTL,2024-10-21,2024,4,10,43,tidak_tercatat,train,,,,0,0,0,53.8274544482547,,,,0,0,,
TTL,2024-10-28,2024,4,10,44,tidak_tercatat,train,,,,0,0,0,53.8274544482547,,,,0,0,,
TTL,2024-11-04,2024,4,11,45,tidak_tercatat,train,,,,0,0,0,53.8274544482547,,,,0,0,,
TTL,2024-11-11,2024,4,11,46,tidak_tercatat,train,,,,0,0,0,53.8274544482547,,,,0,0,,
TTL,2024-11-18,2024,4,11,47,tidak_tercatat,train,,,,0,0,0,53.8274544482547,,,,0,0,,
TTL,2024-11-25,2024,4,11,48,tidak_tercatat,train,,,,0,0,0,53.8274544482547,,,,0,0,,
TTL,2024-12-02,2024,4,12,49,tidak_tercatat,train,,,,0,0,0,53.8274544482547,,,,0,0,,
TTL,2024-12-09,2024,4,12,50,tidak_tercatat,train,,,,0,0,0,53.8274544482547,,,,0,0,,
TTL,2024-12-16,2024,4,12,51,tidak_tercatat,train,,,,0,0,0,53.8274544482547,,,,0,0,,
TTL,2024-12-23,2024,4,12,52,tidak_tercatat,train,,,,0,0,0,53.8274544482547,,,,0,0,,
TTL,2024-12-30,2024,4,12,1,tidak_tercatat,train,,,,0,0,0,53.8274544482547,,,,0,0,,
TTL,2025-01-06,2025,1,1,2,tidak_tercatat,train,,,,0,0,0,53.8274544482547,,,,0,0,,
TTL,2025-01-13,2025,1,1,3,tidak_tercatat,train,,,,0,0,0,53.8274544482547,,,,0,0,,
TTL,2025-01-20,2025,1,1,4,tidak_tercatat,train,,,,0,0,0,53.8274544482547,,,,0,0,,
TTL,2025-01-27,2025,1,1,5,operasional,train,0.0,0.0,0.0,0,0,0,53.8274544482547,0.0,0.0,0.0,0,0,0.0,0.0
TTL,2025-02-03,2025,1,2,6,operasional,train,0.0,0.0,0.0,0,0,0,53.8274544482547,0.0,0.0,0.0,0,0,0.0,0.0
TTL,2025-02-10,2025,1,2,7,operasional,train,0.0,0.0,0.0,0,0,0,53.8274544482547,0.0,0.0,0.0,0,0,0.0,0.0
TTL,2025-02-17,2025,1,2,8,operasional,train,0.0,0.0,0.0,0,0,0,53.8274544482547,0.0,0.0,0.0,0,0,0.0,0.0
TTL,2025-02-24,2025,1,2,9,operasional,train,0.0,0.0,0.0,0,0,0,53.8274544482547,0.0,0.0,0.0,0,0,0.0,0.0
TTL,2025-03-03,2025,1,3,10,tidak_tercatat,train,,,,0,0,0,53.8274544482547,,,,0,0,,
TTL,2025-03-10,2025,1,3,11,tidak_tercatat,train,,,,0,0,0,53.8274544482547,,,,0,0,,
TTL,2025-03-17,2025,1,3,12,tidak_tercatat,train,,,,0,0,0,53.8274544482547,,,,0,0,,
TTL,2025-03-24,2025,1,3,13,tidak_tercatat,train,,,,0,0,0,53.8274544482547,,,,0,0,,
TTL,2025-03-31,2025,1,3,14,tidak_tercatat,train,,,,0,0,0,53.8274544482547,,,,0,0,,
TTL,2025-04-07,2025,2,4,15,tidak_tercatat,train,,,,0,0,0,53.8274544482547,,,,0,0,,
TTL,2025-04-14,2025,2,4,16,operasional,train,0.0,0.0,0.0,0,0,0,53.8274544482547,0.0,0.0,0.0,0,0,0.0,0.0
TTL,2025-04-21,2025,2,4,17,operasional,train,0.0,0.0,0.0,0,0,0,53.8274544482547,0.0,0.0,0.0,0,0,0.0,0.0
TTL,2025-04-28,2025,2,4,18,operasional,train,0.0,0.0,0.0,0,0,0,53.8274544482547,0.0,0.0,0.0,0,0,0.0,0.0
TTL,2025-05-05,2025,2,5,19,operasional,train,0.0,0.0,0.0,0,0,0,53.8274544482547,0.0,0.0,0.0,0,0,0.0,0.0
TTL,2025-05-12,2025,2,5,20,operasional,train,0.0,0.0,0.0,0,0,0,53.8274544482547,0.0,0.0,0.0,0,0,0.0,0.0
TTL,2025-05-19,2025,2,5,21,operasional,train,0.0,0.0,0.0,0,0,0,53.8274544482547,0.0,0.0,0.0,0,0,0.0,0.0
TTL,2025-05-26,2025,2,5,22,operasional,train,0.0,0.0,0.0,0,0,0,53.8274544482547,0.0,0.0,0.0,0,0,0.0,0.0
TTL,2025-06-02,2025,2,6,23,operasional,train,0.0,0.0,0.0,0,0,0,53.8274544482547,0.0,0.0,0.0,0,0,0.0,0.0
TTL,2025-06-09,2025,2,6,24,operasional,train,0.0,0.0,0.0,0,0,0,53.8274544482547,0.0,0.0,0.0,1,1,0.0,0.0
TTL,2025-06-16,2025,2,6,25,operasional,train,0.0,0.0,0.0,0,0,0,53.8274544482547,0.0,0.0,0.0,0,0,0.0,0.0
TTL,2025-06-23,2025,2,6,26,operasional,train,0.0,0.0,0.0,0,0,0,53.8274544482547,0.0,0.0,0.0,1,1,0.0,0.0
TTL,2025-06-30,2025,2,6,27,operasional,train,0.0,0.0,0.0,0,0,0,53.8274544482547,0.0,0.0,0.0,0,0,0.0,0.0
TTL,2025-07-07,2025,3,7,28,operasional,train,0.0,0.0,0.0,0,0,0,53.8274544482547,0.0,0.0,0.0,0,0,0.0,0.0
TTL,2025-07-14,2025,3,7,29,operasional,train,0.0,0.0,0.0,0,0,0,53.8274544482547,0.0,0.0,0.0,0,0,0.0,0.0
TTL,2025-07-21,2025,3,7,30,operasional,train,0.0,0.0,0.0,0,0,0,53.8274544482547,0.0,0.0,0.0,0,0,0.0,0.0
TTL,2025-07-28,2025,3,7,31,operasional,train,0.0,0.0,0.0,0,0,0,53.8274544482547,0.0,0.0,0.0,0,0,0.0,0.0
TTL,2025-08-04,2025,3,8,32,operasional,train,0.0,0.0,0.0,0,0,0,53.8274544482547,0.0,0.0,0.0,0,0,0.0,0.0
TTL,2025-08-11,2025,3,8,33,operasional,train,0.0,0.0,0.0,0,0,0,53.8274544482547,0.0,0.0,0.0,1,0,0.0,0.0
TTL,2025-08-18,2025,3,8,34,operasional,train,0.0,0.0,0.0,0,0,0,53.8274544482547,0.0,0.0,0.0,0,0,0.0,0.0
TTL,2025-08-25,2025,3,8,35,operasional,train,0.0,0.0,0.0,0,0,0,53.8274544482547,0.0,0.0,0.0,0,0,0.0,0.0
TTL,2025-09-01,2025,3,9,36,operasional,train,0.0,0.0,0.0,0,0,0,53.8274544482547,0.0,0.0,0.0,0,0,0.0,0.0
TTL,2025-09-08,2025,3,9,37,operasional,train,0.0,0.0,0.0,0,0,0,53.8274544482547,0.0,0.0,0.0,0,0,0.0,0.0
TTL,2025-09-15,2025,3,9,38,operasional,train,0.0,0.0,0.0,0,0,0,53.8274544482547,0.0,0.0,0.0,0,0,0.0,0.0
TTL,2025-09-22,2025,3,9,39,operasional,train,0.0,0.0,0.0,0,0,0,53.8274544482547,0.0,0.0,0.0,0,1,0.0,0.0
TTL,2025-09-29,2025,3,9,40,operasional,train,0.0,0.0,0.0,0,0,0,53.8274544482547,0.0,0.0,0.0,0,0,0.0,0.0
TTL,2025-10-06,2025,4,10,41,operasional,train,0.0,0.0,0.0,0,0,0,53.8274544482547,0.0,0.0,0.0,0,0,0.0,0.0
TTL,2025-10-13,2025,4,10,42,operasional,train,0.0,0.0,0.0,0,0,0,53.8274544482547,0.0,0.0,0.0,0,0,0.0,0.0
TTL,2025-10-20,2025,4,10,43,operasional,train,0.0,0.0,0.0,0,0,0,53.8274544482547,0.0,0.0,0.0,0,0,0.0,0.0
TTL,2025-10-27,2025,4,10,44,operasional,train,0.0,0.0,0.0,0,0,0,53.8274544482547,0.0,0.0,0.0,0,0,0.0,0.0
TTL,2025-11-03,2025,4,11,45,operasional,train,0.0,0.0,0.0,0,0,0,53.8274544482547,0.0,0.0,0.0,0,0,0.0,0.0
TTL,2025-11-10,2025,4,11,46,operasional,train,0.0,0.0,0.0,0,0,0,53.8274544482547,0.0,0.0,0.0,0,0,0.0,0.0
TTL,2025-11-17,2025,4,11,47,operasional,train,0.0,0.0,0.0,0,0,0,53.8274544482547,0.0,0.0,0.0,0,0,0.0,0.0
TTL,2025-11-24,2025,4,11,48,operasional,train,0.0,0.0,0.0,0,0,0,53.8274544482547,0.0,0.0,0.0,0,0,0.0,0.0
TTL,2025-12-01,2025,4,12,49,operasional,train,7.0,7.0,2.0794415416798357,0,0,0,53.8274544482547,35000.0,1.0,1.0,1,0,51.0,1.0
TTL,2025-12-08,2025,4,12,50,operasional,train,0.0,0.0,0.0,0,0,0,53.8274544482547,0.0,0.0,0.0,0,0,0.0,0.0
TTL,2025-12-15,2025,4,12,51,operasional,train,0.0,0.0,0.0,0,0,0,53.8274544482547,0.0,0.0,0.0,0,0,0.0,0.0
TTL,2025-12-22,2025,4,12,52,operasional,train,0.0,0.0,0.0,0,0,0,53.8274544482547,0.0,0.0,0.0,0,0,0.0,0.0
TTL,2025-12-29,2025,4,12,1,operasional,train,0.0,0.0,0.0,0,0,0,53.8274544482547,0.0,0.0,0.0,0,0,0.0,0.0
TTL,2026-01-05,2026,1,1,2,operasional,train,0.0,0.0,0.0,0,0,0,53.8274544482547,0.0,0.0,0.0,0,0,0.0,0.0
TTL,2026-01-12,2026,1,1,3,operasional,train,0.0,0.0,0.0,0,0,0,53.8274544482547,0.0,0.0,0.0,0,0,0.0,0.0
TTL,2026-01-19,2026,1,1,4,operasional,train,0.0,0.0,0.0,0,0,0,53.8274544482547,0.0,0.0,0.0,0,0,0.0,0.0
TTL,2026-01-26,2026,1,1,5,operasional,train,0.0,0.0,0.0,0,0,0,53.8274544482547,0.0,0.0,0.0,0,0,0.0,0.0
TTL,2026-02-02,2026,1,2,6,operasional,train,0.0,0.0,0.0,0,0,0,53.8274544482547,0.0,0.0,0.0,1,0,0.0,0.0
TTL,2026-02-09,2026,1,2,7,operasional,train,0.0,0.0,0.0,0,0,0,53.8274544482547,0.0,0.0,0.0,0,0,0.0,0.0
TTL,2026-02-16,2026,1,2,8,operasional,train,0.0,0.0,0.0,0,0,0,53.8274544482547,0.0,0.0,0.0,0,0,0.0,0.0
TTL,2026-02-23,2026,1,2,9,operasional,train,0.0,0.0,0.0,0,0,0,53.8274544482547,0.0,0.0,0.0,0,0,0.0,0.0
TTL,2026-03-02,2026,1,3,10,operasional,train,0.0,0.0,0.0,0,0,0,53.8274544482547,0.0,0.0,0.0,0,0,0.0,0.0
TTL,2026-03-09,2026,1,3,11,operasional,train,0.0,0.0,0.0,0,0,0,53.8274544482547,0.0,0.0,0.0,0,0,0.0,0.0
TTL,2026-03-16,2026,1,3,12,operasional,train,0.0,0.0,0.0,0,0,0,53.8274544482547,0.0,0.0,0.0,1,0,0.0,0.0
TTL,2026-03-23,2026,1,3,13,operasional,train,0.0,0.0,0.0,0,0,0,53.8274544482547,0.0,0.0,0.0,0,0,0.0,0.0
TTL,2026-03-30,2026,1,3,14,operasional,train,0.0,0.0,0.0,0,0,0,53.8274544482547,0.0,0.0,0.0,1,0,0.0,0.0
TTL,2026-04-06,2026,2,4,15,operasional,test,0.0,0.0,0.0,0,0,0,53.8274544482547,0.0,0.0,0.0,0,0,0.0,0.0
TTL,2026-04-13,2026,2,4,16,operasional,test,0.0,0.0,0.0,0,0,0,53.8274544482547,0.0,0.0,0.0,0,1,0.0,0.0
TTL,2026-04-20,2026,2,4,17,operasional,test,0.0,0.0,0.0,0,0,0,53.8274544482547,0.0,0.0,0.0,0,0,0.0,0.0
TTL,2026-04-27,2026,2,4,18,operasional,test,0.0,0.0,0.0,0,0,0,53.8274544482547,0.0,0.0,0.0,0,0,0.0,0.0
TTL,2026-05-04,2026,2,5,19,operasional,test,4.0,4.0,1.6094379124341003,0,0,0,53.8274544482547,20000.0,1.0,1.0,1,0,0.0,0.0
TTL,2026-05-11,2026,2,5,20,operasional,test,11.0,11.0,2.4849066497880004,0,0,0,53.8274544482547,55000.0,1.0,1.0,0,1,0.0,0.0
TTL,2026-05-18,2026,2,5,21,operasional,test,0.0,0.0,0.0,0,0,0,53.8274544482547,0.0,0.0,0.0,0,0,0.0,0.0
TTL,2026-05-25,2026,2,5,22,operasional,test,0.0,0.0,0.0,0,0,0,53.8274544482547,0.0,0.0,0.0,0,0,0.0,0.0
TTL,2026-06-01,2026,2,6,23,operasional,test,0.0,0.0,0.0,0,0,0,53.8274544482547,0.0,0.0,0.0,0,0,0.0,0.0
TTL,2026-06-08,2026,2,6,24,operasional,test,0.0,0.0,0.0,0,0,0,53.8274544482547,0.0,0.0,0.0,0,0,0.0,0.0
TTL,2026-06-15,2026,2,6,25,operasional,test,0.0,0.0,0.0,0,0,0,53.8274544482547,0.0,0.0,0.0,0,0,0.0,0.0
TTL,2026-06-22,2026,2,6,26,operasional,test,4.0,4.0,1.6094379124341003,0,0,0,53.8274544482547,20000.0,1.0,1.0,1,0,0.0,0.0
TTL,2026-06-29,2026,2,6,27,operasional,test,2.0,2.0,1.0986122886681096,0,0,0,53.8274544482547,10000.0,1.0,1.0,0,1,0.0,0.0
TTL,2026-07-06,2026,3,7,28,operasional,test,0.0,0.0,0.0,0,0,0,53.8274544482547,0.0,0.0,0.0,0,0,0.0,0.0
TTL,2026-07-13,2026,3,7,29,operasional,test,0.0,0.0,0.0,0,0,0,53.8274544482547,0.0,0.0,0.0,0,0,0.0,0.0
TTL,2026-07-20,2026,3,7,30,operasional,test,0.0,0.0,0.0,0,0,0,53.8274544482547,0.0,0.0,0.0,1,1,0.0,0.0
TTL,2026-07-27,2026,3,7,31,operasional,test,0.0,0.0,0.0,0,0,0,53.8274544482547,0.0,0.0,0.0,0,0,0.0,0.0
TTL,2026-08-03,2026,3,8,32,operasional,test,0.0,0.0,0.0,0,0,0,53.8274544482547,0.0,0.0,0.0,0,0,0.0,0.0
TTL,2026-08-10,2026,3,8,33,operasional,test,0.0,0.0,0.0,0,0,0,53.8274544482547,0.0,0.0,0.0,0,1,0.0,0.0
TTL,2026-08-17,2026,3,8,34,operasional,test,0.0,0.0,0.0,0,0,0,53.8274544482547,0.0,0.0,0.0,0,1,0.0,0.0
TTL,2026-08-24,2026,3,8,35,operasional,test,9.0,9.0,2.302585092994046,0,0,0,53.8274544482547,45000.0,1.0,1.0,1,0,0.0,0.0
TTL,2026-08-31,2026,3,8,36,operasional,test,4.0,4.0,1.6094379124341003,0,0,0,53.8274544482547,20000.0,1.0,1.0,0,1,0.0,0.0
TTL,2026-09-07,2026,3,9,37,operasional,test,0.0,0.0,0.0,0,0,0,53.8274544482547,0.0,0.0,0.0,0,0,0.0,0.0
TTL,2026-09-14,2026,3,9,38,operasional,test,0.0,0.0,0.0,0,0,0,53.8274544482547,0.0,0.0,0.0,1,1,0.0,0.0
TTL,2026-09-21,2026,3,9,39,operasional,test,0.0,0.0,0.0,0,0,0,53.8274544482547,0.0,0.0,0.0,0,0,0.0,0.0
URE,2024-01-01,2024,1,1,1,sebelum_produk_dijual,train,,,,0,0,0,,,,,1,0,,
URE,2024-01-08,2024,1,1,2,sebelum_produk_dijual,train,,,,0,0,0,,,,,1,0,,
URE,2024-01-15,2024,1,1,3,sebelum_produk_dijual,train,,,,0,0,0,,,,,0,0,,
URE,2024-01-22,2024,1,1,4,sebelum_produk_dijual,train,,,,0,0,0,,,,,0,0,,
URE,2024-01-29,2024,1,1,5,sebelum_produk_dijual,train,,,,0,0,0,,,,,0,0,,
URE,2024-02-05,2024,1,2,6,sebelum_produk_dijual,train,,,,0,0,0,,,,,1,0,,
URE,2024-02-12,2024,1,2,7,sebelum_produk_dijual,train,,,,0,0,0,,,,,1,0,,
URE,2024-02-19,2024,1,2,8,sebelum_produk_dijual,train,,,,0,0,0,,,,,0,0,,
URE,2024-02-26,2024,1,2,9,sebelum_produk_dijual,train,,,,0,0,0,,,,,1,0,,
URE,2024-03-04,2024,1,3,10,sebelum_produk_dijual,train,,,,0,0,0,,,,,0,0,,
URE,2024-03-11,2024,1,3,11,sebelum_produk_dijual,train,,,,0,0,0,,,,,1,0,,
URE,2024-03-18,2024,1,3,12,sebelum_produk_dijual,train,,,,0,0,0,,,,,1,0,,
URE,2024-03-25,2024,1,3,13,sebelum_produk_dijual,train,,,,0,0,0,,,,,0,1,,
URE,2024-04-01,2024,2,4,14,sebelum_produk_dijual,train,,,,0,0,0,,,,,1,0,,
URE,2024-04-08,2024,2,4,15,sebelum_produk_dijual,train,,,,0,0,0,,,,,0,0,,
URE,2024-04-15,2024,2,4,16,sebelum_produk_dijual,train,,,,0,0,0,,,,,1,0,,
URE,2024-04-22,2024,2,4,17,sebelum_produk_dijual,train,,,,0,0,0,,,,,1,0,,
URE,2024-04-29,2024,2,4,18,sebelum_produk_dijual,train,,,,0,0,0,,,,,0,1,,
URE,2024-05-06,2024,2,5,19,sebelum_produk_dijual,train,,,,0,0,0,,,,,1,0,,
URE,2024-05-13,2024,2,5,20,sebelum_produk_dijual,train,,,,0,0,0,,,,,0,0,,
URE,2024-05-20,2024,2,5,21,sebelum_produk_dijual,train,,,,0,0,0,,,,,0,1,,
URE,2024-05-27,2024,2,5,22,sebelum_produk_dijual,train,,,,0,0,0,,,,,0,0,,
URE,2024-06-03,2024,2,6,23,sebelum_produk_dijual,train,,,,0,0,0,,,,,0,1,,
URE,2024-06-10,2024,2,6,24,sebelum_produk_dijual,train,,,,0,0,0,,,,,0,1,,
URE,2024-06-17,2024,2,6,25,sebelum_produk_dijual,train,,,,0,0,0,,,,,1,1,,
URE,2024-06-24,2024,2,6,26,sebelum_produk_dijual,train,,,,0,0,0,,,,,1,1,,
URE,2024-07-01,2024,3,7,27,sebelum_produk_dijual,train,,,,0,0,0,,,,,0,1,,
URE,2024-07-08,2024,3,7,28,sebelum_produk_dijual,train,,,,0,0,0,,,,,0,0,,
URE,2024-07-15,2024,3,7,29,sebelum_produk_dijual,train,,,,0,0,0,,,,,0,1,,
URE,2024-07-22,2024,3,7,30,sebelum_produk_dijual,train,,,,0,0,0,,,,,0,0,,
URE,2024-07-29,2024,3,7,31,sebelum_produk_dijual,train,,,,0,0,0,,,,,1,0,,
URE,2024-08-05,2024,3,8,32,sebelum_produk_dijual,train,,,,0,0,0,,,,,0,0,,
URE,2024-08-12,2024,3,8,33,sebelum_produk_dijual,train,,,,0,0,0,,,,,1,0,,
URE,2024-08-19,2024,3,8,34,sebelum_produk_dijual,train,,,,0,0,0,,,,,1,0,,
URE,2024-08-26,2024,3,8,35,sebelum_produk_dijual,train,,,,0,0,0,,,,,0,1,,
URE,2024-09-02,2024,3,9,36,sebelum_produk_dijual,train,,,,0,0,0,,,,,1,0,,
URE,2024-09-09,2024,3,9,37,sebelum_produk_dijual,train,,,,0,0,0,,,,,0,0,,
URE,2024-09-16,2024,3,9,38,sebelum_produk_dijual,train,,,,0,0,0,,,,,1,0,,
URE,2024-09-23,2024,3,9,39,sebelum_produk_dijual,train,,,,0,0,0,,,,,1,0,,
URE,2024-09-30,2024,3,9,40,sebelum_produk_dijual,train,,,,0,0,0,,,,,0,1,,
URE,2024-10-07,2024,4,10,41,sebelum_produk_dijual,train,,,,0,0,0,,,,,1,0,,
URE,2024-10-14,2024,4,10,42,sebelum_produk_dijual,train,,,,0,0,0,,,,,0,0,,
URE,2024-10-21,2024,4,10,43,tidak_tercatat,train,,,,0,0,0,,,,,0,0,,
URE,2024-10-28,2024,4,10,44,tidak_tercatat,train,,,,0,0,0,,,,,0,0,,
URE,2024-11-04,2024,4,11,45,tidak_tercatat,train,,,,0,0,0,,,,,0,0,,
URE,2024-11-11,2024,4,11,46,tidak_tercatat,train,,,,0,0,0,,,,,0,0,,
URE,2024-11-18,2024,4,11,47,tidak_tercatat,train,,,,0,0,0,,,,,0,0,,
URE,2024-11-25,2024,4,11,48,tidak_tercatat,train,,,,0,0,0,,,,,0,0,,
URE,2024-12-02,2024,4,12,49,tidak_tercatat,train,,,,0,0,0,,,,,0,0,,
URE,2024-12-09,2024,4,12,50,tidak_tercatat,train,,,,0,0,0,,,,,0,0,,
URE,2024-12-16,2024,4,12,51,tidak_tercatat,train,,,,0,0,0,,,,,0,0,,
URE,2024-12-23,2024,4,12,52,tidak_tercatat,train,,,,0,0,0,,,,,0,0,,
URE,2024-12-30,2024,4,12,1,tidak_tercatat,train,,,,0,0,0,,,,,0,0,,
URE,2025-01-06,2025,1,1,2,tidak_tercatat,train,,,,0,0,0,,,,,0,0,,
URE,2025-01-13,2025,1,1,3,tidak_tercatat,train,,,,0,0,0,,,,,0,0,,
URE,2025-01-20,2025,1,1,4,tidak_tercatat,train,,,,0,0,0,,,,,0,0,,
URE,2025-01-27,2025,1,1,5,sebelum_produk_dijual,train,,,,0,0,0,,,,,0,0,,
URE,2025-02-03,2025,1,2,6,sebelum_produk_dijual,train,,,,0,0,0,,,,,0,0,,
URE,2025-02-10,2025,1,2,7,sebelum_produk_dijual,train,,,,0,0,0,,,,,0,0,,
URE,2025-02-17,2025,1,2,8,sebelum_produk_dijual,train,,,,0,0,0,,,,,0,0,,
URE,2025-02-24,2025,1,2,9,sebelum_produk_dijual,train,,,,0,0,0,,,,,0,0,,
URE,2025-03-03,2025,1,3,10,tidak_tercatat,train,,,,0,0,0,,,,,0,0,,
URE,2025-03-10,2025,1,3,11,tidak_tercatat,train,,,,0,0,0,,,,,0,0,,
URE,2025-03-17,2025,1,3,12,tidak_tercatat,train,,,,0,0,0,,,,,0,0,,
URE,2025-03-24,2025,1,3,13,tidak_tercatat,train,,,,0,0,0,,,,,0,0,,
URE,2025-03-31,2025,1,3,14,tidak_tercatat,train,,,,0,0,0,,,,,0,0,,
URE,2025-04-07,2025,2,4,15,tidak_tercatat,train,,,,0,0,0,,,,,0,0,,
URE,2025-04-14,2025,2,4,16,sebelum_produk_dijual,train,,,,0,0,0,,,,,0,0,,
URE,2025-04-21,2025,2,4,17,sebelum_produk_dijual,train,,,,0,0,0,,,,,0,0,,
URE,2025-04-28,2025,2,4,18,sebelum_produk_dijual,train,,,,0,0,0,,,,,0,0,,
URE,2025-05-05,2025,2,5,19,sebelum_produk_dijual,train,,,,0,0,0,,,,,0,0,,
URE,2025-05-12,2025,2,5,20,sebelum_produk_dijual,train,,,,0,0,0,,,,,0,0,,
URE,2025-05-19,2025,2,5,21,sebelum_produk_dijual,train,,,,0,0,0,,,,,0,0,,
URE,2025-05-26,2025,2,5,22,sebelum_produk_dijual,train,,,,0,0,0,,,,,0,0,,
URE,2025-06-02,2025,2,6,23,sebelum_produk_dijual,train,,,,0,0,0,,,,,0,0,,
URE,2025-06-09,2025,2,6,24,sebelum_produk_dijual,train,,,,0,0,0,,,,,1,1,,
URE,2025-06-16,2025,2,6,25,sebelum_produk_dijual,train,,,,0,0,0,,,,,0,0,,
URE,2025-06-23,2025,2,6,26,sebelum_produk_dijual,train,,,,0,0,0,,,,,1,1,,
URE,2025-06-30,2025,2,6,27,sebelum_produk_dijual,train,,,,0,0,0,,,,,0,0,,
URE,2025-07-07,2025,3,7,28,sebelum_produk_dijual,train,,,,0,0,0,,,,,0,0,,
URE,2025-07-14,2025,3,7,29,sebelum_produk_dijual,train,,,,0,0,0,,,,,0,0,,
URE,2025-07-21,2025,3,7,30,sebelum_produk_dijual,train,,,,0,0,0,,,,,0,0,,
URE,2025-07-28,2025,3,7,31,sebelum_produk_dijual,train,,,,0,0,0,,,,,0,0,,
URE,2025-08-04,2025,3,8,32,sebelum_produk_dijual,train,,,,0,0,0,,,,,0,0,,
URE,2025-08-11,2025,3,8,33,operasional,train,4.0,4.0,1.6094379124341003,0,0,0,,20000.0,1.0,1.0,1,0,5.0,1.0
URE,2025-08-18,2025,3,8,34,operasional,train,0.0,0.0,0.0,0,0,0,,0.0,0.0,0.0,0,0,0.0,0.0
URE,2025-08-25,2025,3,8,35,operasional,train,0.0,0.0,0.0,0,0,0,,0.0,0.0,0.0,0,0,0.0,0.0
URE,2025-09-01,2025,3,9,36,operasional,train,0.0,0.0,0.0,0,0,0,,0.0,0.0,0.0,0,0,0.0,0.0
URE,2025-09-08,2025,3,9,37,operasional,train,0.0,0.0,0.0,0,0,0,,0.0,0.0,0.0,0,0,0.0,0.0
URE,2025-09-15,2025,3,9,38,operasional,train,0.0,0.0,0.0,0,0,0,,0.0,0.0,0.0,0,0,0.0,0.0
URE,2025-09-22,2025,3,9,39,operasional,train,0.0,0.0,0.0,0,0,0,,0.0,0.0,0.0,0,1,0.0,0.0
URE,2025-09-29,2025,3,9,40,operasional,train,0.0,0.0,0.0,0,0,0,,0.0,0.0,0.0,0,0,0.0,0.0
URE,2025-10-06,2025,4,10,41,operasional,train,0.0,0.0,0.0,0,0,0,,0.0,0.0,0.0,0,0,0.0,0.0
URE,2025-10-13,2025,4,10,42,operasional,train,0.0,0.0,0.0,0,0,0,,0.0,0.0,0.0,0,0,0.0,0.0
URE,2025-10-20,2025,4,10,43,operasional,train,0.0,0.0,0.0,0,0,0,,0.0,0.0,0.0,0,0,0.0,0.0
URE,2025-10-27,2025,4,10,44,operasional,train,0.0,0.0,0.0,0,0,0,,0.0,0.0,0.0,0,0,0.0,0.0
URE,2025-11-03,2025,4,11,45,operasional,train,0.0,0.0,0.0,0,0,0,,0.0,0.0,0.0,0,0,0.0,0.0
URE,2025-11-10,2025,4,11,46,operasional,train,0.0,0.0,0.0,0,0,0,,0.0,0.0,0.0,0,0,0.0,0.0
URE,2025-11-17,2025,4,11,47,operasional,train,0.0,0.0,0.0,0,0,0,,0.0,0.0,0.0,0,0,0.0,0.0
URE,2025-11-24,2025,4,11,48,operasional,train,0.0,0.0,0.0,0,0,0,,0.0,0.0,0.0,0,0,0.0,0.0
URE,2025-12-01,2025,4,12,49,operasional,train,0.0,0.0,0.0,0,0,0,,0.0,0.0,0.0,1,0,0.0,0.0
URE,2025-12-08,2025,4,12,50,operasional,train,0.0,0.0,0.0,0,0,0,,0.0,0.0,0.0,0,0,0.0,0.0
URE,2025-12-15,2025,4,12,51,operasional,train,0.0,0.0,0.0,0,0,0,,0.0,0.0,0.0,0,0,0.0,0.0
URE,2025-12-22,2025,4,12,52,operasional,train,0.0,0.0,0.0,0,0,0,,0.0,0.0,0.0,0,0,0.0,0.0
URE,2025-12-29,2025,4,12,1,operasional,train,0.0,0.0,0.0,0,0,0,,0.0,0.0,0.0,0,0,0.0,0.0
URE,2026-01-05,2026,1,1,2,operasional,train,0.0,0.0,0.0,0,0,0,,0.0,0.0,0.0,0,0,0.0,0.0
URE,2026-01-12,2026,1,1,3,operasional,train,0.0,0.0,0.0,0,0,0,,0.0,0.0,0.0,0,0,0.0,0.0
URE,2026-01-19,2026,1,1,4,operasional,train,0.0,0.0,0.0,0,0,0,,0.0,0.0,0.0,0,0,0.0,0.0
URE,2026-01-26,2026,1,1,5,operasional,train,0.0,0.0,0.0,0,0,0,,0.0,0.0,0.0,0,0,0.0,0.0
URE,2026-02-02,2026,1,2,6,operasional,train,0.0,0.0,0.0,0,0,0,,0.0,0.0,0.0,1,0,0.0,0.0
URE,2026-02-09,2026,1,2,7,operasional,train,0.0,0.0,0.0,0,0,0,,0.0,0.0,0.0,0,0,0.0,0.0
URE,2026-02-16,2026,1,2,8,operasional,train,0.0,0.0,0.0,0,0,0,,0.0,0.0,0.0,0,0,0.0,0.0
URE,2026-02-23,2026,1,2,9,operasional,train,0.0,0.0,0.0,0,0,0,,0.0,0.0,0.0,0,0,0.0,0.0
URE,2026-03-02,2026,1,3,10,operasional,train,0.0,0.0,0.0,0,0,0,,0.0,0.0,0.0,0,0,0.0,0.0
URE,2026-03-09,2026,1,3,11,operasional,train,0.0,0.0,0.0,0,0,0,,0.0,0.0,0.0,0,0,0.0,0.0
URE,2026-03-16,2026,1,3,12,operasional,train,0.0,0.0,0.0,0,0,0,,0.0,0.0,0.0,1,0,0.0,0.0
URE,2026-03-23,2026,1,3,13,operasional,train,0.0,0.0,0.0,0,0,0,,0.0,0.0,0.0,0,0,0.0,0.0
URE,2026-03-30,2026,1,3,14,operasional,train,0.0,0.0,0.0,0,0,0,,0.0,0.0,0.0,1,0,0.0,0.0
URE,2026-04-06,2026,2,4,15,operasional,test,0.0,0.0,0.0,0,0,0,,0.0,0.0,0.0,0,0,0.0,0.0
URE,2026-04-13,2026,2,4,16,operasional,test,0.0,0.0,0.0,0,0,0,,0.0,0.0,0.0,0,1,0.0,0.0
URE,2026-04-20,2026,2,4,17,operasional,test,0.0,0.0,0.0,0,0,0,,0.0,0.0,0.0,0,0,0.0,0.0
URE,2026-04-27,2026,2,4,18,operasional,test,0.0,0.0,0.0,0,0,0,,0.0,0.0,0.0,0,0,0.0,0.0
URE,2026-05-04,2026,2,5,19,operasional,test,0.0,0.0,0.0,0,0,0,,0.0,0.0,0.0,1,0,0.0,0.0
URE,2026-05-11,2026,2,5,20,operasional,test,0.0,0.0,0.0,0,0,0,,0.0,0.0,0.0,0,1,0.0,0.0
URE,2026-05-18,2026,2,5,21,operasional,test,0.0,0.0,0.0,0,0,0,,0.0,0.0,0.0,0,0,0.0,0.0
URE,2026-05-25,2026,2,5,22,operasional,test,0.0,0.0,0.0,0,0,0,,0.0,0.0,0.0,0,0,0.0,0.0
URE,2026-06-01,2026,2,6,23,operasional,test,0.0,0.0,0.0,0,0,0,,0.0,0.0,0.0,0,0,0.0,0.0
URE,2026-06-08,2026,2,6,24,operasional,test,0.0,0.0,0.0,0,0,0,,0.0,0.0,0.0,0,0,0.0,0.0
URE,2026-06-15,2026,2,6,25,operasional,test,0.0,0.0,0.0,0,0,0,,0.0,0.0,0.0,0,0,0.0,0.0
URE,2026-06-22,2026,2,6,26,operasional,test,0.0,0.0,0.0,0,0,0,,0.0,0.0,0.0,1,0,0.0,0.0
URE,2026-06-29,2026,2,6,27,operasional,test,0.0,0.0,0.0,0,0,0,,0.0,0.0,0.0,0,1,0.0,0.0
URE,2026-07-06,2026,3,7,28,operasional,test,0.0,0.0,0.0,0,0,0,,0.0,0.0,0.0,0,0,0.0,0.0
URE,2026-07-13,2026,3,7,29,operasional,test,0.0,0.0,0.0,0,0,0,,0.0,0.0,0.0,0,0,0.0,0.0
URE,2026-07-20,2026,3,7,30,operasional,test,0.0,0.0,0.0,0,0,0,,0.0,0.0,0.0,1,1,0.0,0.0
URE,2026-07-27,2026,3,7,31,operasional,test,0.0,0.0,0.0,0,0,0,,0.0,0.0,0.0,0,0,0.0,0.0
URE,2026-08-03,2026,3,8,32,operasional,test,0.0,0.0,0.0,0,0,0,,0.0,0.0,0.0,0,0,0.0,0.0
URE,2026-08-10,2026,3,8,33,operasional,test,0.0,0.0,0.0,0,0,0,,0.0,0.0,0.0,0,1,0.0,0.0
URE,2026-08-17,2026,3,8,34,operasional,test,0.0,0.0,0.0,0,0,0,,0.0,0.0,0.0,0,1,0.0,0.0
URE,2026-08-24,2026,3,8,35,operasional,test,0.0,0.0,0.0,0,0,0,,0.0,0.0,0.0,1,0,0.0,0.0
URE,2026-08-31,2026,3,8,36,operasional,test,0.0,0.0,0.0,0,0,0,,0.0,0.0,0.0,0,1,0.0,0.0
URE,2026-09-07,2026,3,9,37,operasional,test,0.0,0.0,0.0,0,0,0,,0.0,0.0,0.0,0,0,0.0,0.0
URE,2026-09-14,2026,3,9,38,operasional,test,0.0,0.0,0.0,0,0,0,,0.0,0.0,0.0,1,1,0.0,0.0
URE,2026-09-21,2026,3,9,39,operasional,test,0.0,0.0,0.0,0,0,0,,0.0,0.0,0.0,0,0,0.0,0.0
